path,blob,sha256,handling,review
.clang-format,d9179449defa378aba086066011972238b904c36,b081bdcbcc7d0bb66d26bec2a753a2b3fe0efed4dc89c4f77dc14f15438c5d06,retained-unmodified-source,individual-semantic-review-pending
.clang-tidy,c93335b735d2887057c76d36e95a70b7e8fda01e,1b44bf105f0a6e9e2d09d5d38622dec6a358b68492b6307ca46cdde73c1d493d,retained-unmodified-source,individual-semantic-review-pending
.github/actions/ccache-proxy/action.yml,a3c0fc5844101ed47c7b4e668f5dc35ce5667bb2,84fc2ed23f79c315c9efae0e3238961e848233b02f89317a35858a0fdbc9bd9d,retained-unmodified-source,individual-semantic-review-pending
.github/actions/create-package/action.yml,42202f658f9688ce4b954f112774daa819301475,7b197582913434932d0a0a9f06b9c0876908b233dc765a10a3483567f57048d2,retained-unmodified-source,individual-semantic-review-pending
.github/actions/test-installed-package/action.yml,ca2f4c0dd4a8498e2c2df6c9a18a5d144b22109d,18d16e98fe4d8b037a1a1641b543cf8fdcf9c148d5b3a0b2e432eb5a485a4f97,retained-unmodified-source,individual-semantic-review-pending
.github/actions/test-package/action.yml,1af2b5157da16e4a8688cabbd86466848b7bd5e9,46fc5bf176f7a3d647c023e0429848a58602c91ebcc3a56ac4e231df3b0d8e7f,retained-unmodified-source,individual-semantic-review-pending
.github/prune-all-caches.sh,a3b59ca44c745f03c1e1ccc38bfd6553399abb5d,773db20312f934dfff89a9f55be38a485eeda768b3960cd14c5d66746a121b37,retained-unmodified-source,individual-semantic-review-pending
.github/prune-caches.sh,6ec91b5abcf0342bc33ce681bbeffe61ce15fe61,62f1c997cbbe2f826df78b4467ee7aeebe2438c19bf9b8ad6efd849999e6a9c3,retained-unmodified-source,individual-semantic-review-pending
.github/workflows/check-build-test.yml,e4779fee484eb5b80d0e149f8b790075b9459d65,d3b302254a9e39584993e35380448c80dcbb1f57ac1aced080ae024a30fd67a2,retained-unmodified-source,individual-semantic-review-pending
.github/workflows/package-installer.yml,adae15aa873aad5bf812901cab4c4d24263e0302,3d8a5389903c7475ef2737f6dadf3154ebda2797341a8a176c0936aea539b65f,retained-unmodified-source,individual-semantic-review-pending
.github/workflows/prune-caches.yml,b9d1f6958f6e9bdde5106cf3243910b719302ddb,8ed6019ee4652179b51edecde35aba9bfe65687003d2dc1bf6a3ea330682303a,retained-unmodified-source,individual-semantic-review-pending
.github/workflows/release.yml,ab144950eaec375abad8e7f381d8ab12c073d2c7,5a29a9fb819adb22966392ff49ea0b81c3253d1ed98bd1608b06985edcea1170,retained-unmodified-source,individual-semantic-review-pending
.github/workflows/sonar.yml,ca69b2ec39023f3d228493deadfff14e3cff43e0,a44e7238ad65e6571030f841914277c9bd05ed7b04a5485fdb28395f5c4975e3,retained-unmodified-source,individual-semantic-review-pending
.gitignore,685550fbf5628e3865b5cfa239e717f214275bc3,66d2dc18b5b7e3d9a31d80056e10749621bf2e87e9204fc049ec861e3cc28574,retained-unmodified-source,individual-semantic-review-pending
.gitlab-ci.yml,8297ac9b72b607040ace421883e40e93163ba312,666f5b9edcc220a55d537b3a8627b4d55f475b94942338bb9cb1bdee1a75def4,retained-unmodified-source,individual-semantic-review-pending
CMakeLists.txt,d324de5bc44138ac126670d55220da43b224e008,e04f14f70ee7a52e1979d1711602b4265672217ecaace2a791a85b507d50fcf3,retained-unmodified-source,layout-and-build-contract-reviewed
CODE_OF_CONDUCT.md,356f65d279be6a0c91bf92a40c5cfb28f20b53ec,57dd443eb1da5189f84784d85626f3339c4278d589238843ea00e2a5fa9419a5,retained-unmodified-source,individual-semantic-review-pending
LICENSE.txt,5e46c7c1afc5eea9b87085f0894208c1c3881157,0cbee160f6ab2a259f832b10f9b0bb4ef6d40aa77014c71610001237d88a4b51,retained-unmodified-source,layout-and-build-contract-reviewed
LICENSE_GPL_v2.txt,d511905c1647a1e311e8b20d5930a37a9c2531cd,ab15fd526bd8dd18a9e77ebc139656bf4d33e97fc7238cd11bf60e2b9b8666c6,retained-unmodified-source,layout-and-build-contract-reviewed
LICENSE_GPL_v3.txt,94a9ed024d3859793618152ea559a168bbcbb5e2,8ceb4b9ee5adedde47b31e975c1d90c73ad27b6b165a1dcd80c7c545eb65b903,retained-unmodified-source,layout-and-build-contract-reviewed
README.md,a47fedcd9b91879067fe82b892f2e76b4041a3d2,bd8838a37038e6e953ba450941cc2b793c4e42cd51cec3e91aea5fb158aa1ecd,retained-unmodified-source,individual-semantic-review-pending
cmake/FindLibbfd.cmake,71d25d72fefa60dbea5c76f590786f76999986d2,0f94d0cec33e4d55a6091761b0f0d6bc87906cd9e58155fad64a0917b4494e7b,retained-unmodified-source,individual-semantic-review-pending
cmake/FindLibdw.cmake,220acdf8816ca0e0c2cbc96d54710fdec6aaf1fc,ed2b7f50d2c8e0081e2b392cc5cd48ccb3b5e722e22d5fd83a2dc9fe4b4f73ec,retained-unmodified-source,individual-semantic-review-pending
cmake/FindLibunwind.cmake,290263d786640506de2cd58b1ace79a99f25f67a,8783bd9066cf53218d0fd06ed80255990dd0064664293c631cebf9c50ccdd69a,retained-unmodified-source,individual-semantic-review-pending
cmake/check-cpu-macros.cmake,773591afe683abfc5ed34a77606fce4858b7754b,d3685728ab089afa3ef5ce807404fb5e55f3844690ad887d3084cd0bb7fc53ba,retained-unmodified-source,individual-semantic-review-pending
cmake/check-pretty-function.cmake,d066f42a83230fad9b822a593d543abf2f812592,0461c4bfe29d7831fd57b94131b3f8dca2d32c9fe0a2295c886b3ab78e88f3b4,retained-unmodified-source,individual-semantic-review-pending
cmake/check-sse3.cmake,4448c65120808ab81696cc8b7aff0eb2d738cc11,eeb382860ab05c8610685c2736ec4572911a3ad7b71d7895a8e89fb83ed2e6a8,retained-unmodified-source,individual-semantic-review-pending
cmake/coin.cmake,e607370c6affdc4fa2a39232ab1b25880ec57a35,336bc04e394f37214050ac51479fbaab45439e83e1a27d7d6eb2551768b9fddb,retained-unmodified-source,layout-and-build-contract-reviewed
cmake/compiler-specifics.cmake,b0c7e4b59d9e25ad416571bc58885e1fe9599a3e,f1a8f30038e0aa13d8bec0d61b2f08e1f9ce930f2b9c2ee673c4b52396c8fd71,retained-unmodified-source,individual-semantic-review-pending
cmake/config_autogen.h.in,844c80a8fee1980b23ae7459338ee41ea5b2e889,53bb49b0ad1ea23e7ec548ba666c11fd1ac4c29a6ddbd9f3925d537fe177a53c,retained-unmodified-source,individual-semantic-review-pending
cmake/doc.cmake,f65c73e25aa38adba1de1da0635c29f36eede461,a2456fe4a9d0ab7f468d4c90e3dcb084393043af6ce9b57bde4f9b456d97a714,retained-unmodified-source,individual-semantic-review-pending
cmake/examples.cmake,3a2631ef3178a5eaf5e7448ea31ef724e7f3594d,122b964302914d3672c63ed7547bec4b6d59483b5d4ae79aa749df5d653f8935,retained-unmodified-source,individual-semantic-review-pending
cmake/group-files.cmake,de29547f82da6d5e81ff3bab18c98bfff01fc962,58a9033ba1fdfbf445d957cac9a84dc21ed801c70219fa95217db54da68b342f,retained-unmodified-source,individual-semantic-review-pending
cmake/make-user-target.cmake,0fadd5c292dd441e6b46d7f80b3c7d72011d12c1,8bbdeb2331a56a05489ec88b9bfdf0fcb4da07d78a5d4ccb13a6dd48498be2aa,retained-unmodified-source,individual-semantic-review-pending
cmake/ogdf-config.cmake.in,8f7899e6c65cb63d673bcc613165297dd3ecda53,73c500a300cd5a190a4cc5b5f4bc908eaeba1aba2cfaf652d9b14e8277266f3b,retained-unmodified-source,individual-semantic-review-pending
cmake/ogdf.cmake,53374dd31485c1236152e56175bdb95e29d5990e,cc6889186d87e86e133ce2c22f8cd7c7cd7189df745438b802a6b9df700d19c8,retained-unmodified-source,layout-and-build-contract-reviewed
cmake/tests.cmake,11b086703d7e5166b136c64e967ed7d7b2531120,757bc10fc89a2c6b4f2fc36e7110e7572afa363a478b93fa62e3dff3b1cda891,retained-unmodified-source,individual-semantic-review-pending
doc/build-ogdf-docs.bat,c1afca741c9595fd25430423835f0eebaa3620c1,d07cd219dc592e721c78fdb73b2a29b042dc5a7406aa11f3bef0e818e5430c2e,retained-unmodified-source,individual-semantic-review-pending
doc/build-ogdf-docs.sh,c819403079330fa8eab8283f26f076ceaecb5fec,06cdf7c5ec0b467fdd0e1e5a9be84f55c69c6b79b3e7e5e2926da27542281cab,retained-unmodified-source,individual-semantic-review-pending
doc/build.md,1fe6c325598a94c566393e92d1d695e2ccccb244,6b28fe9eb6d138b4a8c6317ea06eb786e82ae5398703a217d51936bd73b313ba,retained-unmodified-source,individual-semantic-review-pending
doc/defines.md,46c6ccf9d69314c4b908bbb50453146626687eb8,82a678d1ce1d0bd8c8f1b5c77d1105940e9577d8177a387579aed76351259898,retained-unmodified-source,individual-semantic-review-pending
doc/dev-guide.md,7db7ba110394556b0b9de78bb81bddf9a47c6193,dba79bff1211beb84cc709170e76ab23fba16bac4384bf48b3c95168180a3ed1,retained-unmodified-source,individual-semantic-review-pending
doc/examples/.gitignore,160906e56e6fb8cd66a03a390f64a8591d27f5d2,a80991d2d57db3301215162aef4c49f99ee54a5831918f87792910a809fb352a,retained-unmodified-source,individual-semantic-review-pending
doc/examples/basic/basic.dox,adbd9463646b08081ad8fb681b266dd0a0e9d1ca,423b5ebb9dd6be995bd3d23baca1f028df2f9cbfb6335a73f5169fecdc374e3b,retained-unmodified-source,individual-semantic-review-pending
doc/examples/basic/gen-acyclic-graph.cpp,e5d45614660464d965ea8d1d446a656717001feb,7616a50f504569bf7c5e00c6758b62bd02cda1fe04aa22a31ef67fbe7bfdc187,retained-unmodified-source,individual-semantic-review-pending
doc/examples/basic/manual.cpp,a60a9e7072be56689b9fb881ee0a3af75e685e77,d05d80f62d1150e13f2b7f208e4cf8820345c2460c0557ed0c4724bcd724671f,retained-unmodified-source,individual-semantic-review-pending
doc/examples/basic/pctree.cpp,f478245491ddf3c16050e8a7b37c9a9dc96c5a60,f5ca0793021fa6507ce5a5cea34d00f92e862cb1b286ea019b29dddd8a80bcb4,retained-unmodified-source,individual-semantic-review-pending
doc/examples/basic/subgraph-planarizer.cpp,d32cf9e38e82d7e2b5dfa429481be411346d1486,bd85fafacf9d683429510060edb273dd8a505a4e749b4b57d2d59a61dd4af3eb,retained-unmodified-source,individual-semantic-review-pending
doc/examples/cluster/cluster-plan.cpp,1c77a608716b061422baa467ef21c98acaa8b3a8,7500cbf78cf7efd56bcc88e915578d099644ff7264c746c1131a366a33ef502b,retained-unmodified-source,individual-semantic-review-pending
doc/examples/decomposition/decomposition.dox,fa0a7b9415e81ae720bb03dcf29132a80997e025,96b8b0452d2c0e68674ef349f53b95da274785f93c6398c0e8c66b15bcdc2a26,retained-unmodified-source,individual-semantic-review-pending
doc/examples/decomposition/four-block-tree.cpp,86559c596c1617c3e6442e1850f0406c3dc729bd,0513734d2b85517b2369c391249ea36d7850cf78d7810cfa432f9709ab8115d3,retained-unmodified-source,individual-semantic-review-pending
doc/examples/examples.dox,712d9e91e9e07c544d1210be215e06488084f92c,c3397573e108bd5789173ca987a26205ca2fd0c3f219f9020816689f800b6ac3,retained-unmodified-source,individual-semantic-review-pending
doc/examples/layout/ERDiagram.gml,c5287d3d1ad012136f4c280fdcea8152645dc045,db3ab7802b6b89ff53e0cd42cca8eafbda8610c6e0bffe64b202acaa9e1d876f,retained-unmodified-source,individual-semantic-review-pending
doc/examples/layout/c17.bench,73a203b4fc5ecd13a4ded9a934e723e09279bb39,98e48712be3879c95649d03e265da8fac61646ad708f30a502d801a52ad93a5a,retained-unmodified-source,individual-semantic-review-pending
doc/examples/layout/energybased.cpp,dac08ad8cbd8313f5e04ac6aa2543be8956a2f87,986ab97f805bb4eea10412b42212b72d32f7a180c7273c7349ebfc6638f8e674,retained-unmodified-source,individual-semantic-review-pending
doc/examples/layout/hierarchical-ranking.cpp,3014556992c37fc0b29839a46d00fe2b6bc9f4a2,593e449623e42c63ce2181e7a81ac90c10995e0c359b7a5ecbadc2063f33bf88,retained-unmodified-source,individual-semantic-review-pending
doc/examples/layout/hierarchical.cpp,fc99b1f150113457b90c49b75228f9d30f6f69f8,a2df2ccfc22e27c50fc8e3ed2ea035b8d83a81a40c4386a077bcf6884ac8e4e4,retained-unmodified-source,individual-semantic-review-pending
doc/examples/layout/hypergraph.cpp,d67be670b721f0869e92d14b4a3a28ff63d4056f,48b61e96f05729ac47815bce319468d98298d8e8c1b301d57ac0365cf509afa6,retained-unmodified-source,individual-semantic-review-pending
doc/examples/layout/layout.dox,8c3355a848e89e3c384dad9ba5e6b8dcbc83021a,3854136f3de8bb9830c7f77ee40272ff00a85040c22f5616b271dc0cf3576838,retained-unmodified-source,individual-semantic-review-pending
doc/examples/layout/multilevelmixer.cpp,885caf1757bc3ec36bc11ed8a9bf03245a89759c,e218b13fde4dbd882046b1119487683568d8656df73d3492882d9af377b2b5c0,retained-unmodified-source,individual-semantic-review-pending
doc/examples/layout/orthogonal.cpp,5dda174d07f226e4e4e3b53f20084ee6edc9dcf4,1acdba64c360e6225b2dc26808df580a834428ddb6435526e11d87b6b60ac906,retained-unmodified-source,individual-semantic-review-pending
doc/examples/layout/sierpinski_04.gml,4c84b34e6c45cc989526cfd41ab625b99bc09cf7,f15923fedc284620b20b59272e8c77774f649ed5b548f2e32eeabd6ea9f059e8,retained-unmodified-source,individual-semantic-review-pending
doc/examples/layout/uk_Pack_Bary_EC_FRENC.gml,0c3c9636caa93192f26e94908ce2e49bc87cbf2d,57ae055d15d31d9aae7f4112aa4c9895942b9d2930ab4a8693ba313d351ca6ca,retained-unmodified-source,individual-semantic-review-pending
doc/examples/layout/unix-history-time.gml,c84196db543b81e727d015f60737183f94d7c065,0560bcdcc70894459036ae55d87aed45f1aec50c1245e5b7973c2b474ee537eb,retained-unmodified-source,individual-semantic-review-pending
doc/examples/layout/unix-history.gml,cff2ddae12e3ca38845536d9a591b87f99506604,60d91ffc2ffd706dc8e5e370f882f7359c204d90301b6206eaf4bab37dd3c093,retained-unmodified-source,individual-semantic-review-pending
doc/examples/special/CMakeLists.txt,815d567c93bb749a67af1f31796df0998774c340,9374f1f299da861276f98fdf202eea9c25f921bc0a3ad24c98a1461dd89ee8fd,retained-unmodified-source,individual-semantic-review-pending
doc/examples/special/check-build-mode.cpp,8319ad5ef5a7a503e49c41ed2217e79b1dc64e23,33901de24afe09b1e9057f4a3a0baea5d20404924b819ad15e616451dac79923,retained-unmodified-source,individual-semantic-review-pending
doc/examples/special/special.dox,461bd450668ebd2c8df54925fe60765568965ff9,bad7dbc8324f6bf243fe11d86001a7a8006ef3e27dec65b619538d75ac096b98,retained-unmodified-source,individual-semantic-review-pending
doc/examples/special/system-info.cpp,b0d57be412415f923fa190fc497203c37cbb7961,9595d1be16c9e8cce25234144763e696c60386c2157e0d52c7090c20abb59b81,retained-unmodified-source,individual-semantic-review-pending
doc/images/insertEdgePathEmbedded.cdr,336fc528b3fbe355153c623c949637889465130f,a73ff056cf0bcc752374eeb0397985d8f0951928aa896535d09a5e8a721979c6,retained-unmodified-source,individual-semantic-review-pending
doc/images/insertEdgePathEmbedded.png,cbd82c93b60ce10615c06ec74cb20fa6a11f003f,67c14365a6a1eaf88344101d19c1ca23bdfba384c0fd06132f2bf7f043d06d1e,retained-unmodified-source,individual-semantic-review-pending
doc/images/insertEdgePathEmbedded.svg,8b57a92da5611977e30caa0d200a5c772d6769b5,c96a9cc47e8942390a411374b1db749d24d97e8f846335784540c49bb15fc339,retained-unmodified-source,individual-semantic-review-pending
doc/images/ogdf-logo.png,82cf5edf90fb06897cf72a3e0c7f3dd749b258e0,b456327311af8a57c44a7760042ff91af787a44bf8c2afa831513f938f3e16ae,retained-unmodified-source,individual-semantic-review-pending
doc/mainpage.dox,32d583f088cd87d22eadf3f6cc24473c5c7162c6,67124a829dfcfd8e3a570741bac5740ebcaab0e818b6a262e8c4f92e526bd462,retained-unmodified-source,individual-semantic-review-pending
doc/ogdf-doxygen.cfg,0c7abc85bdc678fd288f3752d0779c0f1774f98e,ef41ce8bb52b27136ef44c7ad91a3a8847914e884bb3f97744283635f4875ac3,retained-unmodified-source,individual-semantic-review-pending
doc/ogdf-extra.css,6727a369f5e20f71a1ec2a48f79c8db177f1594b,565668eaa171851e693f9fe57352042fc61e0717f197ddfa7185f999d03b1731,retained-unmodified-source,individual-semantic-review-pending
doc/ogdf-footer.html,d3d42d1fd10fb87f2f4374d1dd42adfc2e2f7b1b,c0ab8c533106fd3803a2a9de9848ba0f172c707202dcd7f455bbd2a03256466c,retained-unmodified-source,individual-semantic-review-pending
doc/ogdf-header.html,b208f10c1cad198d084df88f4ceab62e03a40f22,fe5b2ed437ce054a94ef75e055d43fc20b068a101a788804ba8294851b0de1c6,retained-unmodified-source,individual-semantic-review-pending
doc/ogdf-layout.xml,dd50d590919818bae671e67551e59107f1040808,8f12aa2ff4c9601770ad49f307e5695e5ccf57cc716826dddb2fcf4337a82e79,retained-unmodified-source,individual-semantic-review-pending
doc/porting.md,112aa00cd69390acd62a9996a29815d1e75d0e67,2033e4cb4998a88657f43ec1c986d9d3554271cf380fd5af8e1d90b94fe90a68,retained-unmodified-source,individual-semantic-review-pending
doc/porting/baobab.md,e6244ad1600352e753250b05a069259b46184622,e47f270dc7957ef5af1d261a7ef3fe5ea0c1572e5ab906b319c78b537b02c500,retained-unmodified-source,individual-semantic-review-pending
doc/porting/catalpa.md,3bc79d7479461ee00c2d12b07173c93b8fd684ba,5dcfd01e00bb5f080840ecd774554df25e9be87a48f624222bcc4f06b0b3653b,retained-unmodified-source,individual-semantic-review-pending
doc/porting/dogwood.md,cd09e8644d5fe8487cea8fe6e5f644a85c0b77fd,ab31c080cd8a1c4e6ef551b23b7f3bf55a5f59c980c10e4f9a918ffa231efbde,retained-unmodified-source,individual-semantic-review-pending
doc/porting/elderberry.md,905db0efac38ca1c5c4e5d649aa3cda05642638c,aa245ef4508bdd371250208d72f4c5b543737ea5efeb08ecb65a4d55622f977f,retained-unmodified-source,individual-semantic-review-pending
doc/porting/foxglove.md,115fab874adf1f36d534378d358ed9230cd5f592,fbb168c6e6dbb0fc331b45001c3460212227328a24fd6bd0b2dcaa047be5b96a,retained-unmodified-source,individual-semantic-review-pending
doc/porting/unreleased.md,49c72f3ed163a121589cacbaccf39de71fd54929,9569b8b2e62017b9f448d5519cc48551d24a5c389b961fd267c5cb16e82c461a,retained-unmodified-source,individual-semantic-review-pending
doc/relnotes.md,59219f583c99ae212b6b685861179f9325d7d301,1284b81b2712d42c8bab1ed1960bf39e08a9038e2ec3b917ff974f34c217be89,retained-unmodified-source,individual-semantic-review-pending
doc/relnotes/baobab.md,9518f64fa041d45a3d5a754519e33d56909da2d8,d66fa7d82dfe8bd151cd395ae1bfd05e8d9f485b6d141fc9f6126abae294173b,retained-unmodified-source,individual-semantic-review-pending
doc/relnotes/bubinga.md,1bc9f2218332615a324cee8149f90b431f02e8b0,baf7b6d17876c453591719dbc5ec302f491cffd7724d73f96222bca72d6dc515,retained-unmodified-source,individual-semantic-review-pending
doc/relnotes/catalpa.md,0ccbef0fce5fa0831286d87cb9fd44086d28b2f2,feb855cae732fb6ca7627c25ecc2e8aa32a3ec65bef3ac81d7c67721b3149185,retained-unmodified-source,individual-semantic-review-pending
doc/relnotes/dogwood.md,31c645057ea090b8d6d1ed7373efe8aaab81486b,b94d48385c99e98c008e48589380c263fbe1f3a8096850a50cdf82a5ab4ef346,retained-unmodified-source,individual-semantic-review-pending
doc/relnotes/elderberry.md,409d9be978e2dedd1bfe7b4b954793bad6f27167,154ddbce710dd5d91c2ad62b44ce924b98fd546319683d0e573ed4e3ae0dc5c2,retained-unmodified-source,individual-semantic-review-pending
doc/relnotes/foxglove.md,164fedebf0c2dc6683236931d50b8511f51099e0,0758f3206d61b6303187515e243a59a84a53a36814b080eeb471ea40250eba93,retained-unmodified-source,individual-semantic-review-pending
doc/relnotes/jacaranda.md,f6e51af8dc7129c0e0de80f9ac10506c2fb98c38,05d25516cabd76752397b9c690730ed2836092763186931eb19856a73ca9496f,retained-unmodified-source,individual-semantic-review-pending
doc/relnotes/madrona.md,6d26327429444da599b79195b4d1b7d77b7d7565,ac6123c9f9542e73bf82384abfec51583aba53699d973bed1eaa52ac2ae8c3a0,retained-unmodified-source,individual-semantic-review-pending
doc/relnotes/sakura.md,372c649954aaf576d35eea8c4b9ad9a49e46b010,77c271b3f8ff5ccbfc979c93ea83ecbd96be8d736936b52756b1bdbaec53aabe,retained-unmodified-source,individual-semantic-review-pending
doc/relnotes/sassafras.md,7023bf4575acf936c1ba8fe2d45c8944f29cf01e,df29c2764862f588fb67f094465607c8cab826083a9ed0b58c524e272f4521db,retained-unmodified-source,individual-semantic-review-pending
doc/standards.md,886031d73914ebfc0338479a8b6912b57182a393,9467424be6970c27447079c3299c54b11331ac9bde39ee27e821b24731f95b36,retained-unmodified-source,individual-semantic-review-pending
doc/template.cpp,e2f3be94a9b2d8d29197e33de3cb115f33ebb85d,df12cbfb213a3fa7c86ef0a57e306f64f5d53ae670a2672e9f2ec9655067f5c9,retained-unmodified-source,individual-semantic-review-pending
doc/template.h,e5bcf94f099cf82337a3851118ef248a7d02d30f,bfc4e9fc2b885bf5b603b06b341c1ef3962b7de23794fd378eb987ee9b11e9e0,retained-unmodified-source,individual-semantic-review-pending
doc/workflow.md,7fd3bc9db8b2e211147c162a30ce828666d536dd,2da2f8ca8be0a65c6b50e4803ef3f3ffdfd71364113e1f66114e6893508e38ef,retained-unmodified-source,individual-semantic-review-pending
include/coin/ClpCholeskyBase.hpp,a553676c604e4077b37d9021c8cfd45e2fcc84e6,61cab2e30f6b741d9b8f0d1a84f753472887877485e4d0c7c670a602d36969a7,retained-unmodified-source,individual-semantic-review-pending
include/coin/ClpCholeskyDense.hpp,f94eeeb65ef6fdbe2e893fe54b8384a4a649068f,8f556f45183bb58ea262aaf15961b5920a3816afd908594049478ccbda8d7b6d,retained-unmodified-source,individual-semantic-review-pending
include/coin/ClpCholeskyMumps.hpp,de5ab03f3e81ae6975bc39f73aa89cd7de2582fb,70715da89d2a08294c82cd2f35ae83ffe824fbecea72ed9778f58ee7c6c09e12,retained-unmodified-source,individual-semantic-review-pending
include/coin/ClpCholeskyTaucs.hpp,c3ab14c3a8b94333d691086cd21c0f04d95f41ea,3434019ccc7da4de81bcf63840f1f4c126da6d948eddbe8db5b05494bb2db891,retained-unmodified-source,individual-semantic-review-pending
include/coin/ClpCholeskyUfl.hpp,9a52c461758a8dc8dbf76a83937e43fb3a33d444,2f325527516a633799366211731ec35ade96a521aefc5afa65900f9dbc40bc0b,retained-unmodified-source,individual-semantic-review-pending
include/coin/ClpCholeskyWssmp.hpp,105263ef91a763322d01cb1ff6261df7af791753,02daa366571824d03836203fbe1e2cf27a8b8a4b3e2ef358b1bd0c836a7276f3,retained-unmodified-source,individual-semantic-review-pending
include/coin/ClpCholeskyWssmpKKT.hpp,9d8281c36023af8f11659e8b3c79151ce5403ad4,771da6d8697b982886f0a8c1399e1e61a3a5bbec7db1dd21445f74b695b3fdf5,retained-unmodified-source,individual-semantic-review-pending
include/coin/ClpConfig.h,b80041d3b0bed66fbb4345a4b996eb90a8cac95b,a6551e3338d9c330147699d02e27cd0d10169195f396d929d5729b3e442b7f89,retained-unmodified-source,individual-semantic-review-pending
include/coin/ClpConstraint.hpp,be43bb8289df75352037a7bfe031b5a707b9e8f2,fdfaa824a390e6884adfbd4e3fc9721a26e8c11200b26c803c92350f365e1b09,retained-unmodified-source,individual-semantic-review-pending
include/coin/ClpConstraintLinear.hpp,47b20990641757fcaa0ae44a1adc284ba406fa5a,3e558b60372a6bc5fbecd3356d7030417f3fcdd8d05b80927705cd78170a1baf,retained-unmodified-source,individual-semantic-review-pending
include/coin/ClpConstraintQuadratic.hpp,2eff6cc5eca7f84b49ab992896f257ba4aac5172,ae23051fc274a6c30abe1dbbc7d2eebc01a03a61a71d41a22cb4eff10e64147f,retained-unmodified-source,individual-semantic-review-pending
include/coin/ClpDualRowDantzig.hpp,60b06720dbdfa50d98d0dec8d170844eeb23af3c,d9c237b14cb020e852822502e68b3fe4f9d15d584d04c2242c3ca88fa1b14ff1,retained-unmodified-source,individual-semantic-review-pending
include/coin/ClpDualRowPivot.hpp,353eac42f8c918317fe8d50c43596f5f3d10aa3c,a19fd901ec5b4aa99f18242d8abdf025495dfd5228c0dd309f80b4ef89799dbd,retained-unmodified-source,individual-semantic-review-pending
include/coin/ClpDualRowSteepest.hpp,0c2e7ecb453a5551295c491fc549e6fcae8cbe49,cab8afcfcc0f0e4920c500deadc7fa48911d9755bd31259fc952299c53869798,retained-unmodified-source,individual-semantic-review-pending
include/coin/ClpDummyMatrix.hpp,cca18793e62e8c1dbf3e503dbd516be37867970e,16d130644824e6d63738cbff8828e1903ddbeb31175714461bd1dcee68079402,retained-unmodified-source,individual-semantic-review-pending
include/coin/ClpDynamicExampleMatrix.hpp,f128d15d792cd07735b7d9f3102b99a156bdf34a,0bc63cbe8c8cf502f0f2acfef724dc78bc5ae410b6525f91f1fecef7f12dd1e9,retained-unmodified-source,individual-semantic-review-pending
include/coin/ClpDynamicMatrix.hpp,6e7fc5381c114cb744438b7c34ceabd91aefb484,1c41ed9f49f3dc754f915d6f74b867bc7466aaa4ca5d4217ed2eec7c7f220dde,retained-unmodified-source,individual-semantic-review-pending
include/coin/ClpEventHandler.hpp,66486eaf024182ae0b14a001bfe9382c7e041318,824f52b139ec2e896a8ac584df668f4ed17c42e45b60d5d05be556d1075dd663,retained-unmodified-source,individual-semantic-review-pending
include/coin/ClpFactorization.hpp,813fd469679ae2ec57b386b6252049dfbd93181b,94cab79a0d32bc885bc816b8e4ed6c077be6bfcad5d19a3a51a3106d86afeee9,retained-unmodified-source,individual-semantic-review-pending
include/coin/ClpGubDynamicMatrix.hpp,2d13e6d0d56efa2ed93b15ab28cac74f3364979c,c63c7a2a4bb4b99c6e55692d61ccee8af16d1ae5e07e0fc266581e12fc482184,retained-unmodified-source,individual-semantic-review-pending
include/coin/ClpGubMatrix.hpp,26c3f624750b7bd66d1c167cf315e9034588c17a,0f77c1b523224e940d6ae36f1ef265148d2cfed43854dadb1b8c87807cfc7a99,retained-unmodified-source,individual-semantic-review-pending
include/coin/ClpHelperFunctions.hpp,4d8611f7eef53f486c230c8dab456de1aae644e2,21ece78aa8dfb8015e0a6c8ca6738933eecf123cbbb35af60185009d5471d137,retained-unmodified-source,individual-semantic-review-pending
include/coin/ClpInterior.hpp,8ef1e2dfe92fe7ed0294089800f8c04b59f47389,77c5ef7b8b7525674ba1af215fef4029dc303d36ccec189e33d06b07c48cff36,retained-unmodified-source,individual-semantic-review-pending
include/coin/ClpLinearObjective.hpp,6fd31403c12d64f6731aff66f2afbbfc34248efe,c1b7092339b98ffe64ecd94aa8faf4ebd8961ac11e00c1655450bdcb8075b66b,retained-unmodified-source,individual-semantic-review-pending
include/coin/ClpLsqr.hpp,29811534f49a818dee92aa04e94758fa214d4455,f77dac16c0a57b814f96c5d5d618e59a23ce53dbbebef79997d48e13b3ed4be5,retained-unmodified-source,individual-semantic-review-pending
include/coin/ClpMatrixBase.hpp,4871dd0b5a825174e115d9b4bd2993d7f702e8a5,b4668f667c0cf1c1ec202b3999dcc102c21080fa2f35c05a242cd6aa487e6944,retained-unmodified-source,individual-semantic-review-pending
include/coin/ClpMessage.hpp,1620ab1fdebe63cb0cbe3a96af11a7c0d2d74724,046561586212f52e31e12f4a1137df1bdd44438d27ba397a8bf0531326d74466,retained-unmodified-source,individual-semantic-review-pending
include/coin/ClpModel.hpp,798256e5173ade2e1187ca26f3e939f1b492b860,3ce781fee582fabfb6d01aa452e5ee77225f5893894b3e91d0f799b4f858abbc,retained-unmodified-source,individual-semantic-review-pending
include/coin/ClpNetworkBasis.hpp,1de6f4e78e2da8146ef72a15e650b2b3c342d2a9,5b13db76638c5dc2a968574284980135b1b37c84a8eab6708421da2ea73caed3,retained-unmodified-source,individual-semantic-review-pending
include/coin/ClpNetworkMatrix.hpp,dd345e7bf08c0a071c946c3094be60bb42839ff9,c735a2b06f8a5ae8829459ae83c0ed37c9bf49a94885af899993fa00a3bfddd9,retained-unmodified-source,individual-semantic-review-pending
include/coin/ClpNode.hpp,fb1d37d99e30999de14484521ebc01286a238cd5,6e73c93745ce6efede6b6b4c83ad957d103d5a9453327e333756b97b0051b9df,retained-unmodified-source,individual-semantic-review-pending
include/coin/ClpNonLinearCost.hpp,4b0f76fae4b1896050220814febbcb3078d24e24,ad27593b1d592fd791b342642a37c4e5d6938ae6e3e4defcb5fc5d35bb83c043,retained-unmodified-source,individual-semantic-review-pending
include/coin/ClpObjective.hpp,df2594c7cc01b17f2761fe10d6abcc17c19a1119,53f891ddd68c3348a18abbbd2d2a3d5918e6d6b68170d61b0b5cb0bca65df360,retained-unmodified-source,individual-semantic-review-pending
include/coin/ClpPackedMatrix.hpp,9e7e05c7af0ce475c1c6c93efc0ccdded12884d2,d29397a2a3ce6e2e13afab6a2d293909bb0b1954950c4de5d24b0f19c2d46776,retained-unmodified-source,individual-semantic-review-pending
include/coin/ClpParameters.hpp,a65ce505449eb5255379653d2da4d83c95035b0d,e440d110da1c5e2b379db6e37e3e00cfbf26f7426bda35db5ef4b0888c310416,retained-unmodified-source,individual-semantic-review-pending
include/coin/ClpPdco.hpp,dbf23dac961f6547ed78d2d6eec8ffc87de096fe,09a7217dda783c1ff824ee5bcedfb7a728899a4eabc92edc0fb730147378d9ce,retained-unmodified-source,individual-semantic-review-pending
include/coin/ClpPdcoBase.hpp,cb8fd8fdc6ff1a7e28411fc4a85aa1d1ccb27fa9,414e3f63a80e471340f8548715d12c130918542d31ea0c9d974250745c73cc54,retained-unmodified-source,individual-semantic-review-pending
include/coin/ClpPlusMinusOneMatrix.hpp,21d2ddb5eaadca6d612655ef0ff5f4541331b1ed,f917883cb144c33624cd9087c9be02f54376f31b6275ddf31324d409fbcfcaa5,retained-unmodified-source,individual-semantic-review-pending
include/coin/ClpPredictorCorrector.hpp,c1460909a3a316cdfd1c46806eb8e7ffb10582cc,35f5810095d54c0181ab697de73a4df11b749ef8dc0bf0274a30b8a3d16f999e,retained-unmodified-source,individual-semantic-review-pending
include/coin/ClpPresolve.hpp,24be3af9bf95cd24b1832cb2a2049d88598f29a0,e2c17a7ed91da3419a176b4ec307701c671e07ddf48c40138fb5d32e922f6d92,retained-unmodified-source,individual-semantic-review-pending
include/coin/ClpPrimalColumnDantzig.hpp,0a3aeac062b510db1af7619295c541a5905f3307,af32b8bc5ae141c8e90b1e6ebd40aa488b94baac81f28c62c0cb563e7a598fcb,retained-unmodified-source,individual-semantic-review-pending
include/coin/ClpPrimalColumnPivot.hpp,296dd8f17541f8bd467498d3a1fd5e8b95b2ab9f,2127f965fa464c9b5be414c8c8d0e9b5aad1930763cd1dc472679627bd03a08b,retained-unmodified-source,individual-semantic-review-pending
include/coin/ClpPrimalColumnSteepest.hpp,293b8505aa477c6bccc77dbc30cfc752ddd7e86e,5c2555694dd952464b206938f1269eb6adee27028081bf7268ced99863bbc7de,retained-unmodified-source,individual-semantic-review-pending
include/coin/ClpQuadraticObjective.hpp,c8691dace8ff2a75b22b7e71ad33ca019f5a74af,2be1ef8278ccd3dcb8313ff8815edea080c2dfcfc8558922a2f2b1a5301152bb,retained-unmodified-source,individual-semantic-review-pending
include/coin/ClpSimplex.hpp,260eddbe22639c0e88a14c5e15ce67e59e216680,768193744397ed7816bfd785e54af99c6d609e450d0b19758ad6a6f64d308ba1,retained-unmodified-source,individual-semantic-review-pending
include/coin/ClpSimplexDual.hpp,5efc1b0e03faed27d6c65ca6e3986b873b3e16f7,5ad6c0fd70f8847f871e83272f07f9f68a5fd014269559bbc632c1f2051f3440,retained-unmodified-source,individual-semantic-review-pending
include/coin/ClpSimplexNonlinear.hpp,b5414eb13ac5c1147e32836220c441b87706a86d,2700c01b54fcdcdb96c44ef9932c81fe4a1594f4c8372016e90234480bf8282b,retained-unmodified-source,individual-semantic-review-pending
include/coin/ClpSimplexOther.hpp,a2209d05fb92de23466ae6e57940f3e39198e35d,5fbbc6ca5dad166d82daf2d39a746c37a8510efe9b63778df3ef06705739f97e,retained-unmodified-source,individual-semantic-review-pending
include/coin/ClpSimplexPrimal.hpp,0d6cd3af061cd1deaea3bb51f1b373d7fd04e0e0,5a95c0038f74499cbb191b71085fd6c0d6b261109c91ce437b28aba5440789fb,retained-unmodified-source,individual-semantic-review-pending
include/coin/ClpSolve.hpp,8163fa45644cb8d3cebdc351301db7b4f08affa1,5db5133d4739e9bb535d1958e9d834fdb91d980659381a429cd4d5a8aed60a79,retained-unmodified-source,individual-semantic-review-pending
include/coin/CoinAlloc.hpp,483cfc50e9f8d5bc90b6af6aaa6b7ede89e1a705,be364e7a24e2c4e90ef738355adcd5fc208928152bb9ea13bf3429847c0ddede,retained-unmodified-source,individual-semantic-review-pending
include/coin/CoinBuild.hpp,da0bc99adbc28fe6033ff1bb143ad7c367426a57,52818987e6326bbbbad4b681fa135ef4680a32a7293fd0ab68bee08d9579f32f,retained-unmodified-source,individual-semantic-review-pending
include/coin/CoinDenseFactorization.hpp,d84a6e6c1fdc8db30dd3827549557eee5e890081,949ec4fcb0afd4be6cce087c64bdec789c86a602726fdbbdfe07b4660a1bbe30,retained-unmodified-source,individual-semantic-review-pending
include/coin/CoinDenseVector.hpp,12dbefa8fb42ca33f9c09ab6bd2b2e978a9eb049,f102c45e61f3c3aaddb26677a8c182344d0f40fd4a8a719fa6a52b9dd3ad87d5,retained-unmodified-source,individual-semantic-review-pending
include/coin/CoinDistance.hpp,83ace113024e32c8d873fd47be516154e80f7f99,7268525f05d45162e2ee10f7aed303f03c431d11a77d527d1f6f0a9b3515fa2e,retained-unmodified-source,individual-semantic-review-pending
include/coin/CoinError.hpp,ff25b8de06473b13da28e74b841060f7daaf1f1b,784e2c83fc9902a47df91e6f65ddbf253b8141ab88b1cffd67252080fbec5268,retained-unmodified-source,individual-semantic-review-pending
include/coin/CoinFactorization.hpp,e435b755c4d7f96a17fba2269330a6794e56fab1,1abb7f59928bffda6b3272effb67deeb3b9ad8ffc7e80fb03964cdc38ffb7929,retained-unmodified-source,individual-semantic-review-pending
include/coin/CoinFileIO.hpp,7bc025649d29393c5ceffeb7bf42fde6113b5133,255cb9b80271207622af188a7a805ebc13a6fb741a347c2e8124cda69e2f9aab,retained-unmodified-source,individual-semantic-review-pending
include/coin/CoinFinite.hpp,68a725f656363dfdfa35d028f83349392ecc4e5b,1fce6a65d2c9ea0d6c859fba321c0e5bd29ee5d953542fd9a163d9c075d20cbb,retained-unmodified-source,individual-semantic-review-pending
include/coin/CoinFloatEqual.hpp,ebe3eb967a9fc687640d42783d505a80e31e68c0,e9d353dbe805e587ff32c0c02110a54964aa5eca09580c72f74d6ce898baf025,retained-unmodified-source,individual-semantic-review-pending
include/coin/CoinHelperFunctions.hpp,9382cb6b6695f4ba03e45e263b9fb884bd693fce,c491c37453c0003fb96f0953f36b1f3befae268359b620a536d6c87f9f18c5aa,retained-unmodified-source,individual-semantic-review-pending
include/coin/CoinIndexedVector.hpp,917bdf06865843f1b5ef1915f560e3da0da74a29,a904343e3db0e3f24aa2a7947733bc908587da8259c39c985cb3a528207e2258,retained-unmodified-source,individual-semantic-review-pending
include/coin/CoinLpIO.hpp,987105dfe357b5915b26403dce73fa88f8951a4e,756e0ec0dd9897e74723393e12bcc33a3bffd862eef4451ed8f52f7041ff0eaa,retained-unmodified-source,individual-semantic-review-pending
include/coin/CoinMessage.hpp,c82806945056641ebd9407bfecb21248f0023ddb,f8b57178eeee0851cd24e25c6d197993688ddd87a4a2448e7b06bf943885fa67,retained-unmodified-source,individual-semantic-review-pending
include/coin/CoinMessageHandler.hpp,e2816a8d4117f30ce4fb6d637d874b984b370532,a7608d69c386e800491e506bb4ab30de542312e2b087e84930f08e3344c6e743,retained-unmodified-source,individual-semantic-review-pending
include/coin/CoinModel.hpp,cd0b261de3fe76b3bafdbbc360772a8dd7d37b5c,cf157c2c7a2281162b2c3b0db051cfd5fea101be9f838836a4bb82cd61192cfb,retained-unmodified-source,individual-semantic-review-pending
include/coin/CoinModelUseful.hpp,ea0735a78dad81907154d44f72a668043cf87232,58ee645474d8ee473f0c1ef3163241ca93ea3c1ebb7f6f77b7c7485634024854,retained-unmodified-source,individual-semantic-review-pending
include/coin/CoinMpsIO.hpp,5191318000751cc670f6f1b886e035f25e3dfab5,81439df19d76a50c53b01a5973e43e2839c72ca4234a892e71577e870b7517dd,retained-unmodified-source,individual-semantic-review-pending
include/coin/CoinOslC.h,2363004901140efdedce2f19585ee397f45a967b,71b7cc2cb0f1ff66807e5d8afaac14a1a2d7246906e2a8639d7b00aed14de856,retained-unmodified-source,individual-semantic-review-pending
include/coin/CoinOslFactorization.hpp,d42180f8aa8ee0520a4da0684a8903d0112a8f54,7c23a062632845dddeb65bce6d4c8e7662370366f9d1fe9c0cf261fbcc0b8e6c,retained-unmodified-source,individual-semantic-review-pending
include/coin/CoinPackedMatrix.hpp,3cbd08b29874c94407d3ab98d818c4e77c121fda,062a6b67f6471b2b57c97926c4ef44f20fbd0ed98a41de56191708704e07f722,retained-unmodified-source,individual-semantic-review-pending
include/coin/CoinPackedVector.hpp,21bb5c31f34eaca873a4c84f6380a13d03380573,3f44e046b31f334f8f6b14e27fb978bad6bd86913bfc352794bc046cafd32d7d,retained-unmodified-source,individual-semantic-review-pending
include/coin/CoinPackedVectorBase.hpp,e7219f90725e52fa4a7d6df95efd8ff29bf4ca7c,5b9fbed2c60adafbe6f595b9dcaca9929af85006f74345ba0735ea998a1d7253,retained-unmodified-source,individual-semantic-review-pending
include/coin/CoinParam.hpp,ff546d48d0ceea067e6d4b36406141e8e743a0ee,0be3b65b6fdce654e4fb4a63744442780f26fe34347593d5a5bd1ce4ad540e21,retained-unmodified-source,individual-semantic-review-pending
include/coin/CoinPragma.hpp,c846c782273a9ddfa37a070d2d5505151a0356f2,7220efeb9e6eaf54b05f0e89e69e814de3a8017436c2a44e32ce01516756a816,retained-unmodified-source,individual-semantic-review-pending
include/coin/CoinPresolveDoubleton.hpp,8a4f7ce92c78b7c627d9d8e1e598a227a8a59317,46ad21a7f882a30b9a1571de5718f93742462c79472d8064bd35c66b4a3e6ad4,retained-unmodified-source,individual-semantic-review-pending
include/coin/CoinPresolveDual.hpp,d2946b0ee02ceb458c94fa03a83484217120a932,b8b8fc54fc854519650cc16f80ede548d17ff8c16f8da1f4dd627278cc3c2536,retained-unmodified-source,individual-semantic-review-pending
include/coin/CoinPresolveDupcol.hpp,2d9212771942ff63174daabad3859f77de3fe91e,2a55c03d94e73354eaaa06ad2e13698d5d0979e425c165fcaa74bc2d29528dc2,retained-unmodified-source,individual-semantic-review-pending
include/coin/CoinPresolveEmpty.hpp,58714a4ac36ee2128ca6538f6d04995b60b0e2c6,0fc0817587916e95af87fa1973869304b3c3770558831d41dc6fc7cbde2853ef,retained-unmodified-source,individual-semantic-review-pending
include/coin/CoinPresolveFixed.hpp,0ad0fbb4b90ffc63d2d51dde6f115aca930380d2,b2146573bd3e3cf46dde6430501328be64c0da88900d6898daf58925eb1f6059,retained-unmodified-source,individual-semantic-review-pending
include/coin/CoinPresolveForcing.hpp,04cb2b79f77772b7f568c431690428db9be1a085,8462b91bbf537b8b247aa267b369b378c9a98d20d137c874aab607e02173daa0,retained-unmodified-source,individual-semantic-review-pending
include/coin/CoinPresolveImpliedFree.hpp,860f2b8badabf409a322825e8a438518f9188301,c93623f0fcfeef22cb2714bbf152862c041fa28d2053cea14c637a2938fff09f,retained-unmodified-source,individual-semantic-review-pending
include/coin/CoinPresolveIsolated.hpp,7d2ea06d013250453e2c226b7d6377aa836adfca,2833e673068f4f0edf028833c7b54d3c818990a00a946bd2de1e1d97377f3973,retained-unmodified-source,individual-semantic-review-pending
include/coin/CoinPresolveMatrix.hpp,620b464ffd948587c40e54231a78e80e6218e65f,2f2ddab71ff3abf0333d2c1abdfc7c3ab270dd5bd268e268e463aacfa13c8436,retained-unmodified-source,individual-semantic-review-pending
include/coin/CoinPresolvePsdebug.hpp,b3161664e0c09a8ae8d404f209474378b8f4e92e,8c43b5e59e44c9544c4716b5011ec52d6dedadd1ae3cb341e1c3dc1f63b560ee,retained-unmodified-source,individual-semantic-review-pending
include/coin/CoinPresolveSingleton.hpp,1abf50afa59bad9d6d405d6f92b96c5329f738b6,37fcb09f77eb810202b8c39026269aeffe71ce48df9874fc7f9a6b1101f62e01,retained-unmodified-source,individual-semantic-review-pending
include/coin/CoinPresolveSubst.hpp,540567eeccf93f85f7a34b8c281e9c08991c5c84,2841c656fb380c85b81b1196d93a553cc8ddfcb436e015c92e70062ddbd8cb17,retained-unmodified-source,individual-semantic-review-pending
include/coin/CoinPresolveTighten.hpp,1b7815d261c62c332ec5c2008230b3304caee462,342251a27672c459bd14a21a42619857b7502a28e0800af1f5d9ef8c15feb42c,retained-unmodified-source,individual-semantic-review-pending
include/coin/CoinPresolveTripleton.hpp,0cebcbcecccea687736a84b5cca29bfb0c437895,837cd61bce1460bfcb80df97b10fc8d7513c4f019bfe1dbb9b347d7f77e9fcdf,retained-unmodified-source,individual-semantic-review-pending
include/coin/CoinPresolveUseless.hpp,ce60514fdfdb2c72d452ad9405bb6ad70110907d,3dd375d6f3eba7d63cd2457882c1308ab2d39ad4ada9650493cbab979e4a46fa,retained-unmodified-source,individual-semantic-review-pending
include/coin/CoinPresolveZeros.hpp,07421bb111069eb309e3fd4eeded71fe187167cc,c0503664634f9250ced0fc5af01f4eda57c7aa4f4d4519acc0f003ae0eb8bac6,retained-unmodified-source,individual-semantic-review-pending
include/coin/CoinSearchTree.hpp,e5ae576bcaa60e5ee849d12e30899f83a1093740,aac30354bdc351f34c35830e92aea4d1682caac39254de057132b073579bf595,retained-unmodified-source,individual-semantic-review-pending
include/coin/CoinShallowPackedVector.hpp,dbd0665ffbf006e5981bb7547e3a2e00c4b5f5c8,654348e33d29a0d1835d4a09401a12434d3aef6ffee8c00d12b78e4da3121060,retained-unmodified-source,individual-semantic-review-pending
include/coin/CoinSignal.hpp,70e7f53a37d04c9cc7f3726c2933156401bed27f,7c2db2987e3f32adb76089bcbc14bbf2f4d7df57fe394c19d1662a9a58aa8baa,retained-unmodified-source,individual-semantic-review-pending
include/coin/CoinSimpFactorization.hpp,d17a583620e1d0ed8b97b70a7d774fac7a02e81f,334287b2c7061386d4027a32b21b8d2e991dc8b3cadeb250931ec377f6ee3ecb,retained-unmodified-source,individual-semantic-review-pending
include/coin/CoinSnapshot.hpp,8c4822116f1179347e3b9674778726965a54dcca,70b4c12793dd92e4eed31d5be4cf4fbb79f333789dd00bb824bf3b8cae9ab9a1,retained-unmodified-source,individual-semantic-review-pending
include/coin/CoinSort.hpp,7eac9521739ea0a6d853d7bf07bbbe69934d58bf,ab34522ef747a4633793c2bb86f51b083aefc212cbf475c6f2ffae9294cbd3b4,retained-unmodified-source,individual-semantic-review-pending
include/coin/CoinStructuredModel.hpp,ef23018ed85ff36b32896d844a392b047040d93a,846b716503030dbdd71e4d3a3c9b22586f6b4299ef43b0533a14495a4cdac8c0,retained-unmodified-source,individual-semantic-review-pending
include/coin/CoinTime.hpp,c35731e525b7372e84eeb23a81ea9d7a5fa826ec,e602cfb313792ba790cbab09e7101e9723dc7a7abfb867637c9032c638f92baf,retained-unmodified-source,individual-semantic-review-pending
include/coin/CoinTypes.hpp,c73b250465264d318affce5c3ef414698482174b,1436a51a5a3233b16e4eec2798ccd993e068c4b4ad9d1a12aed60995269820f3,retained-unmodified-source,individual-semantic-review-pending
include/coin/CoinUtilsConfig.h,15a6c11c9bfd3397d57e8ec64f248eca3499aa94,8b69184ddf0e41b7cc78cbf443dff3ee563d4b2c76b80187f4c5573217429a04,retained-unmodified-source,individual-semantic-review-pending
include/coin/CoinWarmStart.hpp,81719ab23d764a6aae7ef853e89822d615aa6ac7,4f70bbab2f08bb071821eaac4253919967b68770a6a29bd0707270d898a79531,retained-unmodified-source,individual-semantic-review-pending
include/coin/CoinWarmStartBasis.hpp,c6915722bb7d87ddb6890dc8aaa1bedb3fb89348,713b60e0058b04c2a1f23c5b22797bfe9009f42cfdeef8e2a73c5e2ea0185c55,retained-unmodified-source,individual-semantic-review-pending
include/coin/CoinWarmStartDual.hpp,164ab96f5debddb1406d742d416b669aba24d54d,fa6ac4d79419fcf516962745817b250d68c631bbd8c87387cd461fc5b51da344,retained-unmodified-source,individual-semantic-review-pending
include/coin/CoinWarmStartPrimalDual.hpp,f09ce70184a7c9f6468165aa4a69d96c34f9858e,8be8ff8e668626e4bc2bf9e927346589428efedd27e9aa4848ff8cb9a790b73f,retained-unmodified-source,individual-semantic-review-pending
include/coin/CoinWarmStartVector.hpp,0d861c7ed4ea0528a6203dd6611e9c3d02f67b18,d20d22458fafc9b2323b27ca62bd1a4dd8fe38fc43c91ae46f38a040d7609de0,retained-unmodified-source,individual-semantic-review-pending
include/coin/Coin_C_defines.h,e03eee89d606c9796545966c4a8c2e1727b0ba89,5c314a01232db3b3792685b20e9d5650fb130fc933334eed21e8116f563846b0,retained-unmodified-source,individual-semantic-review-pending
include/coin/Idiot.hpp,2bb1df481de57d7cf405a17e8893f6730b7118cd,692bc1488cbe8bada568e0fe9199a4d7cd98b5d35e3eba29e0dd8701f9a65893,retained-unmodified-source,individual-semantic-review-pending
include/coin/MyEventHandler.hpp,bde92d768f3216771eb736afaea7c074c46b3e83,8b778980074285e191e4cefbca42765a9eef49714df38c615ca692f94aeb2fa3,retained-unmodified-source,individual-semantic-review-pending
include/coin/MyMessageHandler.hpp,e72e0340ef1e8f0c0c42f9ffffe7d1fe2cee701f,5d429ec715eabf90806a6b62dd9ed5cf6f2210f95bd62f4766a030beb69164d2,retained-unmodified-source,individual-semantic-review-pending
include/coin/OsiAuxInfo.hpp,2f0f84d7aff49529418282ac8591f09c75dd63df,e952300922250f8575bbe7ac45535e4306f09060b9b3491798924e2ab89216ed,retained-unmodified-source,individual-semantic-review-pending
include/coin/OsiBranchingObject.hpp,cc81c210a9d1616f81b17c79c1b679bea62e7c68,c23a87822f7305c333ac94655b7eb082ae0f1e8eccd399436b8e4b8fc7e6bc80,retained-unmodified-source,individual-semantic-review-pending
include/coin/OsiChooseVariable.hpp,dcb0296b791cd6e5f285e9187007abb8facbd932,e28fa11ded29639509d1fa1639cf44e1e321f1e104743dbb9a5cc16eb0d77b81,retained-unmodified-source,individual-semantic-review-pending
include/coin/OsiClpSolverInterface.hpp,3ba93f6a9dcdc9bb10e8c207be13e52343af8b6b,3fc75ccad3d5d442e7f8a2348e556e0633e2b390cc0b723cc3907ac830dd6683,retained-unmodified-source,individual-semantic-review-pending
include/coin/OsiColCut.hpp,2946624027f6d40e948ac529e9601ebb0a023405,c7103bb4c12bba9da08f02ae5f5827d289ed00dfecb11d5186926843194dfbdb,retained-unmodified-source,individual-semantic-review-pending
include/coin/OsiCollections.hpp,d68df1a9bdcbc4697d6ee6f2df3a771721ec1d91,18ed2613896cfd845f16175750ff54904721ddadafd298eb9593e261968e21c1,retained-unmodified-source,individual-semantic-review-pending
include/coin/OsiCpxSolverInterface.hpp,30152556c3d31e277e97df378aad2cc94e9beb0d,208da2a985654b2929f196e16786393cdcaf5bd4c962e8951b1c3e93fc218ba7,retained-unmodified-source,individual-semantic-review-pending
include/coin/OsiCut.hpp,ac71a1b6c34b92c9fa39978d4226eee51797576c,494a979a62281bb421f846ed099b3df920d734df2d7257fa13ba5e085ba9c192,retained-unmodified-source,individual-semantic-review-pending
include/coin/OsiCuts.hpp,0df6efb509378a4309105000060a4d9d05b1ea9a,3d9c48a1e373a8a56b5bef65b453538cdf326a17bbfe0ff33f88e281a5f86850,retained-unmodified-source,individual-semantic-review-pending
include/coin/OsiGrbSolverInterface.hpp,414b506459cc743d745d5a0f8ab422f621603be8,4ee2e6473eeaba53789bb19a57a6ecb28902e054c2dd2ac3e0b4480063a7e31a,retained-unmodified-source,individual-semantic-review-pending
include/coin/OsiPresolve.hpp,7fb20dd7602106b9cc69de26f492c55aa07708c1,3a64e9f7b89356c45138f30c0cade9b0040b2913e66f9737528b037a79b79ab7,retained-unmodified-source,individual-semantic-review-pending
include/coin/OsiRowCut.hpp,7ac7f5af615b333a7db6bd0c857929160c85fb6d,c58457eff1a3ee4f3e222036504effd83dc1e4f87f30a6866abb8c10c254fab7,retained-unmodified-source,individual-semantic-review-pending
include/coin/OsiRowCutDebugger.hpp,8b42e77bed7a44441561dba855fb49a35e86850d,151877283def6bfc047e632c26f95d911d1d7bc6a4386d72b9860a9adbdfea3c,retained-unmodified-source,individual-semantic-review-pending
include/coin/OsiSolverBranch.hpp,d252a4ee4df9520f93df5c1325c9027c01ed7c95,babc0473dcf213de67dbb24fc09133a751b1b42a26ce239f04f5637f51df3003,retained-unmodified-source,individual-semantic-review-pending
include/coin/OsiSolverInterface.hpp,13daec30c60c370cff57f87583aa88bed38bb931,c06b31ebcc3892a61b92bd2d22b0ebb6909a0bd86f73d1a72e3f358f8519c430,retained-unmodified-source,individual-semantic-review-pending
include/coin/OsiSolverParameters.hpp,d8c9c5f2e48ba8807608650efe5503a8496e6670,7b1a6d4b6a9ef3eda8285b812c38a950c33a76c26ee8f7b810748702d4f620e9,retained-unmodified-source,individual-semantic-review-pending
include/coin/Readme.txt,eec608dd98d410e488ce17125d6e4edd1cf7cdc2,3a2804d93a379f0ae26816af97215836b59b5dee93f8e6c92781eaad2b3307b0,retained-unmodified-source,individual-semantic-review-pending
include/coin/config.h,61934d69351c93e9ec2946d2f8f5181cadf44756,d6a737003e517ed4ba87611b727532b8c2f5310328d749ed2d34cdf8ea6f9eff,retained-unmodified-source,individual-semantic-review-pending
include/coin/config_clp_default.h,f3469f51cf8651689b37620a36549c9f6b730c5d,589a8376baf4118036a61533df17088836b9f40de9f065a9cdb3fad158eca733,retained-unmodified-source,individual-semantic-review-pending
include/coin/config_coinutils_default.h,4d50177630f13874eb25886eb5b49c01fe63af0f,b1e6108ccf97438d22e0493c5faaf8b74ddfad880d5177636791b1b567dcf42f,retained-unmodified-source,individual-semantic-review-pending
include/coin/config_default.h,a3b0c9a161e180483e044322f5d877926a341a3c,5616092b84316fc130daf1b03dc7a7499b93d02d6c1c232a9b279c6e455a60bc,retained-unmodified-source,individual-semantic-review-pending
include/coin/configall_system.h,45d275aeccfc5c527e17c489eaaa5da1c7890055,f2e92396b50d7bfdef61c473d4d5ddbcbaa94b41580e99a1c453f7eaee6e1d85,retained-unmodified-source,individual-semantic-review-pending
include/coin/configall_system_msc.h,11e0559ca0386594e6d8d83d540fa40b51d2e353,d61afffc6a02cf41f4d2ffe4d5e5b538e0f032794a9bace937e60eb08146d3b8,retained-unmodified-source,individual-semantic-review-pending
include/ogdf/augmentation/AugmentationModule.h,6fdc23a945429f2c1176c980710c6ee0cea4ab8f,32b7fdd1f3c34577904798925fb9f1a0873a9e0e09685354cc5fdd9a7ab3d166,retained-unmodified-source,individual-semantic-review-pending
include/ogdf/augmentation/DfsMakeBiconnected.h,9728121a309c7234abdec705a896de47ced8fc46,79a0bf4c45c3fc36ddbd75ab6e8b9b07408e2c8e0d9df78f1fd776dac288991d,retained-unmodified-source,individual-semantic-review-pending
include/ogdf/augmentation/PlanarAugmentation.h,62f4e86649d8cbd310d4c3d33723e5291167b2b6,69f7ca0c1547e13585beebfb6c6ea64df6777a17aac7b4d787f3954252757e7d,retained-unmodified-source,individual-semantic-review-pending
include/ogdf/augmentation/PlanarAugmentationFix.h,4df72760f6ada8450ae5b77a777eee897c00803a,11fb7f90577f6303f032b59899734bb3a5e011e66cd736c7ecb282bee19ed30d,retained-unmodified-source,individual-semantic-review-pending
include/ogdf/augmentation/planar/PALabel.h,054957fbcc01db3f36438a9259ffcf465ac74c6b,0089cce30892c2602ec3ae2926ef947cf4cc64fcdbf6d2bbc0b9579b1327064d,retained-unmodified-source,individual-semantic-review-pending
include/ogdf/basic/AdjacencyOracle.h,6c1155c9f5cc701a5f859195920d28343421939e,3499638a97862c8c7b860bfe5e8c4b79e8519d76db81fe5feb01ba18dbeda8fc,retained-unmodified-source,individual-semantic-review-pending
include/ogdf/basic/Array.h,bd075e06865c5631a057df92938e72a50e1b059f,379805f9c4b81b021ce295123dae379b5e98643743ae108916046da35ac79fcb,retained-unmodified-source,individual-semantic-review-pending
include/ogdf/basic/Array2D.h,e84773c0f2f334869e74671f05d80e82452dc4e6,60256ac308c13cdfec54d806cfe87f5a5aaaf50188fab0e9dcd5d5cc6243ad2c,retained-unmodified-source,individual-semantic-review-pending
include/ogdf/basic/ArrayBuffer.h,555b08e0cdd5910346d1af9e09e5ebc0918d65cc,d9f05b6dfb0ee0a5540044b9f37c624e36d7dfa6c3816a381e81f7dd6b924ac2,retained-unmodified-source,individual-semantic-review-pending
include/ogdf/basic/Barrier.h,8faa3ea767ed80b56fd1da7305c3d06f372ddbed,dd7a60e3df4ad4f0f58d62ab46efa51b2b05e73e89a5a38b04985ade6bc64e8f,retained-unmodified-source,individual-semantic-review-pending
include/ogdf/basic/BoundedQueue.h,20364aeb0b4c51f7b76db4e782816c4493f9f1db,10ea9d2e4769a5f9b1cbee47716b36cad720d23cbed3c79901a1a544c608d9db,retained-unmodified-source,individual-semantic-review-pending
include/ogdf/basic/CombinatorialEmbedding.h,54a768c49a0071dcf826ce69c5619524e1dc1599,1bb71e8262aa751ddee92c63ed56011229c5d84559fdefdaaa5875cb3fb9982f,retained-unmodified-source,individual-semantic-review-pending
include/ogdf/basic/DisjointSets.h,4f846b2592462510824bc969017249a5f0a8630a,cdecf71ad8c0acbcfd03bf565f998b703312095cc217049aafe7435f38ecb52d,retained-unmodified-source,individual-semantic-review-pending
include/ogdf/basic/DualGraph.h,26b935a4c9672d809310bdc1f985333c5b4666e5,b1ee4ab34f21f88e4b80e98fd81546c0dbb10ee90db61a515802d6d8aa8bcde0,retained-unmodified-source,individual-semantic-review-pending
include/ogdf/basic/EdgeArray.h,46f56fbb5c81773f747d1e89e6284188f476950e,86629266a8d67fad389a9e0ab8926d9f680cee065a99b4d1ccbfa0d9b0893c08,retained-unmodified-source,individual-semantic-review-pending
include/ogdf/basic/EdgeComparer.h,5a074579d7d082dfb74a171c92591d8373c17f96,5fdffce6e999ef0b71d9a31be067b707e29b162d9cd6429c164158d2e5700932,retained-unmodified-source,individual-semantic-review-pending
include/ogdf/basic/EdgeComparerSimple.h,66122bc04a7b6f61b79657eb7872e631667990cb,fa3e29c276b5368476cb56a4175eea50292d38250b1c5f97927972bdf7f98a95,retained-unmodified-source,individual-semantic-review-pending
include/ogdf/basic/EpsilonTest.h,fee5bc20530fad07cbd3e2ab56aec9e958066302,6a1370a458f1a09c507601a9f7b8c84e560b75693666e2ef9f0f5ee21e31f0fd,retained-unmodified-source,individual-semantic-review-pending
include/ogdf/basic/FaceSet.h,6d23b4305d168bdb29d109a00d3e3fd99c95d94d,81037712d378546101ae60025a52e7c41cdb578a7bf3e525c5626d9d64825fc0,retained-unmodified-source,individual-semantic-review-pending
include/ogdf/basic/GF2Solver.h,0cc85a58c623c15a82f53d57aff9e8adadf05729,35b4fe43229f888cc3c8bb35fd731d86c77571aac98435316496687da18a0330,retained-unmodified-source,individual-semantic-review-pending
include/ogdf/basic/Graph.h,cc8de7545f256e4771d84e8c2d6dc52a4a32bd02,74177f65c8e00b4eb2b70361fa6336c59d0e1f7915528295ffa617291c70b8f1,retained-unmodified-source,individual-semantic-review-pending
include/ogdf/basic/GraphAttributes.h,54cc606c6616c8d0ddff80a28306461be4712e2d,483ef245efae4d162a5a7a5ce549749fe464cb4895f4c9d109334599ed140875,retained-unmodified-source,individual-semantic-review-pending
include/ogdf/basic/GraphCopy.h,7d97d17dbf69fb7815a3f7e29877881cf373cd9b,6f78fadaa8c8287355b41796d5da4737c7eb7bff4ef5b94219417ae77402c2ea,retained-unmodified-source,individual-semantic-review-pending
include/ogdf/basic/GraphList.h,2e92553f8b285d74a8178e1b62d4adf9188780b8,6a03e89c977a70699ebf8d6deb78249497c181bdeed1b2bd0cca5e870341f62d,retained-unmodified-source,individual-semantic-review-pending
include/ogdf/basic/GraphSets.h,2e99431ecc55d359679c5da0c50baa0f79a2a3f1,207eea2f8db7b69e0c3eba339d793d74b37fa70f40d1f95ccbc4b57da8f69a6a,retained-unmodified-source,individual-semantic-review-pending
include/ogdf/basic/Graph_d.h,c01cd63a561b59237e82f04bb3263099eef84c5d,85a3ce5942a7b11cb6aa443fa56b1f3a7ae1ba8e54c2b7a8b3ef06a13133eedc,retained-unmodified-source,individual-semantic-review-pending
include/ogdf/basic/GridLayout.h,e6a48188604f8751a8ac15b74e22fff3a523530c,c47b0e54a214957360a939ba698ecdf35957413afdedebfa3ec0791956d6d978,retained-unmodified-source,individual-semantic-review-pending
include/ogdf/basic/GridLayoutMapped.h,faaabc498caee65a3d198ec0dbd867044201d042,ba9a9eb4d40a942ab5c8c9c3b26dd14378d31b51fa3fdbe14e8e30d0723238e1,retained-unmodified-source,individual-semantic-review-pending
include/ogdf/basic/HashArray.h,cb2f092d25b7bd14fc2664ea1e0419a3f0469f46,84ec6ba2b1f71daab4c46e9b824e95b2741f02b1a3c90f3c064f15ce8391a4a6,retained-unmodified-source,individual-semantic-review-pending
include/ogdf/basic/HashArray2D.h,915aa4653a2363731b9d7f5cdd39ccd9fad2e7fb,7103f5eda6054440119ac1256aabd1e13766f7056afbb2f06ac7d2d008b3e50f,retained-unmodified-source,individual-semantic-review-pending
include/ogdf/basic/HashIterator2D.h,2f39f3a0b823d3411943cb951766cf77d9c15220,6ed7f10c5e4149b1c6238a725e2056b5a64c4d1ef842a5c6a8c9258a37d4bd42,retained-unmodified-source,individual-semantic-review-pending
include/ogdf/basic/Hashing.h,b78c35c722725bdec7f2c345073f6ac218a6514f,4575d9ea1445c30a1537519c2ed1309e8cf6b81cbe17baf84b1e0a8a67520257,retained-unmodified-source,individual-semantic-review-pending
include/ogdf/basic/IncNodeInserter.h,9ef09bc01c47d1e12b57db0d7eb95c3c5fb1f9f2,a226f79297e52c0072bd1a5e6d75f495d739ece0c3fe0ae17e357e0cc9280850,retained-unmodified-source,individual-semantic-review-pending
include/ogdf/basic/InducedSubgraph.h,b9b58338af8b2a5cb16b101ac56585fb749a5e54,81565a951375ac6f3dd7e9b599ba65dbde8d1716dd89b5312e28c63162ad4c5e,retained-unmodified-source,individual-semantic-review-pending
include/ogdf/basic/Layout.h,4d3732f35c9d2be9183736dc86c6146e15e466ec,85580c3cac8f2c99648b1c1c6c9b6c93c0effdd2fd65ed3010486bdf985c3490,retained-unmodified-source,individual-semantic-review-pending
include/ogdf/basic/LayoutModule.h,637d251f5a2e7a25553d4718a9ca255661f13cce,1f78f6377712bc15c0f64ec651e4205306c1af3a85980ee1b5ebae4a47d67639,retained-unmodified-source,individual-semantic-review-pending
include/ogdf/basic/LayoutStandards.h,165f1cb76bcf131be0fb2e3eea0d0866c44f65d7,29af7e7e0310985c30c2264da2263bb2f7f20d40c071c03d52158a5566a3b483,retained-unmodified-source,individual-semantic-review-pending
include/ogdf/basic/LayoutStatistics.h,f980c712c633dccdd1184ff12fa41f916288d092,e537256b988ff81625547836e181a649d7fa5f124d59ca05565686d58f9ba435,retained-unmodified-source,individual-semantic-review-pending
include/ogdf/basic/List.h,756b8a48621e4526404d24fbe3db2287dec9f9eb,e50e00902390d9a037a08a835440b40b068ca12772c69b6f317eb007cf2e23d2,retained-unmodified-source,individual-semantic-review-pending
include/ogdf/basic/Logger.h,68a21881a8775d26c7911d6a67eb3db7964d0c70,0ed6a45f1c5e69a0667887b4fe4cb291d61dd46a8314919e0fa938c768af7b95,retained-unmodified-source,individual-semantic-review-pending
include/ogdf/basic/Math.h,ffbaceaf4435f3938e400461fed86a0f89d6f631,2bfc010123a5dd211db45dd451563a7d0542d3dbaf08b97612d675d8aa667828,retained-unmodified-source,individual-semantic-review-pending
include/ogdf/basic/MinHeap.h,09b8c9ddc7d78498ebdd91a6076aef0a4b9b7a71,d2e5ad8ad68cf86acb34cca11c751ecaf8b5844d006dd76eaaf0da237b4f6edb,retained-unmodified-source,individual-semantic-review-pending
include/ogdf/basic/Module.h,ece2681544da8d4cf81e5ec2ed8194b23308c5c1,3069c9901cad6c08eb5b87c831483dd37552b3bbe4eceecdc41ba91c3481a768,retained-unmodified-source,individual-semantic-review-pending
include/ogdf/basic/NearestRectangleFinder.h,4d4428efa04fd9f92656869285abf1328135295c,7814c3df5d0b02b8ded54de311ab64a2e2dbaaf23bd690f1c7b407f31510b59c,retained-unmodified-source,individual-semantic-review-pending
include/ogdf/basic/Observer.h,1ef98077127cb01cb05c39d0e0fe72b4f8752898,bfcdcfe66283d68c373258fd376bfc19e8329099ae89385c78b0706f52f0b57b,retained-unmodified-source,individual-semantic-review-pending
include/ogdf/basic/PQTree.h,1ee953bd785dd5f9d1330113652f7fd80a7c74df,24c8e24ee25a5eeb4bc1463a7ab2f4b4ac0e54d09acbd427da119a877ffa3bb6,retained-unmodified-source,individual-semantic-review-pending
include/ogdf/basic/PreprocessorLayout.h,8b1a0ee907fd7e5ef082de777ac5eb3ba8fb15ca,9efd81cde90b93d5a17f9abe141011fe14923300616344d4bbafe63cddc76467,retained-unmodified-source,individual-semantic-review-pending
include/ogdf/basic/PriorityQueue.h,a733a9ab072598220ffb2f3f6b02274a539b1990,f9e8f5f916be899e4691e65acf5c56640c3d937b873ecfb268180bb121a88d7e,retained-unmodified-source,individual-semantic-review-pending
include/ogdf/basic/Queue.h,2883c5b9b19fd01229a49ca1d541d88169b95f4a,57fb17041293e1b1c93317f4d7b2105caa294734ec64fd8ec7f8f7a9c49bd2c4,retained-unmodified-source,individual-semantic-review-pending
include/ogdf/basic/RegisteredArray.h,aeb91a223c4c3d36a80599a4c1950e6b3398fe1e,1de418beb0173d05442f1530463d3b3ca0ccedcc3a5b21d9f2221f70e49da51c,retained-unmodified-source,individual-semantic-review-pending
include/ogdf/basic/RegisteredSet.h,fe0a24857c278f8b64fe00adac7b09b56d5b161b,a90b60a25d211c2c03f6e44a92f866157a5c44ec4f23060bfcf6bda5a2478f66,retained-unmodified-source,individual-semantic-review-pending
include/ogdf/basic/Reverse.h,6d17b185a0bc4da25254f6ba12600f6558915fcd,d8f45911d777f945353050726e22f371920ba71a112136f380670f1f00a8da87,retained-unmodified-source,individual-semantic-review-pending
include/ogdf/basic/SList.h,fe54a17bf495a3b1691fe2036151f0dbcc9308b6,f81f3ef88c6e303c8a132d98aff3830f9cb9b05015879fe70cc57c8e8195de3e,retained-unmodified-source,individual-semantic-review-pending
include/ogdf/basic/STNumbering.h,5240c8ea0c61b34da582134b5ce8f5d869c05357,aabe32e0ec4d3dafcb08395eabdb4d1048c18ebe7ef94d32440396a3fd90e785,retained-unmodified-source,individual-semantic-review-pending
include/ogdf/basic/Skiplist.h,26a891ac75deca527cda5c99e9f54a67053b7c0f,53a191a43f3c07fd1dfcbce5bd50977d93b1cb8f40378ad2fce1d4a297603758,retained-unmodified-source,individual-semantic-review-pending
include/ogdf/basic/SortedSequence.h,ddae2d8fe6983b1338318f4792ff4555c2f753f5,f68e3e5b4c090eff73bbf6f670e496dc7d32f10bfa08a15373c53d307bd95760,retained-unmodified-source,individual-semantic-review-pending
include/ogdf/basic/Stopwatch.h,2d94c93be36deef83404f652abb861ecd4cdd24b,93f3bf331d560f81ccc5fcfa0e9ab9107a0dde745b7ca4569b525f67c9769523,retained-unmodified-source,individual-semantic-review-pending
include/ogdf/basic/SubsetEnumerator.h,78e53c11b428f6aca8dbd025cd25eee496f284e2,4ed881fdac08605237198b465d5396aed2952e0368ac916713a66116bb514a6b,retained-unmodified-source,individual-semantic-review-pending
include/ogdf/basic/System.h,3f05ccd66a4097a63816171a3b8646b62729811e,6e501390178ecc0331a1378d6251855ac412d27953533d62df69a95903d20c1a,retained-unmodified-source,individual-semantic-review-pending
include/ogdf/basic/Thread.h,613140dfa96454250c977f095848fc53d07501d4,f7f9d5e480a04413fa5408cce44223fe9ddd4bfaa9528acb75df1667cfa81904,retained-unmodified-source,individual-semantic-review-pending
include/ogdf/basic/Timeouter.h,7b8688c5fccced29368ef40380c93064fc50348a,230b43b0843a68b7e956095a5f03fbd2be08bcf1a0f20360e9a9ede701d430be,retained-unmodified-source,individual-semantic-review-pending
include/ogdf/basic/basic.h,b11e5dedfda0ccaac891fae29d11c7256fc0bc5b,ebf8cf15270cf4ba1629a31216c8528e5c75ee2b3753516535249f9f1fe74bc5,retained-unmodified-source,individual-semantic-review-pending
include/ogdf/basic/comparer.h,9f3c17e2bef17377cefc73387898f4533e2ba3f6,41399d4eb85438b830f9ff313df83f65f573d67c92cc6ddaa3fff45ed7203376,retained-unmodified-source,individual-semantic-review-pending
include/ogdf/basic/exceptions.h,6008d00cda5d4af5671a5e72c6eb987b5dd92e22,aa5c60b94c6c56d7d01834cb79d0a7561edd685fad78fbc1248f706aa19165ca,retained-unmodified-source,individual-semantic-review-pending
include/ogdf/basic/extended_graph_alg.h,8350150e21cf041c03679ccd6cb15a37fb410889,f730157f0d38262215b27ece1c6dd3d9de8582e077141aae69cbdc507204a4c9,retained-unmodified-source,individual-semantic-review-pending
include/ogdf/basic/geometry.h,bdc3da0dc4129614e8797bead421d0c3c02687b5,13e457aa06871359739124f9b0960700c133f6e79a770310337e793561115267,retained-unmodified-source,individual-semantic-review-pending
include/ogdf/basic/graph_generators.h,d82ae9cc517aafb5983572cb4cc823db5c46acae,9818d6e9ab75a1a9496ff761215b05f15284c7b3999a61f0a7260be0f86b3f8f,retained-unmodified-source,individual-semantic-review-pending
include/ogdf/basic/graph_generators/clustering.h,cd994a214e26d7c3e8a6f98236611c81c41366c1,9b397df51140175ce7c4b888740f1c1793b49370edbc6c917e15ea96504d2222,retained-unmodified-source,individual-semantic-review-pending
include/ogdf/basic/graph_generators/deterministic.h,69401d40454d31959220654661bc1eb115c4aefb,86bdb277a03b506f7bb28339d1d2f13f15af05be41e2d11f58c9f541f4d8a7e7,retained-unmodified-source,individual-semantic-review-pending
include/ogdf/basic/graph_generators/operations.h,889e3920cd66d2981f1a1f0c9642e37b8f6bd3e3,4f4445ea3c9496c29668ecd359c3ecfd1fa2252675c5b09107e0df8cd4beb5aa,retained-unmodified-source,individual-semantic-review-pending
include/ogdf/basic/graph_generators/randomGeographicalThresholdGraph.h,7487bef0855147a0cdee419fb02f851500d9569b,cec86c57a4e4c12e1577b80a6535e61ba1c80fcb1ac26d556846d87385299521,retained-unmodified-source,individual-semantic-review-pending
include/ogdf/basic/graph_generators/randomized.h,05cf1a7c82ea0895008ab2e0f6f57f72cda43924,4dfb536453eaa26a252170de17a5d612243cbe320b30b2dfc7cc85662163be96,retained-unmodified-source,individual-semantic-review-pending
include/ogdf/basic/graphics.h,7d5edb73a3681165d8e8eb98437f4a0358d33a74,b94f0e48ff85882a335131d11eca7aa561f2c3c2d94d756d9b6b0877f264e960,retained-unmodified-source,individual-semantic-review-pending
include/ogdf/basic/heap/BinaryHeap.h,9b3d2a50fa6e7edb854c5ccc83d04acd59cb0e07,c3a64bf8c9444a3d6cd8e84024903f48381b77af9df00695fe3091bef77a93b9,retained-unmodified-source,individual-semantic-review-pending
include/ogdf/basic/heap/BinomialHeap.h,aeb31c74c6a1a8fd46d7c34f7ce59a9737d4d3c1,fb562d6e99d850458c1cb46f3027f7cba52cc2c9904e383b70b72516004e84d9,retained-unmodified-source,individual-semantic-review-pending
include/ogdf/basic/heap/FibonacciHeap.h,7873415e1aa10be023c32f76c02ca70494d8b4ea,26d1683cac0ef6ffcd198cde4f0b71bccbb30ae87dfb11e96f4aa0a8880d8a62,retained-unmodified-source,individual-semantic-review-pending
include/ogdf/basic/heap/HeapBase.h,572ecfc815ffda00ea84c7b418fc347a82a603ff,b406921a84cf3ffbfe7fc98f3dfcde4d76136f7096101668dae60453bffcb128,retained-unmodified-source,individual-semantic-review-pending
include/ogdf/basic/heap/HotQueue.h,439214890e3b595394e1060c47f5c2f7eed62983,5db7da5613941844baa026c48b3435f8b1d018168e943438813fe4226fbfdbce,retained-unmodified-source,individual-semantic-review-pending
include/ogdf/basic/heap/PairingHeap.h,c235492affb24ac825047e54bd82a37cb52d9a59,693ac8b3da5cb51d1c5fd658448047a77a7c62ae119b30a71de19a97ac714f3d,retained-unmodified-source,individual-semantic-review-pending
include/ogdf/basic/heap/RMHeap.h,61775aee90047642ed9350b530b5decab0c8cfaf,b680e76743746176172207d52940cd12c6f2a13798edb4330bf339d7a0aa78b3,retained-unmodified-source,individual-semantic-review-pending
include/ogdf/basic/heap/RadixHeap.h,faf749bd8bea76faf4c126902e6c3ab3a9cfe820,64e505a190c30ad23cddbd87cc6a07a60faef31d92a706489d70688685df5e79,retained-unmodified-source,individual-semantic-review-pending
include/ogdf/basic/internal/config.h,3e14799090aed4fd6aead83e987abdf6676de634,34c0ed70e33806945c0d29a6e5f54321d1f7eb3143c8fd63c80813a686b772a8,retained-unmodified-source,individual-semantic-review-pending
include/ogdf/basic/internal/copy_move.h,25a7033224926069c7257811bf3d1412827b8ad0,bc988f0b36c73212eed5cb49f5793edbce824b5c9e9de5eaedd9d29340d7068c,retained-unmodified-source,individual-semantic-review-pending
include/ogdf/basic/internal/graph_iterators.h,b2d3d25cb8e529d48c08be70e8e07b84cb05d52c,ceb44dc1bca6bee8925fa0b26f1aa382f9fd126a322651ca3b7dfe284519ecfc,retained-unmodified-source,individual-semantic-review-pending
include/ogdf/basic/internal/intrinsics.h,c0906f436cf8d0dcd77155a44d997218ba9f7aa2,6109d22fdef18ab85c597c9376df08570be6a92bbf7df79ed344cab1e7e9cf66,retained-unmodified-source,individual-semantic-review-pending
include/ogdf/basic/internal/list_templates.h,6af4dc5025ebe0d605d954f00a525d874123378a,ccef0c18dec0efdc1a5f1250ce5c4c01c37da3fceeae419e62f62c85262b31fe,retained-unmodified-source,individual-semantic-review-pending
include/ogdf/basic/internal/version.h,6c9f7db5d174ef6a89c797019d06c7ade88b5134,6ba98f90e17cde061ba7f7ab376813b585368c3e3d920456ec1a85f21d77f66e,retained-unmodified-source,individual-semantic-review-pending
include/ogdf/basic/memory.h,4182a0370c8f3b86f78ceba702f961b1eccfcfb3,329ccbfddd4c82d6c9b7ac5b991a82e34b7b723a7d6d517387a95a93c7f8fa98,retained-unmodified-source,individual-semantic-review-pending
include/ogdf/basic/memory/MallocMemoryAllocator.h,9c68af8cd3d2ed6da5aec95d4466834f76559d59,afa91cb0420a7e6f66b9a4f74932aeb7260ce02a2d46f57e8eb1d86604aa340d,retained-unmodified-source,individual-semantic-review-pending
include/ogdf/basic/memory/PoolMemoryAllocator.h,f53b3741d6d2a1ca6c0f03f2c29974ec93b39cf9,1d1a55bdff43bd93a3ae3346c363581734f55812d9fe6439b264e657a0ee7435,retained-unmodified-source,individual-semantic-review-pending
include/ogdf/basic/pctree/NodePCRotation.h,fdbfd6fa0ef46378e29103b0b3057fa1f8e75241,ed31f8ca570694fa30c497454ca56f4413ce0830fdc8301424301ab2b3709c68,retained-unmodified-source,individual-semantic-review-pending
include/ogdf/basic/pctree/PCEnum.h,f94b8ee342e7f400ffbb2633c1ba93426c23bb1b,f83f7aa2f1072704f843a274af5557e5f7dc091a77e61508e8fae1751efe9343,retained-unmodified-source,individual-semantic-review-pending
include/ogdf/basic/pctree/PCNode.h,837398ef74dd2ae0443bbdda93d188405d5c4fa7,212425a1fd912c4e091623b5d1c756c54237a10e5174c7935c1646e7c146ce19,retained-unmodified-source,individual-semantic-review-pending
include/ogdf/basic/pctree/PCRegistry.h,262dd4baf9c075d93a79c7ce4ff30ac394d7ead7,1fe4d4949a470aca09aaf59c95d5301be599503c42c942641c21fe48f23536b7,retained-unmodified-source,individual-semantic-review-pending
include/ogdf/basic/pctree/PCTree.h,61d08ef6bb1e96bb355a6146810d992837a47fd4,446618b790be13c55feb25d8c9d304141e1fee515871228091dd53e29dee7bf7,retained-unmodified-source,individual-semantic-review-pending
include/ogdf/basic/pctree/PCTreeForest.h,ef5d8d497d1eed9da7d143671893f7782b7c8473,f118cdf2b9301e341a62016d2c1a49342f02c06a358c130871073b7ff7a4da55,retained-unmodified-source,individual-semantic-review-pending
include/ogdf/basic/pctree/PCTreeIterators.h,73fe1e79a568e329d9337dafe6312446064e733e,49d063b5f39e943e50fd050b0d384b68016621b98fc81b990a66ce1c5b71fc90,retained-unmodified-source,individual-semantic-review-pending
include/ogdf/basic/pctree/util/FilteringBFS.h,d1576d3cbc7ec94ec7628c8a6c8ee077c6f35b0e,a65db52096d5834a08dcbb4d825974121207c71c5263f42de622aa8b2d2c53fd,retained-unmodified-source,individual-semantic-review-pending
include/ogdf/basic/pctree/util/IntrusiveList.h,49d9382f604c11d2e4076c06936a3eb2158b6c88,6f48592837277e23c48e6d3de01b8a1657c4d00fcc94109a8302b03c695a2a27,retained-unmodified-source,individual-semantic-review-pending
include/ogdf/basic/pqtree/PQBasicKey.h,35b8878f78b13dac7fd516458cbd2031e0ddc4c2,95d9b59133dace77f47fe0e41e866c97e5c326211e4c6546df2e5941ff1cf888,retained-unmodified-source,individual-semantic-review-pending
include/ogdf/basic/pqtree/PQBasicKeyRoot.h,4c3dbfcd0d58c25563d8566534cac9c2b9372b39,3a50c15e2ec60b922a8c1209dddeeee4b9abde7be07a05d7324bb06573306818,retained-unmodified-source,individual-semantic-review-pending
include/ogdf/basic/pqtree/PQInternalKey.h,366b22c8bbf922f96c190f4649003064a6b7ba89,1faa8fdef347e937f11dd006784da5a07fb83d4a02ec10d07b7f469c022706a1,retained-unmodified-source,individual-semantic-review-pending
include/ogdf/basic/pqtree/PQInternalNode.h,86f564b6adcd0c8c1c548eb55d63f59beb57f963,158a923e7a7625d363c206cf928fc7ca591311ac591ca882fca09e3a2e5cd16a,retained-unmodified-source,individual-semantic-review-pending
include/ogdf/basic/pqtree/PQLeaf.h,3a524543df2fed28473a2e6fdf9228875955ca3f,b28c3a4397faca5148d8f16f5b4c08c962cd8f27e935af8e06476259fdb2c2ed,retained-unmodified-source,individual-semantic-review-pending
include/ogdf/basic/pqtree/PQLeafKey.h,431d64fae39dcff6e0564f5448a50df3ae60d86f,28090db7476584f2bd6af6ee81d9886d6351aa88673a19085a626418b67c0307,retained-unmodified-source,individual-semantic-review-pending
include/ogdf/basic/pqtree/PQNode.h,5ba8726e78704a966342f394a98c70be59656f56,1822a800a438c45d6c4fade711934ea316d29f32f10471603d8a7d37c1931173,retained-unmodified-source,individual-semantic-review-pending
include/ogdf/basic/pqtree/PQNodeKey.h,841aa263e7fed8d526655adc6aeb37873df732cb,9da3ccafa0d09dd6e97090a82c35e1cee4b8ec47c344060703f17e25baf4f714,retained-unmodified-source,individual-semantic-review-pending
include/ogdf/basic/pqtree/PQNodeRoot.h,90c18c826d522ad3468c6860d10d10b3d06713cb,c8f05def245a1ed5c5379bc6e8611346f46e49de39554eca155a3abe8950b2f8,retained-unmodified-source,individual-semantic-review-pending
include/ogdf/basic/precondition.h,5e6c361194f2721bc5e366b3ef6fcd8bea905c83,a7ea49584ffe7678c23091c4e3da432db231dc3addef5a3b262ed03b9bd99128,retained-unmodified-source,individual-semantic-review-pending
include/ogdf/basic/simple_graph_alg.h,08f741e61d18f1e6a9a2e65018038eb5adb8800f,89145901ac9676f4c90626d953562f9ab024c846b619a78765d1c8359b5c6cd9,retained-unmodified-source,individual-semantic-review-pending
include/ogdf/basic/tuples.h,90becd98c8853b00b1bfbceebb6c0a69f63b14b7,f61c602f7a7c110bf225a08f57ed60dcc0a66a8e818e0042abd4d7d3ef359d2a,retained-unmodified-source,individual-semantic-review-pending
include/ogdf/clique/CliqueFinderHeuristic.h,57a4525ef4fcc045f99d54b2a256ead32189e108,930ed2736b209072c65983fa13c0f7ddda950b66d715ede8d593f4e973004502,retained-unmodified-source,individual-semantic-review-pending
include/ogdf/clique/CliqueFinderModule.h,2c5fe10532bf6ba5c2e353080ecc91f8caae25dd,20f15e6211f66110a7a0f19a8ce5dbbc883c960ca20059d2783aeddeff85b340,retained-unmodified-source,individual-semantic-review-pending
include/ogdf/clique/CliqueFinderSPQR.h,8b2d6ecb5df8d30703fb36c2e638640b0bd58e63,3481c383238380c16586db50491897913820842ecacedbe6f5371024781b76a6,retained-unmodified-source,individual-semantic-review-pending
include/ogdf/cluster/CPlanarEdgeInserter.h,7dd58ef61587c153cacd720b7fbdde152feeb71a,e58a50cb3226d6ff129ce79ba41c27cd0f63e6c9c4eb0e9b6fa703eedd1b579e,retained-unmodified-source,individual-semantic-review-pending
include/ogdf/cluster/CPlanarSubClusteredGraph.h,ea7452a8b86ee22299731cc7514b947d1398b98c,63a056e497e01d8dc0469d2e8a1fee45746cb76ae4465659e8cac2c8a11fbc0d,retained-unmodified-source,individual-semantic-review-pending
include/ogdf/cluster/CPlanarSubgraphModule.h,673c15188118eef1991119414a0fa3784b0cee75,7c9653afb6ac2025537cce74f87a106ceb7a54222a77bfb2a8a0768933743c65,retained-unmodified-source,individual-semantic-review-pending
include/ogdf/cluster/CconnectClusterPlanar.h,cdc82da89bc05d73fe2fef3f4eaff7089face369,138690cdf1e313334ca51314eac14cebb2fe5b7df58eb66bf9a62be4a688ff47,retained-unmodified-source,individual-semantic-review-pending
include/ogdf/cluster/CconnectClusterPlanarEmbed.h,956735cda6c5fdba87c86c1eed58417dc59d85ee,2f45f8a966614b5013f383b4ded83344ca6ebdc47e794be4f06f3db4d79014cc,retained-unmodified-source,individual-semantic-review-pending
include/ogdf/cluster/ClusterAnalysis.h,435da335a66d54e33328aa3b369b055714399320,21dba9e122202f35edce941eaaf165a31e41f6e2fd892888e6201d92437d845a,retained-unmodified-source,individual-semantic-review-pending
include/ogdf/cluster/ClusterGraph.h,eaf2b27881a7d47ddd76a28366238ddf6540dab6,6cdb7c44a1e7cdf670715dbb93182b38ea6ae413febd65105d993a4cb59e179d,retained-unmodified-source,individual-semantic-review-pending
include/ogdf/cluster/ClusterGraphAttributes.h,40bc64313d7a0b650b935d1a8dd55fe4f3c30457,788360216249cae758dfa60fe33b0dc6acd0669650936f083a0eed967d01ef79,retained-unmodified-source,individual-semantic-review-pending
include/ogdf/cluster/ClusterGraphCopyAttributes.h,744ac723de1cee5e2d9d6c947b787d614c8fa028,ccdbdc2835b0d454c6e178312889af3e0053c9188c85917a506f93c11ffe9425,retained-unmodified-source,individual-semantic-review-pending
include/ogdf/cluster/ClusterOrthoLayout.h,62395d332db87f2efcd5a0bca9af53b425eb6601,0203fe2c736678e1932a0152f450c6a0eeb113a878ec7bccff99225353eddd4c,retained-unmodified-source,individual-semantic-review-pending
include/ogdf/cluster/ClusterOrthoShaper.h,0a2ce9d4bcbd9738f446f3b9c418bd1ddbbdf271,2e35bc709642057b57f528128544bbabb7574708c1ae681a5e9ad82dc2f00806,retained-unmodified-source,individual-semantic-review-pending
include/ogdf/cluster/ClusterPlanRep.h,335c71dd7633bac3f8f72eb391344296731fd002,c8961dd166d55827fb9dcde5c119ecc06c9b8c74b9fc87a0022ecce71a66aa27,retained-unmodified-source,individual-semantic-review-pending
include/ogdf/cluster/ClusterPlanarityModule.h,8133373417797636912d0e1daf4f90c3ca26d870,d173f846511d2ac61753ae4ba8eea5e076a8ad1cff5ffd91f78bec375e5ebf11,retained-unmodified-source,individual-semantic-review-pending
include/ogdf/cluster/ClusterPlanarizationLayout.h,12e46f305af811877c896679bbc0a95e65f891ad,93cc6efe93f6b6d003fe6c1f8962bbc42dbe43c5d7e9bc3b817f8f1a33a21b45,retained-unmodified-source,individual-semantic-review-pending
include/ogdf/cluster/ClusterSet.h,e0e654c26bf3b5a7278a11683a729e11f760bc49,c5a69d09259753299239f4d79dca4257da0bdba7a2893e02960fe4c525baec31,retained-unmodified-source,individual-semantic-review-pending
include/ogdf/cluster/HananiTutteCPlanarity.h,b1cbcc04d6022a25bcedb3671f6745641366eb69,04893382c7fd0614fabe35c4daa049e6981f574e004208428003675dc2746069,retained-unmodified-source,individual-semantic-review-pending
include/ogdf/cluster/ILPClusterPlanarity.h,30b1901e1b46284ab4a11790a6db1f4f7be15eb8,ea62e633d3ccae31fd050a0210ae5cf56a13d0f013e10732dd202e127e7e9e86,retained-unmodified-source,individual-semantic-review-pending
include/ogdf/cluster/LayoutClusterPlanRepModule.h,448e5018675c124307a8c58cc695bb1aaa3e5113,6195e6c818ace60a7940fd79d88d91f5724806b0401408c97ef8e935ac0f7e7e,retained-unmodified-source,individual-semantic-review-pending
include/ogdf/cluster/MaximumCPlanarSubgraph.h,2eb7c7c320de935f0ca10aebf20314d4cba9824a,dd8a24b32330ab0794287cae7c3e2f13bf90e1db1eb7024a4308a1aa72980345,retained-unmodified-source,individual-semantic-review-pending
include/ogdf/cluster/internal/CP_MasterBase.h,aee109d88b5b93ddb21cdc50731cb80fc8064e31,c39f29d6a6f8a740e5c7673f5df97958887c57359b2e2e6d26fed8d09ab9103f,retained-unmodified-source,individual-semantic-review-pending
include/ogdf/cluster/internal/CPlanarEdgeVar.h,5b12be5f240578d1c5113aaa5e4bd35fec315000,3d85c808fc58b8b6614ae7fe3bf3321580ee7209b965419fbd23dbc028269d7e,retained-unmodified-source,individual-semantic-review-pending
include/ogdf/cluster/internal/CPlanarSubClusteredST.h,e113143fec4176b3a08d08499bddc79ba3d9ca2b,e9bcbe25873fa22d2b664ff035a5467ccc2ecdc061ad06795fb1f921ce3f2bad,retained-unmodified-source,individual-semantic-review-pending
include/ogdf/cluster/internal/CPlanarityMaster.h,e660bf2e5fd7bd9b9de0600e180c9cbd8c06fb11,075f84fe18fe6066d7e9d006964a50c7f93cc34ca874c9459ec56de80f0e7a93,retained-unmodified-source,individual-semantic-review-pending
include/ogdf/cluster/internal/CPlanaritySub.h,3fc8ea19dfa628f0a40c7d748b279d0ce91039ef,2ba49a4637462364e9f3c6e26da2e0587340ad4f74d5def612b5e9726d56e212,retained-unmodified-source,individual-semantic-review-pending
include/ogdf/cluster/internal/ChunkConnection.h,60125a9de1dad2c6edcaf6250c860f4c357245c5,92eaa469a5bf38e48c7298f855307d085c4295a63e17235ef52f400e5af69193,retained-unmodified-source,individual-semantic-review-pending
include/ogdf/cluster/internal/ClusterKuratowskiConstraint.h,eb9d2b05c561e50150301a281a1e8d4be1889b78,fb602d40e70b548a97d6c276ac6a4b55f829526316ac890e86e3dfc6c652e5c8,retained-unmodified-source,individual-semantic-review-pending
include/ogdf/cluster/internal/ClusterPQContainer.h,8a756cf8afdf1a8cbb356acee24abbc2d1495ab8,c9fb724560565fa03cb6ccd78549e396ea0a9fd08b5aed5b3d769725482d0482,retained-unmodified-source,individual-semantic-review-pending
include/ogdf/cluster/internal/CutConstraint.h,6cc447dd1d4e2f2901a7c1d100502f49b574c246,f422652876016458a478efb295a594504a8b416632d26bc2de567b63c435c787,retained-unmodified-source,individual-semantic-review-pending
include/ogdf/cluster/internal/EdgeVar.h,b55dd9712d2dfa71d35e989aaa6b813d2658a469,656f40783841b212638cbf458ffca73d208f40047f92b202c2919c5dc6d41412,retained-unmodified-source,individual-semantic-review-pending
include/ogdf/cluster/internal/MaxCPlanarMaster.h,b7d0229f0ca8197bc960698dfced5146987dec7b,3fdb40e6911cd957de01611fc6306c4785f803e81b2fc06404da5baeb7cf9466,retained-unmodified-source,individual-semantic-review-pending
include/ogdf/cluster/internal/MaxCPlanarSub.h,66a9c651dd85ea71afca34461dda0f39a211e7d5,6dcd3717bf5da96692b747e5348ceebb507a23bc3d0b95da38886433cf8a2893,retained-unmodified-source,individual-semantic-review-pending
include/ogdf/cluster/internal/MaxPlanarEdgesConstraint.h,a17d63c4a8ca2f837c2c6bd1798b9011c1376938,bcaea8395a777426ba5be7e4156511671dbc02ff22c97cf03fa161cc5522d285,retained-unmodified-source,individual-semantic-review-pending
include/ogdf/cluster/internal/MinimalClusterConnection.h,c32dc3f39e5fd4eda7558d98997c16d19564fb8a,b0f793153cfc3cb162fd53d8822b7ff232f254245eda29f5f1430072b7d7ba54,retained-unmodified-source,individual-semantic-review-pending
include/ogdf/cluster/internal/basics.h,9d6f625ebf8d63717596ac224d091ca7b96cb0ee,e220a0b445a138b8d31d56ec3f0b9694b5ef5afe6f073a88aa6add30b0fc209e,retained-unmodified-source,individual-semantic-review-pending
include/ogdf/cluster/sync_plan/ClusterPlanarity.h,5edfb1814bc1a14708e66ac49e882c4d81336d90,de0ba1b7376c36335080462a0efea0122a92f5ed5ea20d8829dd3a65ecd58095,retained-unmodified-source,individual-semantic-review-pending
include/ogdf/cluster/sync_plan/PMatching.h,08cfe124b3d7fb2e9bff4dd2ad76a6916401edf5,05f91907e52e23d636e7ba69bcbdeefebea50b6281c6943199af74324aa85995,retained-unmodified-source,individual-semantic-review-pending
include/ogdf/cluster/sync_plan/PipeOrder.h,24b71f5b32b64ffbae6b47047702fc60787bb023,a6c93351efa6178a54f431d25545e8e57cf42c8bce2a7c52a5824f95ceb0e82b,retained-unmodified-source,individual-semantic-review-pending
include/ogdf/cluster/sync_plan/QPartitioning.h,85a9b6c4043de160ec845b672a8c5be1ec42d6b0,fc480247e3b1fe343fad936601af37a17b85cf89d04d53a86f67f37a21a09065,retained-unmodified-source,individual-semantic-review-pending
include/ogdf/cluster/sync_plan/SyncPlan.h,0a428876521334b83f0029ff4900f0d3d275cfc9,07d33e1b606e543142afd9ec99cff86073c54eeed86122cd01fd71bd89db7314,retained-unmodified-source,individual-semantic-review-pending
include/ogdf/cluster/sync_plan/SyncPlanComponents.h,f3266dbd182d8a1301ad2ca5e9b7ad2f2a9ed47f,2c9a91bebf9b71326f1059b95ddb1e94aa153e3e2e9062e91ddd75bf7ef48fba,retained-unmodified-source,individual-semantic-review-pending
include/ogdf/cluster/sync_plan/SyncPlanConsistency.h,f05c6e45aa32385d65c71fcbf947563375c86b7f,b5d76bee997478c2d4eceffde810a028fb82328fde45197354dfc4579f3dbbf6,retained-unmodified-source,individual-semantic-review-pending
include/ogdf/cluster/sync_plan/SyncPlanDrawer.h,68b4bcc5d6b2b416daaa00d2c345287cbcc98153,36522eaf0ce504817d5e74b973fbd201054a2037435a61d713869e05a6641336,retained-unmodified-source,individual-semantic-review-pending
include/ogdf/cluster/sync_plan/SyncPlanOptions.h,a87e6c8a16f4e1a6f9ff6af57efbbe2b343cdb93,ceeb5a0c8bba910f57f5e7441623e86c4c000c3695d655897fe277c362bf42d4,retained-unmodified-source,individual-semantic-review-pending
include/ogdf/cluster/sync_plan/SyncPlan_operation/Encapsulate.h,79e5504d1100ed37dc5bf82f651a99bd59fac793,320dcae7fd7d6ce5afcb9f8d36e3d414fc5f9f0386c0dd1fc7b3beb439330af5,retained-unmodified-source,individual-semantic-review-pending
include/ogdf/cluster/sync_plan/SyncPlan_operation/Simplify.h,f3ea0824aa5beaaaff91ee7a1698822da23a2909,afdc720d7ed5c1e2c89a6efae299e67f196131e893aecf86b8e428e0d3438b69,retained-unmodified-source,individual-semantic-review-pending
include/ogdf/cluster/sync_plan/SyncPlan_solve/BlockEmbedding.h,f3d37c72c13c23d4d760e16db13e341ac295b13e,60e47d8e92173bca1bac15e7a9a0f94f72bbfbf76aa2cf76e98c6e9deb23bf3c,retained-unmodified-source,individual-semantic-review-pending
include/ogdf/cluster/sync_plan/basic/Drawing.h,52274a199cb633813f39191c2210b14dd3a828d2,5e419a05e554d49ab350a4662ef1b67126645ce1067adb0a8bc94dc354ed5083,retained-unmodified-source,individual-semantic-review-pending
include/ogdf/cluster/sync_plan/basic/GraphMultiArray.h,82a10773e1459a741351c36ce8dd2f2d51f0e6fa,539ae28b6728867957027049a5f1573fd359392407d47e39865f6476476a803e,retained-unmodified-source,individual-semantic-review-pending
include/ogdf/cluster/sync_plan/basic/GraphUtils.h,6996af90c27492ef48cd4f3691b2e905a6a33c3b,322741aaeb70d8d730e3f901f0573a9419db25de4c5e2074d6648c1048af8927,retained-unmodified-source,individual-semantic-review-pending
include/ogdf/cluster/sync_plan/basic/Iterators.h,02df1634cba30086352c631a635f943a07edc1f2,893fbdbed1e7e5cb5523f8ee8271421ba5fb47419a87c727cdf111a52f5f55ce,retained-unmodified-source,individual-semantic-review-pending
include/ogdf/cluster/sync_plan/basic/OverlappingGraphCopies.h,05f1e7c5a1543b52ecd74732e5924aa0834a2072,804228f9676f3f5b440035cd3dc8093bfb41b40e07da38d14fad27056422739d,retained-unmodified-source,individual-semantic-review-pending
include/ogdf/cluster/sync_plan/basic/RegisteredMultiArray.h,3281c262d2949052642692df409e00efe26644ab,927b2b2d158f17f58f1027215c4f1631edabc4b40d81b6e7746cdea60f1a8453,retained-unmodified-source,individual-semantic-review-pending
include/ogdf/cluster/sync_plan/basic/TwoSAT.h,414f0c535799aab0c211ae60c9a5d3b0051c2bd9,da04f365451c419fa709421952fb29a21f06692216b39ca632801ef0e0f6fb2e,retained-unmodified-source,individual-semantic-review-pending
include/ogdf/cluster/sync_plan/utils/Bijection.h,0da6d6809c740b9558b54b78483d8711d7511e37,6f09bce783d3a1c122f8577bad873df1dcea5490f7c8c11d354fe94bf5f72431,retained-unmodified-source,individual-semantic-review-pending
include/ogdf/cluster/sync_plan/utils/Logging.h,8d99b2be35baad82b842b9ad032313beebcbede3,9fed458dc93c1bf95092d64b01aa42bbfaf32776067d5d2d42a543d02d0b3fdb,retained-unmodified-source,individual-semantic-review-pending
include/ogdf/cluster/sync_plan/utils/NodeSPQRRotation.h,529912e4cd5a79564aafb9e59e395b0a6807c8bd,d3bf0c23f1abd92ff57ed74880f532c857a0c829b18178c1bd250b667ff88d2a,retained-unmodified-source,individual-semantic-review-pending
include/ogdf/cluster/sync_plan/utils/NodeTricRotation.h,47ad9ed672ec5f25be237edbba5c61076f21cc50,0d65e91d83ee53d3f9aa6ca8e27cb4f3edc724a9bf8849c8ca691b6968457376,retained-unmodified-source,individual-semantic-review-pending
include/ogdf/cluster/sync_plan/utils/Preprocess.h,aa713546710c7272069f387aa84ebb2d5dd13102,afd23b5a26b02452c7fc691694ae46cd002f08fa5594371f369890527332c521,retained-unmodified-source,individual-semantic-review-pending
include/ogdf/decomposition/BCTree.h,af64ce5c25aa58f1192de153e70a366a406613b3,86b0f070b70c1ba733ad422f2668848994984d27e5a3da07bd8990303d17c84a,retained-unmodified-source,individual-semantic-review-pending
include/ogdf/decomposition/DynamicBCTree.h,553e9c69f0e6ae991fec91e52adcf8ea6e7aadb5,a15c7abdf6fd63d8b50b942447b2dbcbc9ab8372ebee54043b6206502d24fad1,retained-unmodified-source,individual-semantic-review-pending
include/ogdf/decomposition/DynamicPlanarSPQRTree.h,0667ec81d28d90518516ac6c153e5406f649294b,f01ee75391e9e826c87bd54a921f0566eaaaf76dddf29cba4239fb48279cfeba,retained-unmodified-source,individual-semantic-review-pending
include/ogdf/decomposition/DynamicSPQRForest.h,dd80bee95a0ec7718c98de9bc8d6b841ad0bc6a6,f1e24d4f9374a82c155b7d452e517bff07251dd8b5304fae3d37da0bef716cbb,retained-unmodified-source,individual-semantic-review-pending
include/ogdf/decomposition/DynamicSPQRTree.h,5ef2e3dffc269b421358c87ba2c997426e9847fb,37d8ea0475f3b5c65933b004d4e7354bef1b575a73447f400dba56b919a46e43,retained-unmodified-source,individual-semantic-review-pending
include/ogdf/decomposition/DynamicSkeleton.h,6076ad68e6761e84e98b867cb70403dc3e138eda,4285e37e19fbeea2d4817e63988dffeaf4d6ffff141eb8cb57025c186a399bad,retained-unmodified-source,individual-semantic-review-pending
include/ogdf/decomposition/FourBlockTree.h,5580e7cc350bb0e765d080674de3c93e38f733b1,a0060895e37773d210a268f168d740e94df6f9095977e3d256d46c890bfd5a0c,retained-unmodified-source,individual-semantic-review-pending
include/ogdf/decomposition/PertinentGraph.h,e69bb27756ce75b766e61b63ff010d96f7fc5a9c,2d575c171e6310caee7403087125afd9af5d64c7c7189de1b8778b86d9271c8a,retained-unmodified-source,individual-semantic-review-pending
include/ogdf/decomposition/PlanarSPQRTree.h,7c471e95786510fde2ae8c143d35cbef56b6dcfb,06499996238367698d2eb79ff29d2303ab16abeb872ffc65ed8a91f20de0b74d,retained-unmodified-source,individual-semantic-review-pending
include/ogdf/decomposition/SPQRTree.h,3616bc20697a140e7f660299d06ff33a0821c965,ad4aa2ebbcab97f21476e0464adae97806e9e13bdc5ea715ef93b55eff8c70ba,retained-unmodified-source,individual-semantic-review-pending
include/ogdf/decomposition/Skeleton.h,2f94c74dbe9db6a36cd8bf2720b0988de6b5055e,646c7655e3671ed43e6f1c3cb226ab25682f8bea60731dcf43a6d393de855647,retained-unmodified-source,individual-semantic-review-pending
include/ogdf/decomposition/StaticPlanarSPQRTree.h,55c00856b12e15cd031cedc06194fc32c674aedb,a50cb5d9ac9264ce2807859f99e6381412f943c136d3f8a9d681bb362ab15500,retained-unmodified-source,individual-semantic-review-pending
include/ogdf/decomposition/StaticSPQRTree.h,05e33201acd5408f201af9ee8c1673ee9bf7802e,7ad8f59642d0d88973921c07a3d4c6b9b63a5fda35b83b10a509011871d0546b,retained-unmodified-source,individual-semantic-review-pending
include/ogdf/decomposition/StaticSkeleton.h,dd2fa16555ea7e1751fb352d0d207f618b768471,8f609f3b1b34b718d976b1bbfa901ecd0d4704f708ba31b5a80ea90281023a7e,retained-unmodified-source,individual-semantic-review-pending
include/ogdf/energybased/DTreeMultilevelEmbedder.h,c550152502e7e8af8c34f8b4bb14971e812ee610,557395c8e83e2e323cce4e12d87b82d6ba57df0c672245d55d2d3fe86fbcf4fd,retained-unmodified-source,individual-semantic-review-pending
include/ogdf/energybased/DavidsonHarel.h,fe254d144bdcc2bda7e17a96475b0fa92eef071c,13767bfa46625c1ef18c12a8b24838e84c5815bfa56e99e139631f0c08e3662e,retained-unmodified-source,individual-semantic-review-pending
include/ogdf/energybased/DavidsonHarelLayout.h,eb2616fc9e9a77f4aa46e42811c05e199f2798b8,16fc432722fd8db9a3b09e5535a3a3a06cc07a8e239d0e349b9abe37c2a4b1ff,retained-unmodified-source,individual-semantic-review-pending
include/ogdf/energybased/FMMMLayout.h,1f96093f1c4fc883537b76e04642eaa7352cb889,4412427cb74a7830944be459fccbcb3a2614d4f1172cf0873ca82f419a7f205c,retained-unmodified-source,individual-semantic-review-pending
include/ogdf/energybased/FastMultipoleEmbedder.h,116a8cd2bc0f540e0561c02f1d072a9d799aed7a,b42a38f0b3ceafc3d4a88c09e33be629f89d8aa5c46c49a91efb292129ce6bdc,retained-unmodified-source,individual-semantic-review-pending
include/ogdf/energybased/ForceLayoutModule.h,8c682f87b542c23237fbae6246058e8cf9f54c69,3af98b4cb38989c8bef2f7b09fe90619edd586f5a037be5d56c46ef0525faec2,retained-unmodified-source,individual-semantic-review-pending
include/ogdf/energybased/GEMLayout.h,456059e846a2145fc11ee9ef680ff54945c84e18,261bcb99e3ace5371e6054c3cd336cdf33ce0843f5910e07b2105483d37df803,retained-unmodified-source,individual-semantic-review-pending
include/ogdf/energybased/MultilevelLayout.h,e93680394b8d6f3dd88da2779492fcfb0aea1f71,10281772b1ca8e3c60a7d2ac11ad45b7bfdd8dd434937d176f5d97e5f78caf68,retained-unmodified-source,individual-semantic-review-pending
include/ogdf/energybased/NodeRespecterLayout.h,ba542c7cf35747d523b70045a6039be064c4cee7,c0e73acd3f3382dd0dd5bf9622703b50743fb6e025225c42d1987ba9e4e5aca8,retained-unmodified-source,individual-semantic-review-pending
include/ogdf/energybased/PivotMDS.h,0113318d7f32e1d1504970f58c71ee9aba7f7647,bece598fff57c37b00ee421ee3b718902e0b8b2f63397b794b64e3f61d06d4d0,retained-unmodified-source,individual-semantic-review-pending
include/ogdf/energybased/SpringEmbedderFRExact.h,893d5f89ada927d7133aec9712e5654f5f68e29b,2a2900def0279896b591358fbc96628968e0ca77d25ce936d24ac257ebe333e4,retained-unmodified-source,individual-semantic-review-pending
include/ogdf/energybased/SpringEmbedderGridVariant.h,a258c22f58c27fdd8c1295867b5b6bf98b679738,69ccad47e4bb2c71f076f5996f17fc650cd2370c72501c69910569d504539517,retained-unmodified-source,individual-semantic-review-pending
include/ogdf/energybased/SpringEmbedderKK.h,f0731af580d589df551bd4a83d1bb0b5b9f1ed91,ebd4c3b61999aa84c22f2b2315794636e8a8e8277db474f9c89bd5817427ec85,retained-unmodified-source,individual-semantic-review-pending
include/ogdf/energybased/SpringForceModel.h,74581aeae6eef67af62a0ed9961910ce8ffb9ec6,3e92e0d6329bc2921a4bbd5ce315b877d0f854750561f9b450cb92e9210ae060,retained-unmodified-source,individual-semantic-review-pending
include/ogdf/energybased/StressMinimization.h,7e96256b82ff1d51d0ce3ee513049573aee4a2a8,f1307a830c56053753e517a96956ebece357f4bb1a7cb6ef6ff527853406ca23,retained-unmodified-source,individual-semantic-review-pending
include/ogdf/energybased/TutteLayout.h,1a9d44572fac473d6cacf110f320926ed8ce12ec,0bc9d17b04609eb50c32d9727779c17ce00e2925ab75dfa514b48b48c054c674,retained-unmodified-source,individual-semantic-review-pending
include/ogdf/energybased/davidson_harel/Attraction.h,79578068006b064f497e189b19700dce7cb1a366,33ffa0f6235520f8bdb253fa4c80dff58bb3083b2fdc9ede5ec1d4f097ce67c4,retained-unmodified-source,individual-semantic-review-pending
include/ogdf/energybased/davidson_harel/EnergyFunction.h,636431fc4e656c9729682a8ecf899d79f354ab74,3487557c1499d57e96bb928d2e06b53d50b9bdeb8cda3dfcefde3742ff0c3e4d,retained-unmodified-source,individual-semantic-review-pending
include/ogdf/energybased/davidson_harel/NodePairEnergy.h,18bdc199fa5d48223f4ad042b0e72cba441dda37,0eb7f018f2352d2391a5bf2db1c93c6ea75db93706759f2f9531b8b70612dacc,retained-unmodified-source,individual-semantic-review-pending
include/ogdf/energybased/davidson_harel/Overlap.h,76a7159a61e532d5f0de172c0db844642a52c43d,e6d0bd4ef1caefcb24f949edfb607db0cf25cd7484175c2e9899a1a44ba803ae,retained-unmodified-source,individual-semantic-review-pending
include/ogdf/energybased/davidson_harel/Planarity.h,e0768f89cced152e4eafa859de878617fbeb50dc,605467deb893db9e9952f53155fbd8393cb2f8bb6e2546e42f0aef6139ba4361,retained-unmodified-source,individual-semantic-review-pending
include/ogdf/energybased/davidson_harel/PlanarityGrid.h,0b4c6ac98eaa81e392c9baa83522b72524315a52,e60539905b0c70d7976cee6ba2cca8458c4e67a58617f5a5429f62a73cad7829,retained-unmodified-source,individual-semantic-review-pending
include/ogdf/energybased/davidson_harel/Repulsion.h,2ac8ddcf9d6ff1a781cbc54fdca5003fd7f00e37,43a0583a5af5f0e44659db85192ca16ae588383d35c1d4478df68b472b2b45aa,retained-unmodified-source,individual-semantic-review-pending
include/ogdf/energybased/davidson_harel/UniformGrid.h,6e310af0d4699cb4157987d23bfba74684917d73,6861db0a4c7377829b74c8433efe167047e6459fb0b0e2cdeb134fdb6ce10c7f,retained-unmodified-source,individual-semantic-review-pending
include/ogdf/energybased/dtree/DTree.h,f1637635405939b52680fd25900e2ad2fc0d1c94,ebc6b39eb83a925ec85052e86451c5f17493e25f9f48f8b27d5505bc1a2c8e46,retained-unmodified-source,individual-semantic-review-pending
include/ogdf/energybased/dtree/DTreeEmbedder.h,ab0d91c69d0d3bdea375f5207d80c4dd84fc899e,5898a3346be260a6d8a74d74d734dd12270db43f5c60659264d1d9320881d8b1,retained-unmodified-source,individual-semantic-review-pending
include/ogdf/energybased/dtree/DTreeForce.h,2f3f42cb2cadc2b15dcc1e155c1cbfa032eb284f,506d82ff1808d566c5c52c9e04c5ce3c0f57d0a0b69ed9c9e6d8ec75a7a83fbe,retained-unmodified-source,individual-semantic-review-pending
include/ogdf/energybased/dtree/DTreeForceTypes.h,71450d07a0997ed67b2bb2c6da2d2a4dacb69099,e785f4de99437ab3d937221e0330062ee72a0b4383cb7ae7138c1972fe1b7520,retained-unmodified-source,individual-semantic-review-pending
include/ogdf/energybased/dtree/DTreeWSPD.h,46b4400bfdf12fc5c31a2c8141d0be21ecd05941,bb8a38885e23b01732139af30d718e79f4780bdfaa735e63902a24ef58bb81a1,retained-unmodified-source,individual-semantic-review-pending
include/ogdf/energybased/dtree/GalaxyLevel.h,920fca7817a45f692e63892c32e9b0fd010eb3ab,9d34cebadcb9a675e0733778af34d4a951c5ab3b02b6705614bff98b304d962c,retained-unmodified-source,individual-semantic-review-pending
include/ogdf/energybased/dtree/utils.h,c5dabdd0bc0096c58eed626da9c2cecf3abb365e,cb9a41e8cd618db987af605422a6f76b847d53aa65ba63cfcf5c4b06ff842a95,retained-unmodified-source,individual-semantic-review-pending
include/ogdf/energybased/fast_multipole_embedder/ArrayGraph.h,02b8dfeb5d46407ccc253feab5e26f56181e93a3,d630999bb0c0003a550508072edec399d949842cbc3e981f2716536d80c49f58,retained-unmodified-source,individual-semantic-review-pending
include/ogdf/energybased/fast_multipole_embedder/ComplexDouble.h,18a57226a7f6220901d50fe0f94e2c09d16d1e4b,756770fdc0aa78b6efd6e323745dd5fc2c612f4e0e442ac36bbecf7b5fde2436,retained-unmodified-source,individual-semantic-review-pending
include/ogdf/energybased/fast_multipole_embedder/EdgeChain.h,4a91c232beaeb7116bdf5c70e362a5faa96bcb2d,0cce97fd75943fbaeec0c7594c0b24eb2016ca493c225ea4c2517387e3df7116,retained-unmodified-source,individual-semantic-review-pending
include/ogdf/energybased/fast_multipole_embedder/FMEFunc.h,41a50d59d47a7116b747606376e054725309ce5a,a117ebe301b82f3c6f0633a13a1098e5e8126a51f31849776bea57362fb3f37e,retained-unmodified-source,individual-semantic-review-pending
include/ogdf/energybased/fast_multipole_embedder/FMEFunctional.h,14785a91dd416b2c554047b230c9b3a7c62f696f,0868958a0e0f5890c0feb3942f6ff532ed22b8c26405486d1613d40eee81ab28,retained-unmodified-source,individual-semantic-review-pending
include/ogdf/energybased/fast_multipole_embedder/FMEKernel.h,50b27e63d97e20581434a4a1d01232cb44c4c97d,d1a34141fdf6d23a6713c1efded00b734df1b7058017fa04269329bd520e1e51,retained-unmodified-source,individual-semantic-review-pending
include/ogdf/energybased/fast_multipole_embedder/FMEMultipoleKernel.h,26e953330a348c88df849458fee77b81e6766ca9,02c200f338bd4b2509516f711f1e08786ec2b790e48c041ecb19afad717b2e5c,retained-unmodified-source,individual-semantic-review-pending
include/ogdf/energybased/fast_multipole_embedder/FMEThread.h,f87e648b5317db7967b9ef8aa889fa20a21a7107,ffe52967124b98377978760f289a125311dc58c01cfedd841bfc00271b5cbefc,retained-unmodified-source,individual-semantic-review-pending
include/ogdf/energybased/fast_multipole_embedder/FastUtils.h,3896382524d159260b38739b8c877ca52e7ff218,a1503eefe8c3f78e3d09ff76817e5c52cfa26b5cbd10493e8aa6a14286b9bfdb,retained-unmodified-source,individual-semantic-review-pending
include/ogdf/energybased/fast_multipole_embedder/GalaxyMultilevel.h,e2c778311a5ce71a21bcfbc2f22f5034b84900b2,115e20c7ed3cc4ba6cf15501253ac27a3ef251da8fd77700e77b4d30c2fb4f7c,retained-unmodified-source,individual-semantic-review-pending
include/ogdf/energybased/fast_multipole_embedder/LinearQuadtree.h,bac2ef547e0e7a2dc7e83db67080a603ab751abd,7a8b4bd78d22b1eebcc768417fdae8ce23460336fc70bb43db7ce868f13f2bb1,retained-unmodified-source,individual-semantic-review-pending
include/ogdf/energybased/fast_multipole_embedder/LinearQuadtreeBuilder.h,8dc4b9043121eea27e246f3a6f2f481533b2bfe2,ad822863d84b162b10bff7a92d605817c5fded3a1806b78d3434584a5fd8d755,retained-unmodified-source,individual-semantic-review-pending
include/ogdf/energybased/fast_multipole_embedder/LinearQuadtreeExpansion.h,bfa17cb1b8bbbc9be05d33018d36fd33d830f510,45e74afc49c5cdfca656d90ede7f256d163ed30bd31188fd110c35cad5567a9d,retained-unmodified-source,individual-semantic-review-pending
include/ogdf/energybased/fast_multipole_embedder/WSPD.h,a62a797960b162b29682909796af684c35faeef7,3ba60b78b638f888c802b5f6d5b1dc845932fa84f6656236122443634be5d553,retained-unmodified-source,individual-semantic-review-pending
include/ogdf/energybased/fmmm/EdgeAttributes.h,57f54c8296c79b52f5703e697c7758dded29d555,c04150cdc6b182d1b4560e88f85acc911e1511ed25f06cabd08104cde8aee457,retained-unmodified-source,individual-semantic-review-pending
include/ogdf/energybased/fmmm/FMMMOptions.h,e8f723ca1fb087d2f32ecaed82fa7eb95af17278,3543715889babed5bcfcadba69385effa06f68862aaedc5cd48a4ed5d3d6a78c,retained-unmodified-source,individual-semantic-review-pending
include/ogdf/energybased/fmmm/FruchtermanReingold.h,5c0953bbadaad88a408a977fbf595edd40aa7655,05863759b9bfaa7a5f14fe843c422a95c08db177f6da2b0076e09f72848c8e3a,retained-unmodified-source,individual-semantic-review-pending
include/ogdf/energybased/fmmm/MAARPacking.h,bc3121965e0d50d8e8ca56ea07d9c4b56cd7ab37,e94760f14ec89d686110b0f58e06caeae4365fddaa7c49aeffe7dc35ad1cf962,retained-unmodified-source,individual-semantic-review-pending
include/ogdf/energybased/fmmm/Multilevel.h,2c85f6a5083d9ca8eb00544db4cd75314f6ddcb2,4a82c69bfe5bd8c25bec09ee338d003e83bb7f98bc740a9882db87207ce4a805,retained-unmodified-source,individual-semantic-review-pending
include/ogdf/energybased/fmmm/NewMultipoleMethod.h,618c22deb59056e8161a0c8470622d2018aa865e,6cfa5e18c22438e5b9b4a0a3350a8f23743584792c33a113b49801d25a6616a9,retained-unmodified-source,individual-semantic-review-pending
include/ogdf/energybased/fmmm/NodeAttributes.h,4b3d897dc179a881d0bd417e2609c50e2c2046d7,00379a5c9008bfc2d234343ad1a5d7ae92b93b284d5705fd2c1d9859be72b353,retained-unmodified-source,individual-semantic-review-pending
include/ogdf/energybased/fmmm/Set.h,205da7f17fde2ee6ab079c742f182cef4816a978,d6b156ce125ac6cf1e3768a41c725a2c7a0df0bcef6f85a893930a0418a2c642,retained-unmodified-source,individual-semantic-review-pending
include/ogdf/energybased/fmmm/common.h,0598d2e018273a402f45845d29fbc599f0600737,c4e6aa5772120c14a2a186a5b563e17894c1c0ccc4fa6fa4bfd15c8239462244,retained-unmodified-source,individual-semantic-review-pending
include/ogdf/energybased/fmmm/maar_packing/PackingRowInfo.h,ad3a898ddaabb08f62b0fad74464f15ae001fc72,42311e56997bf461ffb3f7b3b2c5a2aa9b89288844fb19d2045c4a53a8f8741e,retained-unmodified-source,individual-semantic-review-pending
include/ogdf/energybased/fmmm/maar_packing/Rectangle.h,cc4a85c888267b28daecd84095a8b8ee0d11dafb,1ad4362b59abdda241bd6a1ed118145a8ec59355a6124980a6b58d5b6df3b293,retained-unmodified-source,individual-semantic-review-pending
include/ogdf/energybased/fmmm/multilevel/Edge.h,c8cec10cd58bb7ca281f3ffc04434fe8dc676213,57a697fd3787a7dafc3634928e29975a68c9e8898e46f05f68635ec6757267ca,retained-unmodified-source,individual-semantic-review-pending
include/ogdf/energybased/fmmm/multilevel/Node.h,208da37f15bc36e20284a293893fbd57dd88820f,fa32d4471d318e0451ae8dad4c4b0e19f8bb39272d7b6a24c5dbd4ddc5aa38e2,retained-unmodified-source,individual-semantic-review-pending
include/ogdf/energybased/fmmm/new_multipole_method/ParticleInfo.h,8f7aadb25688fb7995e625c1f82a8e9303bbf516,96fa06afca07c28ca0361fb1c84719ebc82f55a8d04cdd547e36a5fd08c67239,retained-unmodified-source,individual-semantic-review-pending
include/ogdf/energybased/fmmm/new_multipole_method/QuadTreeNM.h,da584533ad3a7da273ad405352f6a7a6358640a8,2d45031c60d963cc5bd501642d75cfab544554e78ff48204438f7cf729e976d3,retained-unmodified-source,individual-semantic-review-pending
include/ogdf/energybased/fmmm/new_multipole_method/QuadTreeNodeNM.h,5a4390850891d575ced987f7e0e73cea048a3694,6c244c91f6511b844ac35f3dd35529cc3f362cbd10b7ec944034eb31e00a4964,retained-unmodified-source,individual-semantic-review-pending
include/ogdf/energybased/fmmm/numexcept.h,fca89a44cded6d5c9eb58f6a97c8506b26df1c62,29915236713c78f715737522dae566b34fe46bb48c6088c9b4d8420be4708c2d,retained-unmodified-source,individual-semantic-review-pending
include/ogdf/energybased/multilevel_mixer/BarycenterPlacer.h,a5857fedb8a933ceedd71788d8e63f85f1414b11,d9d41f5b1313563143ce1689107aca379262f2c75e1ed22dcc7d20685e4c7f1d,retained-unmodified-source,individual-semantic-review-pending
include/ogdf/energybased/multilevel_mixer/CirclePlacer.h,d747e82ffdfaa68ba47dca8752a742bc69a26abc,4ee473c1b267f377dfb78979e56f72a8b37795c149a993e6c3c99e731689fab9,retained-unmodified-source,individual-semantic-review-pending
include/ogdf/energybased/multilevel_mixer/EdgeCoverMerger.h,710d3322a99ae2170ddc7bba7391c405f0b29a35,667a59d2775c709b0a10de575a4ba5f4d07d8c9582ec92eef47c2b0248570f47,retained-unmodified-source,individual-semantic-review-pending
include/ogdf/energybased/multilevel_mixer/IndependentSetMerger.h,346f4168d33618223d4cbf14e10503bbe5168951,9ff561a13ea7da8c74854544a8547131f0b5c4cf5e37bb2bbcaa5d279f51a9e3,retained-unmodified-source,individual-semantic-review-pending
include/ogdf/energybased/multilevel_mixer/InitialPlacer.h,c1b29cb8e8de7dfb89406a71df79127a61cf9a74,852e99dace13f673142649a82b96cce387f01111e3f63dcab36f7d74a557b527,retained-unmodified-source,individual-semantic-review-pending
include/ogdf/energybased/multilevel_mixer/LocalBiconnectedMerger.h,9445186fe62557db12892e87c3c3f98f964caec5,89e0bf004bc2ffe5f3235dca9357996f03e5f588ec2721982a950fe51c1d823d,retained-unmodified-source,individual-semantic-review-pending
include/ogdf/energybased/multilevel_mixer/MatchingMerger.h,d3cbf93ce4553f50a3554e9fbaa0a7a92c2fd6ee,44c5a561b8103fa8d3143a88854970f6fa4acb5a9c9f782d170ce077dfd281e1,retained-unmodified-source,individual-semantic-review-pending
include/ogdf/energybased/multilevel_mixer/MedianPlacer.h,52f09422ad33ce760c7e768aea58ca4969545729,0815a9cdcad1595ac04b4198c3e2be46561e3a90de6227d7c619396c1484c2c5,retained-unmodified-source,individual-semantic-review-pending
include/ogdf/energybased/multilevel_mixer/ModularMultilevelMixer.h,7108b1408c0784c60f97b271d47502be114f351c,184c857641d433dc9ec83d6a5cdc0259bbfc15d8ab3b92bf32d8e45f43e03617,retained-unmodified-source,individual-semantic-review-pending
include/ogdf/energybased/multilevel_mixer/MultilevelBuilder.h,88a499f18ac742c7ce7584e3f56f50eed9705c0c,152a404e8608cb136c6d7919ef18a12e9fd567a3b36327420330edad7c6a7ed4,retained-unmodified-source,individual-semantic-review-pending
include/ogdf/energybased/multilevel_mixer/MultilevelGraph.h,34188bf4890f2203826a0da2e850735734f4f115,2ab7eab497d3ebdbdd983ff931070fefb2ac94b29eb09656380cd0103f69d4e2,retained-unmodified-source,individual-semantic-review-pending
include/ogdf/energybased/multilevel_mixer/MultilevelLayoutModule.h,75b61adc3103b2dc39cdb8879befc9bcb8eb9032,f78c2bd9fbaafd86116510a91fd5d04d5d68f7b9a77610e395adf514ea7b7b2c,retained-unmodified-source,individual-semantic-review-pending
include/ogdf/energybased/multilevel_mixer/RandomMerger.h,cd4f9b941eb5568e99aa25761d9307fcf466aafa,4edd9c8c43095ef2b6d1387fbee60daf8cf95f9fe758f2f6d0dfb0f12913672c,retained-unmodified-source,individual-semantic-review-pending
include/ogdf/energybased/multilevel_mixer/RandomPlacer.h,3a751ba99ae84d47cc62bf721fe3079de876fd9b,9a3fe50cc9c56ad9c8c6f5e8178016e99668c6be8686d3216daa9e1e8a00a23c,retained-unmodified-source,individual-semantic-review-pending
include/ogdf/energybased/multilevel_mixer/ScalingLayout.h,9b8a1c7aafb74c264cc524c722b22472690e0fe8,d99994fa7768533ebd3a7b78d78856e63e9a7ca02bd39a3a49e3e560f33b90dd,retained-unmodified-source,individual-semantic-review-pending
include/ogdf/energybased/multilevel_mixer/SolarMerger.h,1897504f25cf197fb0dcb5fce85bfdffbc43233e,928df8eacecdc59b687a32b565d327f2c4324ba6e99056e52ba5ae8bd38a08d3,retained-unmodified-source,individual-semantic-review-pending
include/ogdf/energybased/multilevel_mixer/SolarPlacer.h,e91d8763f2e4502636a564eb277bc71f2d24b91e,185aca2bf7446c967a495c06c6c849379c07d27c98687ad91f57d12f3a7e424b,retained-unmodified-source,individual-semantic-review-pending
include/ogdf/energybased/multilevel_mixer/ZeroPlacer.h,d77008325fad79d23fb081d0b5a6dea908b8f17a,6a7c334c0acef37ca68694b9eb4d20efbca56468d1c656e5bcdee42bec23e5f6,retained-unmodified-source,individual-semantic-review-pending
include/ogdf/energybased/spring_embedder/MasterBase.h,4376b162a00243a5185ca1dfeaa6a94fb29cb205,5fdc879d2813120b64d1873a756a1493287432dd669c716134591b0f311243f0,retained-unmodified-source,individual-semantic-review-pending
include/ogdf/energybased/spring_embedder/SEGV_ForceModel.h,82105a312468d0c43db024e7cf403d4e6b835fdd,fe370483a31e04522a282a8b1dcfe2557a1835c802b600593fec5f7bf7b1b101,retained-unmodified-source,individual-semantic-review-pending
include/ogdf/energybased/spring_embedder/SpringEmbedderBase.h,083c4a97e78773ee8c3f52ff8565a1dee2f25f04,10636c54667dcc45f7747c7dbd550d25c49db3f72834b4abca2cd1463fb9df5c,retained-unmodified-source,individual-semantic-review-pending
include/ogdf/energybased/spring_embedder/WorkerBase.h,e8698b43b00e8af341f19b8486f0542c03ddcdea,a3cf15d2a2930845541df2c2b4c29326372a541a05dabee5b45fde9b16945ff7,retained-unmodified-source,individual-semantic-review-pending
include/ogdf/energybased/spring_embedder/common.h,d6c5cbf573f85b7d6c0455c187e1e7fa1929dd4b,241c548049f14694e70647df86b21415599ba3682f840c64c5f7f2c814f5edef,retained-unmodified-source,individual-semantic-review-pending
include/ogdf/external/Minisat.h,e078988e1eaf43f57b1998f51e1ea70993ca87e3,8f33aef071f3f4b23f6995e334accaae9aefa3c70ec9af8c03d3c2ccdbab2f36,retained-unmodified-source,individual-semantic-review-pending
include/ogdf/external/abacus.h,ebed5443c9aa08478b19a8c88111fb9dd339579d,777643d2a459a085ba7e5b94ad54c0fcf13e745cafcafecba1e103c2df9f8fbe,retained-unmodified-source,individual-semantic-review-pending
include/ogdf/external/coin.h,d587c9767276b5b6bfc5269a069dadeb23a7e82d,fcd4f0de9f0b629983f9c86eb63c49560d056e50ba80d23ef6006f660b8064d5,retained-unmodified-source,individual-semantic-review-pending
include/ogdf/fileformats/DLParser.h,000eef997e017ce602380c928ba2ce3803ac0bbc,ae159f07de7119a949ecef1c27e8ddb814368c6cec93ff26d20140e3b6f12f98,retained-unmodified-source,individual-semantic-review-pending
include/ogdf/fileformats/DOT.h,771de6f7546d5a8af8e0d0ad38380e64633d1a49,b76800377cd954c89bb5838684673ba28cce9b2ec06a4892410921fd5d796866,retained-unmodified-source,individual-semantic-review-pending
include/ogdf/fileformats/DotLexer.h,dd51ec41fb06d43266dd493a8e232877c814cb14,73eeccb3a595ce6866b68b4d11973e4eb35fdae2c2b5a6f71649d5835970e47b,retained-unmodified-source,individual-semantic-review-pending
include/ogdf/fileformats/DotParser.h,6276b061b3d1d7d9d55f9594fcb71c85db3b1004,b6d18ea00ac1cf5a2bc42c0db7341f63d1275b8d21b91da39b59584bd1f71e8c,retained-unmodified-source,individual-semantic-review-pending
include/ogdf/fileformats/GDF.h,27abcabd6b26951831195e64aa2a9cf552d932bd,cb1ffd51427cd0707a0656cc61e41f811e56f4436d23025acf91a8b5a6b88f15,retained-unmodified-source,individual-semantic-review-pending
include/ogdf/fileformats/GEXF.h,c244d9baf1c362d6f23f97151a1bdfec771d6a8e,1ceed96f0d46bb9d52aface7c0de9ce48b61bce3f1da1cebc59ad52880eda3af,retained-unmodified-source,individual-semantic-review-pending
include/ogdf/fileformats/GML.h,97b5b5d053ea66ea7a2ae281e651462c5b9115ed,377193344379053bae028d6002185f2a4e42798bd234cf1c6324a76ade4eea4c,retained-unmodified-source,individual-semantic-review-pending
include/ogdf/fileformats/GdfParser.h,33174e7a9858dc1258f37d9d2956f3d05d351a3c,56856b6fb61311cd1fa712ac3139978d540e9be5fbe428ce7f3088980d759434,retained-unmodified-source,individual-semantic-review-pending
include/ogdf/fileformats/GexfParser.h,22c0a9cdd1fb31efdbbdf12f5e6d3f2ee305ea08,045623a51cdb2443abfbbde10e25d02c656fc392aa5f4bca538505a5c84e0680,retained-unmodified-source,individual-semantic-review-pending
include/ogdf/fileformats/GmlParser.h,d75501dd68d16d8a421b281d14785bda9d7ed68a,aab2eaadb56466acc78aa7358acc4503e2e5fb820d655244771c5478cddb73d8,retained-unmodified-source,individual-semantic-review-pending
include/ogdf/fileformats/GraphIO.h,519f43a15746d1a1d3d68a4ed32c8e225b07cf20,0017ed821c028a6277d47db7254ffc192e32d558553874d90e452a21bfaa65a1,retained-unmodified-source,individual-semantic-review-pending
include/ogdf/fileformats/GraphML.h,388f67c5c98d99d84d4edb9782cf7c9a3daa8167,15bfd09316d1594cdb2a741654e0f98eba041dde938b3e1cb548cf9c978b804f,retained-unmodified-source,individual-semantic-review-pending
include/ogdf/fileformats/GraphMLParser.h,0d4eb6e1bd5461f5638f1e6d4c8811f6319841d5,4b1aee4724ee04961069a576a7c4b0783482006dd249beb6cb597590d67cf763,retained-unmodified-source,individual-semantic-review-pending
include/ogdf/fileformats/SvgPrinter.h,20313bbe74afd8f298af5ad50fc50c52caa859e5,94619301a15fbdb772258b58eef5e7acab523b69597907db26ac5ecefa34e748,retained-unmodified-source,individual-semantic-review-pending
include/ogdf/fileformats/TikzWriter.h,564054f4e70b3f47b6bf413d23de12b88e46888a,2708663aa77ad6b242176be7a82f57288e544040b13ba1290e3690198ebd51b3,retained-unmodified-source,individual-semantic-review-pending
include/ogdf/fileformats/Tlp.h,06566aa81dc8c45840b86d19efb8648541ff605f,29ebd415c16cdfe03159b894fbdabb46be9885f3c92e70bdb0335cf7eb83951a,retained-unmodified-source,individual-semantic-review-pending
include/ogdf/fileformats/TlpLexer.h,5206173f0cec579542641339e4f578fd7c7bb7bc,91f1c78a6d47594bf32d8beea2eafbede044220bc67fb0437a08474634b05183,retained-unmodified-source,individual-semantic-review-pending
include/ogdf/fileformats/TlpParser.h,1cd921cfcb8c8ae2d3af0a7c3c03e2720b9b98de,f53e65101d0713cc57feda3aa706a737fb2acc2e5749747cd44f4762c8211667,retained-unmodified-source,individual-semantic-review-pending
include/ogdf/fileformats/TsplibXmlParser.h,c89735253151be84054f481460da77c7d5ff5c31,37268deb975312dbb0c42bcdc23bd9b244369c345f8596c80c8f52213f863d00,retained-unmodified-source,individual-semantic-review-pending
include/ogdf/fileformats/Utils.h,0d9f9af8cef933e04838b2654514c6be911db175,5baef7658556651282c4d12645709a2c30827aa187e7a3dfa820d280283a47de,retained-unmodified-source,individual-semantic-review-pending
include/ogdf/geometric/CrossingMinimalPosition.h,65d037d6b31e5b0f3fc616c0465e0cf648b39471,9ec7fedd3a51a94ab532d821192f21109bbe8ff00fb0228874f5843ac7085899,retained-unmodified-source,individual-semantic-review-pending
include/ogdf/geometric/GeometricEdgeInsertion.h,90af12a711776b2ad211b6289c15b078c915ec3b,4e5d2200529d720cdc4ec7f92595ac19a3ce8d5fa3fbe5110024bc3039ecfc20,retained-unmodified-source,individual-semantic-review-pending
include/ogdf/geometric/GeometricVertexInsertion.h,dc70b9939e9a58adac9ef5a2a5efcc9fda27864e,e04c1d9943c7135e415d22d29d58f22db5b61d3be03c48b7de0d80b94856e080,retained-unmodified-source,individual-semantic-review-pending
include/ogdf/geometric/README.md,48e6e3b1d7a3d671d7364e2a554b763a5f7e137f,2490a72541a99c28b863bdaaa1848262d20558994fc29e7062785f09ff7ea7eb,retained-unmodified-source,individual-semantic-review-pending
include/ogdf/geometric/RandomVertexPosition.h,1ba27d54d4e34bd902e874cf4d96c90da763b617,2e63ee1bb8fc0b64b0cbb360a199787026c0d2f5a362ab51baa12e96ac578599,retained-unmodified-source,individual-semantic-review-pending
include/ogdf/geometric/VertexMovement.h,14ea2af1d63706bcd993ed7c1b0dc4a739d71f87,b1169d0af06d3f30cd877ddad1e2c00b24f18ce9ee678b62ffe84fd9a9ac8475,retained-unmodified-source,individual-semantic-review-pending
include/ogdf/geometric/VertexOrder.h,0cae32d353a86c75ef8f79ff334d40ed3b3ca99c,b3622e6b4454141d30b4eeb0cb1759acc6cf7cd829c7bcce35a252bc444fba57,retained-unmodified-source,individual-semantic-review-pending
include/ogdf/geometric/VertexPositionModule.h,728535c05a787f0996f9e6d733ccf906b388acd1,93836b6c88c4d884ef11677de8802b61a4bc3a5c466ac91e3c6d7974daffc21f,retained-unmodified-source,individual-semantic-review-pending
include/ogdf/geometric/cr_min/datastructure/Iterators.h,34ac160db09e2f496c27378f2bc3c97f67f004b6,7757ed78c504c30f146ac4a56f598afa6a730b6516844e5ec7b57594f56d50f2,retained-unmodified-source,individual-semantic-review-pending
include/ogdf/geometric/cr_min/datastructure/OGDFVector.h,ee8658fbf5e52d7ef9db676736a46285be092f1a,b2d98fecc7607b32abda4132d12bdacadf98928275fff867adbec5c561a85021,retained-unmodified-source,individual-semantic-review-pending
include/ogdf/geometric/cr_min/datastructure/TimestampFlags.h,eb343082001e45c7ac056804c4725544b92906f8,c24b07511ef7f1fe2f8bb5bdb40fe92ce53789481d5cf5ff146074dbf16c8b62,retained-unmodified-source,individual-semantic-review-pending
include/ogdf/geometric/cr_min/datastructure/UnionFind.h,45b85df6ff4d50cf9a5f848bdc9cdeae8698cd85,5216487ae86a20d15eddbea31e6fe1e7a7e0b8a961d5bcdac42c99f44e3e4bb7,retained-unmodified-source,individual-semantic-review-pending
include/ogdf/geometric/cr_min/geometry/algorithm/BloatedDual.h,8176f878c7d598f13fe96bcf12f6cd68539bba33,fc0307f18ff75720c0f960ba3bc9f55abcbfa7cca5393194d45f9f232299f54d,retained-unmodified-source,individual-semantic-review-pending
include/ogdf/geometric/cr_min/geometry/algorithm/CGALPlanarSubdivision.h,95068e3ba473323364128715e31f91761cb948e2,80b2fb9f09c2947108436fb0822142e025296197e151dfb5c7f8746d7480153e,retained-unmodified-source,individual-semantic-review-pending
include/ogdf/geometric/cr_min/geometry/algorithm/CollinearTriple.h,544d5c193a7d0e568ad9a029f5ea5c5872fc78b1,406c77bf8a67a98959846af959a00938708e861f7e73447e70613ceb4e710bb4,retained-unmodified-source,individual-semantic-review-pending
include/ogdf/geometric/cr_min/geometry/algorithm/CountCrossings.h,84ae900526dcb401dc8eb3f01d967138cf7ddd6d,76684bdda72fbe6ca4355d88acbeb837d73cc763ac0305f36017f7a30915bf3b,retained-unmodified-source,individual-semantic-review-pending
include/ogdf/geometric/cr_min/geometry/algorithm/ExtractCellFromBloatedDual.h,b926506c6efad3ece4f489f69091cda84ca9624c,1283b2a4cd3b2c50bc7af18cefc46d7fb8b81c84844c2eb1519e0b7479c9946b,retained-unmodified-source,individual-semantic-review-pending
include/ogdf/geometric/cr_min/geometry/algorithm/LargestCircleInPolygon.h,8908748df140e4ffa1bc715be739f3def4eb7c8b,36724287a9ea1fea73b43bd04495ce444c449c50fc79c99007c0ab890e4673d2,retained-unmodified-source,individual-semantic-review-pending
include/ogdf/geometric/cr_min/geometry/algorithm/MapBoxTriangulation.h,aaafd15a93b02b112b49b5504828c9ff9eb3a407,12cbcfc8f2be407bf60a92331d0d46f95ed69df281e3376fd67495d3b403de65,retained-unmodified-source,individual-semantic-review-pending
include/ogdf/geometric/cr_min/geometry/algorithm/PerturbPolygon.h,f3d7be8f599a690458c34fdbc585569d238f2e21,f5b243a58b3d634cc2c1dd0fc5d12a232036395e604b55cce2407b852d021548,retained-unmodified-source,individual-semantic-review-pending
include/ogdf/geometric/cr_min/geometry/algorithm/PlanarSubdivision.h,a3846b88e67cccc0ae5cb2a878be8124627c53af,c8a3f57216693ca43b8e4f3c0cbc715558b0a5ff27ec1fff6b1ad755a97351a8,retained-unmodified-source,individual-semantic-review-pending
include/ogdf/geometric/cr_min/geometry/algorithm/RandomPointInPolygon.h,f3f3b0b11622037430aa14a03b07c039cb1a00a1,af4456eb94aa993f725d67d04ce6abe8ad8d2cf550b88dacf9d099b833cfa774,retained-unmodified-source,individual-semantic-review-pending
include/ogdf/geometric/cr_min/geometry/algorithm/RestrictedTriangulation.h,97a6495c6e62e0d33ea2de2807c4d385b49aac64,edc441aa81fd238f16f77a6134fe8f5784a3e00977d80066b79c9573dad93578,retained-unmodified-source,individual-semantic-review-pending
include/ogdf/geometric/cr_min/geometry/objects/Circle.h,1960ada58476c90798f4c1dc2dfa5b07207a4599,ffab7c04baf69aa5c4a2376a155e6590288403a349d61ee47fa2c8b1707b15f8,retained-unmodified-source,individual-semantic-review-pending
include/ogdf/geometric/cr_min/geometry/objects/Cone.h,234cf7cc0554ccf73c0c10509be44a4e62fd4e56,a9e2d1ad8c4aeb9f7bac66b09ac4b96056ff9ae976eeb478cea1c1ded069296b,retained-unmodified-source,individual-semantic-review-pending
include/ogdf/geometric/cr_min/geometry/objects/Direction.h,3d6aa007c6b5e659912207f06099293a30ca7c0d,0d42f318f8657eb8c89b83a1bdd71bdf986bde799c3a28d9b31e1b96815dd162,retained-unmodified-source,individual-semantic-review-pending
include/ogdf/geometric/cr_min/geometry/objects/Geometry.h,1507e6c0046f1593414bd617ef98c8803ec9725e,93e6dd67b0e718634aed39f94dc2aadeeb211d16f7cebde5017add4e20942c8a,retained-unmodified-source,individual-semantic-review-pending
include/ogdf/geometric/cr_min/geometry/objects/Line.h,288785bbc9b9a67c2baf5b9356f5179bc7090068,72d5c7a3fedd13e414e10c11adfcbd2592f36e3d5af9fb899727c2469b3d0da4,retained-unmodified-source,individual-semantic-review-pending
include/ogdf/geometric/cr_min/geometry/objects/LineSegment.h,95111f8558356b4bac2dd155cea1d2c9aadf487d,29b0367e8d91029bddda1b324c439611e98995cce06550d5655c331e4bd5a384,retained-unmodified-source,individual-semantic-review-pending
include/ogdf/geometric/cr_min/geometry/objects/Point.h,1dd39ed66f1305426eda73468d6d4fe746e1a486,f9c91aff79960fccc65b38a2ed2db171b4951510c93f19a65073e8dfe68e82b4,retained-unmodified-source,individual-semantic-review-pending
include/ogdf/geometric/cr_min/geometry/objects/Polygon.h,5703eebba0da1dd964a7cf9ac4f712de65fe57e5,699971d19f6cb9fde387a846133ab26a43214dc61fdcaea78d3d9169c587ec74,retained-unmodified-source,individual-semantic-review-pending
include/ogdf/geometric/cr_min/geometry/objects/Polyline.h,cac06aeb5317a45a4344a582703e8d5158462b98,15073f36116df794d30026c66b9fb68fc27aec0244943516c5d88ff1f9e3c594,retained-unmodified-source,individual-semantic-review-pending
include/ogdf/geometric/cr_min/geometry/objects/Ray.h,77c4010e0b7b9616c6a2af0284ad842cb98308ce,4c845a766a7eeb5864653342afad86ed6c3098e9a6b0d572a678448be0853856,retained-unmodified-source,individual-semantic-review-pending
include/ogdf/geometric/cr_min/geometry/objects/Rectangle.h,9ea1a3b8c1ce8f609c71bbc4e36a51208eb32b99,84c95ce7db5a0b6510eb511344d0b74c7889f75dc065514518d3ebb1d9d4e1a7,retained-unmodified-source,individual-semantic-review-pending
include/ogdf/geometric/cr_min/geometry/objects/Vector.h,782aebd7e82ce6187d1d1e14c5a7aa33f13c99b9,6026c85ca3b3108768428dd7ba3b3d0196515733ea54bae6f0c45fca5810b00e,retained-unmodified-source,individual-semantic-review-pending
include/ogdf/geometric/cr_min/geometry/objects/Window.h,a5233ed71c6ec4da10e85269ff097cdb9e261f9e,c5201bf953889904810e7c88c13cb6a620b5b6ca31f0ec4b8dc2f2a4ca5a094e,retained-unmodified-source,individual-semantic-review-pending
include/ogdf/geometric/cr_min/graph/BloatedDual.h,1dfe236d8676cc03af8aec359b6c1af499fb593a,a275c52941890ed68981b218bb2969b26857964fe6ac907f38932c5005c62dfa,retained-unmodified-source,individual-semantic-review-pending
include/ogdf/geometric/cr_min/graph/Drawing.h,fbbad5b3a131e607ce0c321d7135460237832a67,87e61a8094e169c7a6deb2f9b5cd03e4c962dded69989e7ae8f2cb245ef3b457,retained-unmodified-source,individual-semantic-review-pending
include/ogdf/geometric/cr_min/graph/GeometricDrawing.h,e87b0980aaa7360fb94d5cc5ed585e4f3ab70d8d,42c9c2081b1f09dff06e45a5f820f60311f276467a540ce492a2a110aa6e9ee6,retained-unmodified-source,individual-semantic-review-pending
include/ogdf/geometric/cr_min/graph/OGDFFaceWrapper.h,69f18759e6b12bbdeebaa7e739e3e25141e6be76,9ed02ea91e14fa199a912f54c78d692c411337484f73798a5eece8f2eb64fd5d,retained-unmodified-source,individual-semantic-review-pending
include/ogdf/geometric/cr_min/graph/OGDFGraphWrapper.h,dfeaa787d0422a12423441a5d748ce6c0252655e,84ffc8ee012f6725de7679f5d26b5a2db2c28bc68614f296b09f31fe5b9537ea,retained-unmodified-source,individual-semantic-review-pending
include/ogdf/geometric/cr_min/graph/Path.h,a444667c010eac8a928e431c297ff9d2bc035518,ac3e9e6cff9aa0f47e5b8388aac5f4909e36ece19e00644a5450a24566969f51,retained-unmodified-source,individual-semantic-review-pending
include/ogdf/geometric/cr_min/graph/PolylineDrawing.h,dfe5be26f5635073ed199bdf187520d5d8573fde,78955d23a2336d2399467118ebcac3130b66ca73ece1ef4f96d000886bce3126,retained-unmodified-source,individual-semantic-review-pending
include/ogdf/geometric/cr_min/graph/algorithms/BFS.h,436c469c1e9d9d060b9134497c2dca0e8f178d7a,52046511fa844709f4c928f6029888219e1b5c4ffafadabb2c2ce717c1a55792,retained-unmodified-source,individual-semantic-review-pending
include/ogdf/geometric/cr_min/graph/algorithms/Dijkstra.h,0c8ed005a7cb56709039de3706bd3e80dafd8315,9495358b6cbfd8fb29519a25c419715825799edb0b5f0d64a092a6c7bc0d6c50,retained-unmodified-source,individual-semantic-review-pending
include/ogdf/geometric/cr_min/graph/geometric_crossing_min/CrossingMinimalPosition.h,a687ceaefd7aa5f693c006489e440f981a7e8719,73e30f6d05e0d6c0ba0a762f3986eba2e9d75877a753f75829e1fa272ea81cea,retained-unmodified-source,individual-semantic-review-pending
include/ogdf/geometric/cr_min/graph/geometric_crossing_min/CrossingMinimalPositionRnd.h,a461fac55bfd1caa533bd9a2a361206f0372309c,72ba82845167ebdb3056d12398f1eb6cc4e310813184b35bcddee33402f6ac76,retained-unmodified-source,individual-semantic-review-pending
include/ogdf/geometric/cr_min/graph/geometric_crossing_min/CrossingMinimalRegion.h,881827ecfdf75cc7b07c0f411e20e646245e893a,d6434d1a2a75a312a9bfae8e0dcd8c8254125e3a71b84ad932b088a083028a69,retained-unmodified-source,individual-semantic-review-pending
include/ogdf/geometric/cr_min/graph/geometric_crossing_min/RandomPoint.h,c3f6a6ed53a1a59624ce8e819ba4e02f669476e3,4ee596391c56bbad45e1d5a7ddb0b435ee02dfb5295d6c4bc4d2c1a3d6e259c7,retained-unmodified-source,individual-semantic-review-pending
include/ogdf/geometric/cr_min/graph/ogdf_iterator.h,813a5cb92f10821e9eeac496439de1ac24c94cf0,41c050f7ca072b8b1391c533cb3105cfa2ce028b5dd0e6111eec3e745e201b44,retained-unmodified-source,individual-semantic-review-pending
include/ogdf/geometric/cr_min/tools/GeogebraExporter.h,85140dca89948c73e75778482b351a3102ec63a2,bae7582b19be17746e5d11b19adb63b434f70189506852eb5908a52607d00ea0,retained-unmodified-source,individual-semantic-review-pending
include/ogdf/geometric/cr_min/tools/math.h,43b8a006df6b41d2dc25574257bbf5f269f65f30,12881df285d1fe7d701bcad882dfec45ae1db17b5ed4fa68cbee7782d9b572ea,retained-unmodified-source,individual-semantic-review-pending
include/ogdf/geometric/cr_min/tools/ogdf/Converter.h,f2d6d1050ad727a0b073fdb263378cf9824894d4,11d1e65a663b97ac0ff20a73ef9adb3953a25e6f12c6bdb5f73685375dba3df8,retained-unmodified-source,individual-semantic-review-pending
include/ogdf/geometric/cr_min/tools/ogdf/Universal.h,a315df4aba6bd02adc130fe7c5e9507418f51c31,3479b8629058fd01de4e2349ffdfac76d070a32951145fe12d015d9ed0b2e271,retained-unmodified-source,individual-semantic-review-pending
include/ogdf/graphalg/AStarSearch.h,8800abf02bdb04e0b66b51cddfbe52c3fca45183,503fbbe592b720c317d9c46d5250655be5b794d40a3b5e5d0f49d14250a2659f,retained-unmodified-source,individual-semantic-review-pending
include/ogdf/graphalg/Clusterer.h,a2dc2a689e46deb9df9cc88aac15fe5826f7ed1f,c0d7c843acc370a9953508694ff4590be35aa11631c71b0405a52508cecdf792,retained-unmodified-source,individual-semantic-review-pending
include/ogdf/graphalg/ClustererModule.h,490372f353ea05cac32584610951a5b64de1dc4f,0ccdfa18bbc63bc39e1ac7e3d9a3ec3ffea30909ad97b7c44b5a6e4abb4933ca,retained-unmodified-source,individual-semantic-review-pending
include/ogdf/graphalg/ConnectivityTester.h,406ac01785c2a0d05d9f58823bed9b58a3f8db00,5916166777f84f2b6a2c30a76ef545127d717025f422bdfb97d76e8080c64304,retained-unmodified-source,individual-semantic-review-pending
include/ogdf/graphalg/ConvexHull.h,3d200a7c0f48f7b962a6cde96d587a0dfd0563d0,7a1e818b83082fa09da9241117d35c3d760fe7ce5440d977a6b4be9c97e10fa2,retained-unmodified-source,individual-semantic-review-pending
include/ogdf/graphalg/Dijkstra.h,9498c089301a3c17f25443859b0f80ebadd50795,c83cc6cc136f00be9637373c3c934461363e966cc8e6020834f8aa87529eb156,retained-unmodified-source,individual-semantic-review-pending
include/ogdf/graphalg/EdgeIndependentSpanningTrees.h,de23e2ec9c1cd201273489d3dae538007c2df2de,d9ef3cf31c353566d4a67427e0d116004e3d608925bdcca13cb023742dcaaece,retained-unmodified-source,individual-semantic-review-pending
include/ogdf/graphalg/GraphReduction.h,3071ea81e1730e0b23761756a7eebea68fd86755,a1d4709f0dfa97ec9a312ef536b33df387a5c8281e75b113414652ffc1cefa69,retained-unmodified-source,individual-semantic-review-pending
include/ogdf/graphalg/Matching.h,f1c6b822a510d7f2dfac6588f66c787b484506f5,e902e550c7cfe76bac85614c7f56a5666c810345420de3b792ea9c05e647ccb3,retained-unmodified-source,individual-semantic-review-pending
include/ogdf/graphalg/MatchingBlossom.h,df3ad62bb1bc2c0a465ee177922d172df4cdaa7c,9483ec5038eb55e39f151ace5bd7b4109d8af3069801f126e88f1dc572053de9,retained-unmodified-source,individual-semantic-review-pending
include/ogdf/graphalg/MatchingBlossomV.h,3eccdc2c6a6f1abb662880a699805ae28b309351,f47816e914e9715467572ba7de672629a5e939ea201dab168c88a832608f2628,retained-unmodified-source,individual-semantic-review-pending
include/ogdf/graphalg/MatchingModule.h,e6aace553728a35e7ab07b049b9807dd8ef66679,d8fadc73f7545ceaad2232a98b0a3cf05a416e53a105c02ed5f0803e6501f2da,retained-unmodified-source,individual-semantic-review-pending
include/ogdf/graphalg/MaxAdjOrdering.h,a68e28a24175ff8c97373efdf2cc313bb901cb5a,e02109a7b11c995a7f85af0956ff5c3e075398a77fea1c11f11e5a6b6e695a67,retained-unmodified-source,individual-semantic-review-pending
include/ogdf/graphalg/MaxFlowEdmondsKarp.h,ad179235acb763c329d7f14e6849a58f3cb20a43,2a2ecb36765f6e4b25c3ddebb75df1320258e7ddebc78e1c38797a374311a722,retained-unmodified-source,individual-semantic-review-pending
include/ogdf/graphalg/MaxFlowGoldbergTarjan.h,edc3a1af02747e8ac4d9de9abbad504c0a9bba20,4cca67c6721a7aab9cef3a24d5a4f3b511f0af57a4421389d1eed0a750ac7aa9,retained-unmodified-source,individual-semantic-review-pending
include/ogdf/graphalg/MaxFlowModule.h,551be3cea4844941438304293b3a8bceb1258a1f,ee9da1e8b4d53c93e4c7353872c3d44f4311394bc3048c5d985cb4ca230bb239,retained-unmodified-source,individual-semantic-review-pending
include/ogdf/graphalg/MaxFlowSTPlanarDigraph.h,726b16f033e24bfccbdf85f04b6e72f7921de4c8,830de9e0ad11fa80870a9eed1e390b6146c2f61d9c7b86be2414c72f8c2900f8,retained-unmodified-source,individual-semantic-review-pending
include/ogdf/graphalg/MaxFlowSTPlanarItaiShiloach.h,174c698f523bced1db67080ade2a78e87d053976,0434685ef3960518a39e7e183307f8e2fdad484ba9d78a4889de6f530c87c077,retained-unmodified-source,individual-semantic-review-pending
include/ogdf/graphalg/MaximumDensitySubgraph.h,77897ff747977cdf2841ecaa10847786d4d9a0ff,46a1d15cf8ef8031a28a0c734ce5aaeeb652c87685d12fe4f25d70831bb32371,retained-unmodified-source,individual-semantic-review-pending
include/ogdf/graphalg/MinCostFlowModule.h,ad117e9c1519dfc9620d33a52ef2325a9b4a296b,f3d3b22c08fabc494c4336fc58eb2afcaf5d6367f32d5799895fe13041e3adb7,retained-unmodified-source,individual-semantic-review-pending
include/ogdf/graphalg/MinCostFlowReinelt.h,70f8b20526078ad83680f88a97be3a2c0f23c8c4,8fd3d89f494a6a07587107fd3f16245114c64a7eee6c29bcd37c555e408cfcea,retained-unmodified-source,individual-semantic-review-pending
include/ogdf/graphalg/MinSTCutBFS.h,5d692751158d3b8d384b0b159daf9f3fe7f561e6,a594c6f570247291c87d5bea9af18381ef63cd6ae85188e59b959e9161570fcf,retained-unmodified-source,individual-semantic-review-pending
include/ogdf/graphalg/MinSTCutDijkstra.h,c022c9c45b0351766f5a83f4d70682edeee750de,2f94dcdca4a6c377e4f1411baa97dc27c6039a5a838cc400709ccf52cc7ac4a4,retained-unmodified-source,individual-semantic-review-pending
include/ogdf/graphalg/MinSTCutMaxFlow.h,c986ea7fc9ad4d46a780c8c5105c7394ab5f2e50,43f1e269c223360daa51a705853981c9d60fb20464964f0f4fe71f58e57262c0,retained-unmodified-source,individual-semantic-review-pending
include/ogdf/graphalg/MinSTCutModule.h,511e82c64f4922459cd2169805db2fbe2abed991,c52170e610ba0cdc518643d130017005ee4a4c9024f27666bb701996cc5968d8,retained-unmodified-source,individual-semantic-review-pending
include/ogdf/graphalg/MinSteinerTreeDirectedCut.h,ca85b5308d69591b42fe8113aa212c18744e9246,ecfc184ef19bc2883a450a0ca47ee4879c04c8e6c5b8c077829f66d40c68635f,retained-unmodified-source,individual-semantic-review-pending
include/ogdf/graphalg/MinSteinerTreeDualAscent.h,0915f49202707d5e851ed109fc4109faf073b82d,8696b3f2e05b88e88426fb7a2d8b290169a8d05483b4902b9d551dba3cfb7fb3,retained-unmodified-source,individual-semantic-review-pending
include/ogdf/graphalg/MinSteinerTreeGoemans139.h,23feced5d037537cc3936154b001434e27b6073d,c0f16b5de4a4037bec85dfe8eb79029056cf28bce6cc5bb7ccee1176f3e71b43,retained-unmodified-source,individual-semantic-review-pending
include/ogdf/graphalg/MinSteinerTreeKou.h,0bea2763eec81ef52c3f892f93316678fa0bbbd0,60ad6cecc22e308bc05895717a0e04e1c8daea454ce4ec15dc937ee30d283782,retained-unmodified-source,individual-semantic-review-pending
include/ogdf/graphalg/MinSteinerTreeMehlhorn.h,53f7d32afae043519806eed1fa81e0130b122ab5,4bb116f1da530fa0054777912d51ad6fa2b433e54ffd9c6197a8937a7a0b7817,retained-unmodified-source,individual-semantic-review-pending
include/ogdf/graphalg/MinSteinerTreeModule.h,dec7ce7b2b0b504b3169b433073cd006e32d5c6e,476e22eee2067f2a3937b7f2c6a1fb7c3d7406321bfc4ba816f37cef2c2aafb9,retained-unmodified-source,individual-semantic-review-pending
include/ogdf/graphalg/MinSteinerTreePrimalDual.h,0c3fdacc66e060a22f9526ec7c8a8a46b12449aa,b88fac0aa110995799f051befb17ff7aa4e47cce3989d3f95699639db38db55d,retained-unmodified-source,individual-semantic-review-pending
include/ogdf/graphalg/MinSteinerTreeRZLoss.h,e7034de26c02bd685e06c3b29312ac902613765d,0c54fe2f3f70d9f39c9c3ddd3ac0eea85b22e8e283ec9bcea4947c66dd01281b,retained-unmodified-source,individual-semantic-review-pending
include/ogdf/graphalg/MinSteinerTreeShore.h,56b6aa0b7cb2b0ed82945f5bcdf799f3d946b53b,a14eae8cd292c2f447716e38ee0bbbebf69dc8597403baa652a9ec325f034de4,retained-unmodified-source,individual-semantic-review-pending
include/ogdf/graphalg/MinSteinerTreeTakahashi.h,8871cb36b9ff589ba686e4e87d62521d3acb6fda,85c62bdbfa0553e9e74afc2027549336d2b748941a378a30cda73acc6bd335f4,retained-unmodified-source,individual-semantic-review-pending
include/ogdf/graphalg/MinSteinerTreeZelikovsky.h,4d192bac15f3610c88b7ca5846529d276ff853f8,97181974d99d336e4339eaf23c61d96b7f60f902f452d88079070de06404c030,retained-unmodified-source,individual-semantic-review-pending
include/ogdf/graphalg/MinimumCutModule.h,0b70388ee1f89cd646f5476036fed993c15a295d,f2d6dc1d7c406c9429f2442ec4b90b4cea7ab2da9bd7a728b5e62e3ccd52d7f6,retained-unmodified-source,individual-semantic-review-pending
include/ogdf/graphalg/MinimumCutNagamochiIbaraki.h,3141453c70c6b72da354cf0441c4ec1d433be875,edddac81f9b86adf2f76491dd0dd04a3afdc728026314d10465283ff82878073,retained-unmodified-source,individual-semantic-review-pending
include/ogdf/graphalg/MinimumCutStoerWagner.h,f7e823915936622a6741c1efb15794c781c702f8,68be1651931ea00a7f338a3288c8595304d61157b3b1272b9a2496a7b8979255,retained-unmodified-source,individual-semantic-review-pending
include/ogdf/graphalg/ModifiedNibbleClusterer.h,ecbe3e611ca1e2090aee279a43c84678e28180cb,05cb0b77e673a941b4799a525d9b26492b980cf72f273d51c7c08d16a7fbe501,retained-unmodified-source,individual-semantic-review-pending
include/ogdf/graphalg/NodeColoringBergerRompel.h,f5faa40279ab15e1c50c39a706a6507637350bf8,d6ec448028aeb741d7e405f31097e0784cc6ccc48b79df486d0baac086bd6bcf,retained-unmodified-source,individual-semantic-review-pending
include/ogdf/graphalg/NodeColoringBoppanaHalldorsson.h,27abedcdb6bc4d3d79be4d7b9c7288a33dd14b4b,b80cc4fbaa65cd4438be1ba0d6e9399c46aecb46fcda6e6aee6d57d664ad7ee4,retained-unmodified-source,individual-semantic-review-pending
include/ogdf/graphalg/NodeColoringHalldorsson.h,541772294ce373f5076ba6aa0c479b5e995ada51,a4e01afa10e2e1ae8c46f63b884cdbab140eab3b872ee74280303531f827883d,retained-unmodified-source,individual-semantic-review-pending
include/ogdf/graphalg/NodeColoringJohnson.h,b476a4f4ff31cce91cd093e5fab0c1b22b6ff1c7,5cd53737b0c1906549398da09fb84361f0f2ec8116615ff9158afaaf87573c49,retained-unmodified-source,individual-semantic-review-pending
include/ogdf/graphalg/NodeColoringModule.h,2eb81a971ba99a2c533f99c9a00a04b7c1306ddf,4b7f9f8050d5d16f9f00416bf5bbd89ded3f2c9ba587799ad553c88f863836ce,retained-unmodified-source,individual-semantic-review-pending
include/ogdf/graphalg/NodeColoringRecursiveLargestFirst.h,8e4b3131a002be74baa9601a94f65b232668bf19,a5fb86d4cb9ae30cc2b5a20661d4b029ab12fcaa86d5683aec26339685e29e58,retained-unmodified-source,individual-semantic-review-pending
include/ogdf/graphalg/NodeColoringSequential.h,de429921bbe30ea785e6fa1071d4ece0d6ff7758,b618fa10b82443e9d23e03afe7402a43ae117a795dc8f4e2410e52d5640aa636,retained-unmodified-source,individual-semantic-review-pending
include/ogdf/graphalg/NodeColoringSimple.h,0dea12d11d5fa244b260f63d35556f4b9b6da8b9,89603ed095052b25572a3b4ff2ddf1d5203bb6fc8b4429b36befae36a2f7697c,retained-unmodified-source,individual-semantic-review-pending
include/ogdf/graphalg/NodeColoringWigderson.h,7f19602f90e15cf9ae508b01b183a53c2cc2a5e6,f9a12164b4f20c2b6532c4d04345ef8b9fb4ccfefbdfe1846ae0660689488575,retained-unmodified-source,individual-semantic-review-pending
include/ogdf/graphalg/PageRank.h,647065a80c96f2f3c461dda50ab0cc7956cef3e0,7d6341806dfcf062c6d77c1fefbe2a61e3448fb0bbfd7a744999aa0ee1cf5fde,retained-unmodified-source,individual-semantic-review-pending
include/ogdf/graphalg/PlanarSeparatorModule.h,c532eb88ca3d74c547c970f4a25b33b54c15d508,d49f29205d0f6b7c7a701f234c343c709b2454617ce3fb473846f10b277c6c91,retained-unmodified-source,individual-semantic-review-pending
include/ogdf/graphalg/SeparatorDual.h,66f7c714856ebd72ec8981705c495cbe9975ea0b,36d09215e61f25a4351b521a6221fbf6d630ef95b42c947ed7ddbca6e780e290,retained-unmodified-source,individual-semantic-review-pending
include/ogdf/graphalg/SeparatorDualFC.h,311d6b21233c5460aadb659f41ae160cc7464399,5537713a8fc82dc616f1f8d65b445aae5d2b1c1e01b85ec18b4e16b701ffa725,retained-unmodified-source,individual-semantic-review-pending
include/ogdf/graphalg/SeparatorHarPeled.h,9f435348877339790d7907245a3b081026a37be4,ff2a72a01c47de9e6e1f39d4409b68b1f44e5de7a786e352256ec075d492955c,retained-unmodified-source,individual-semantic-review-pending
include/ogdf/graphalg/SeparatorLiptonTarjan.h,acb9210a99d311c0532a5d2cb0f85ac53463f113,24fce07cd85e45fa1d40b61bd236f96e747f2408bf75a9db16769876a89b4049,retained-unmodified-source,individual-semantic-review-pending
include/ogdf/graphalg/SeparatorLiptonTarjanFC.h,7b41d5532a0b195abf3c639c60f90253ce0ea1f2,28b21a948e1ecd1bcdab9a4ee7acbd08fdf910aa3bff8edd452976d91c9924f5,retained-unmodified-source,individual-semantic-review-pending
include/ogdf/graphalg/ShortestPathAlgorithms.h,082e466cc5c40236e1ca4c5c2cb8e992df9eedf7,3e4067a8e05bf38e2160a4ec11584f10eeee7646f0f67a374fbfa5c8d413c9ed,retained-unmodified-source,individual-semantic-review-pending
include/ogdf/graphalg/ShortestPathModule.h,900daac527ff69d22c3a792e6a064b4d7f003492,d5df6a9e37f3fb8a044741f027fa68f09c8ec2c73abab07d962695d0d2aaf6b0,retained-unmodified-source,individual-semantic-review-pending
include/ogdf/graphalg/ShortestPathWithBFM.h,5cfa8cbee67a224cc1ffa9d8ba196b254ece1456,343ceb4239e081d472851295090a485e957ac14d6ab2375fe5d018c5990bc2ec,retained-unmodified-source,individual-semantic-review-pending
include/ogdf/graphalg/SpannerBasicGreedy.h,880590c1549c0e51d3fd6907a6cd2a5eb423fc76,4a977f42a765ff31f357b2887975f24193b0197d2d79c21274616e79d4ecf6e4,retained-unmodified-source,individual-semantic-review-pending
include/ogdf/graphalg/SpannerBaswanaSen.h,ae88211f3b84ebd8db92b1ccaec25f1efc22a2f0,d42bb6e3f4b11bf8de7e60f11162ab86e1eb8058dda52f2507e3bf4e486bf9c0,retained-unmodified-source,individual-semantic-review-pending
include/ogdf/graphalg/SpannerBerman.h,8cc5d858ab4491c08337240f01ccfbf38cb6c01e,5eeea088dc7c5717cb2209d5917890708f8b9f04cd34a9f6001e74ba93ed5cb5,retained-unmodified-source,individual-semantic-review-pending
include/ogdf/graphalg/SpannerBermanDisconnected.h,6bafd8241f3f6711674b1ad64282f0ce25d957e0,a86325ab49570e269623831048403d3a66fe75986b3017f072b6a2a93860ad3e,retained-unmodified-source,individual-semantic-review-pending
include/ogdf/graphalg/SpannerElkinNeiman.h,ea754dc497b3dd51ea1addfc76990e8589e34c58,6e74cc7162ed612e0ec67cba29b010aae8001119d70c64d76fd68fe492714c78,retained-unmodified-source,individual-semantic-review-pending
include/ogdf/graphalg/SpannerIteratedWrapper.h,cbd46e5728b29ee9091949b2e0794f310ce3c52d,13b6fc1ad314c6fb5ba1793d7462d2b08e2394bae86c932e2a8e8edfb4847acf,retained-unmodified-source,individual-semantic-review-pending
include/ogdf/graphalg/SpannerKortsarzPeleg.h,dc0f7d1e03580eb653b65335cf2e8bdd5ae74cd8,154c84c5bc9bbf2acee263e259e8bd6868554b6410189489cb4c59cbc31bf342,retained-unmodified-source,individual-semantic-review-pending
include/ogdf/graphalg/SpannerModule.h,59693116f6018a2a3724a7e7612bde5460a25a6b,dbde9108147d880b844d2b18e9501de52b97326652326e82f1986f20656ac6cb,retained-unmodified-source,individual-semantic-review-pending
include/ogdf/graphalg/SteinerTreeLowerBoundDualAscent.h,cc4e9ac00bf9c2936e80ba88723697876b79430b,265c609ad40cc4380184be7566c9e3cc3989086c22c8f5778e984cfb09daa919,retained-unmodified-source,individual-semantic-review-pending
include/ogdf/graphalg/SteinerTreePreprocessing.h,7f3c21d08492631dc5d5e89b7ccf3787d3dccf9e,7cd1ec2508aae6017b3732b562446cdf4ba5fbde2ea5041432a8d594cd2f11a9,retained-unmodified-source,individual-semantic-review-pending
include/ogdf/graphalg/Triconnectivity.h,e86cd07e835acf0438321960896106f55a492d0c,a3a92b688b8c3127cc9efa7f401604cefab0c3076f8e07986ebec606067cd4d1,retained-unmodified-source,individual-semantic-review-pending
include/ogdf/graphalg/Voronoi.h,2da6fdf6149b98163443702fafea44c7ce82c953,4b3aa3ee2b67ac291afa86ef76414823b01862944fe5301d131cf2819df0b7a2,retained-unmodified-source,individual-semantic-review-pending
include/ogdf/graphalg/matching_blossom/AlternatingTree.h,36b3aa7287636921158980ab6893ab0c0e35a24f,6e97942788dbff0b45f1a25a7373c0dccc836047da8df49c1581ea1c35199483,retained-unmodified-source,individual-semantic-review-pending
include/ogdf/graphalg/matching_blossom/AuxGraph.h,52e9ba723c47fdbdc7ccc32ed894b7e9d166ffae,13ea128539c723c8ebcffdb63cb4acc13242e63642542b033f256adfe69eea32,retained-unmodified-source,individual-semantic-review-pending
include/ogdf/graphalg/matching_blossom/BlossomHelper.h,e37d1f696db077321470ee65836eae64b72c9582,62b60c0648eac3d9ad1c2b408d4bf48ee97088fbea17b25e98d193d55cb31f91,retained-unmodified-source,individual-semantic-review-pending
include/ogdf/graphalg/matching_blossom/BlossomVHelper.h,92c4b16e89395023adc30d8674ba406c15613ddf,a160659df1988946d81f842009ab79db4af0ed42ab2c951a51f2bc032808bf52,retained-unmodified-source,individual-semantic-review-pending
include/ogdf/graphalg/matching_blossom/Cycle.h,d25b1400dd180fafc77ba1cb4fa1600a5d76facd,2f95ad9d9bd6ed801ffb0a38306b4130239869d2ab4d1e918fc8d42050172748,retained-unmodified-source,individual-semantic-review-pending
include/ogdf/graphalg/matching_blossom/PQ.h,37f2e645e676f25102679879ad28cd5ba0ec2a74,d549bc7b234a832327ab6aed6059c11261e62bd090f3a89a5022cf8964d707ad,retained-unmodified-source,individual-semantic-review-pending
include/ogdf/graphalg/matching_blossom/Pseudonode.h,426aae10637ec0e17bca45bc832db7ce3148ad16,f0a29c63c6f9e3abe285062ba944d6ad23031a041a1e657bff0acfb3f0d4b85a,retained-unmodified-source,individual-semantic-review-pending
include/ogdf/graphalg/matching_blossom/utils.h,781cd5e2cafe2fe209ca91e50094bb2d9d24bc14,ffc03aeaed956aa07d79028329181fbd4db71dcf23f83aaaa9f0d7980433d9c6,retained-unmodified-source,individual-semantic-review-pending
include/ogdf/graphalg/planar_separator/SeparatorDualHelper.h,d62d639d7d0c1644f4d4f4748f70c03e0861a08a,07b4bb8e1f51bef994010e6566690278218ef53993cfa2d092725a0aec8518bc,retained-unmodified-source,individual-semantic-review-pending
include/ogdf/graphalg/steiner_tree/EdgeWeightedGraph.h,f0eaddf9315bdf7a4ec4005c31ab07fa09ae6475,cd9f9adfccd27cd35da2d558b16afab2d5b4a54f90546ae07b56a64e2af07059,retained-unmodified-source,individual-semantic-review-pending
include/ogdf/graphalg/steiner_tree/EdgeWeightedGraphCopy.h,ba541fb28c50fe7086a9e43978757cea8c5fbe97,d90335f12404db3e3555b8e9ff76ee2a4a24791359a911f8975afa73774971c3,retained-unmodified-source,individual-semantic-review-pending
include/ogdf/graphalg/steiner_tree/Full2ComponentGenerator.h,8fedad3daea41b8595c8ff0f2ea6082790c4932d,50d495d2c6a1b4fe51b8b9fa6b717a45f1815338fdc88f959282a2feb337886e,retained-unmodified-source,individual-semantic-review-pending
include/ogdf/graphalg/steiner_tree/Full3ComponentGeneratorEnumeration.h,8d0a08b695eb3837ed164b74030b245fb0941b66,444598c11a7f3a60010aafa114737decf1f30c666a384dd2aa68623faf28a7fe,retained-unmodified-source,individual-semantic-review-pending
include/ogdf/graphalg/steiner_tree/Full3ComponentGeneratorModule.h,48ab7683f731e2ec3fd7203c1e1f4d66ab33999d,347cc813ed7f5fd6bedea6b8687b02693fcdcd273d5f6fd17dc0ad9569a2b42a,retained-unmodified-source,individual-semantic-review-pending
include/ogdf/graphalg/steiner_tree/Full3ComponentGeneratorVoronoi.h,d55b1dfac774688d495ae0b1693e727129a9ad5f,4c5b1f60733b0be7948fe437d306c8261b8af346919b40c75ec77cf990d488be,retained-unmodified-source,individual-semantic-review-pending
include/ogdf/graphalg/steiner_tree/FullComponentDecisions.h,ffc1fde06e9bfbe71453836171a099581b997042,353b0438b6bbecd6c9efd7f29c408c88a207743860589356dbfb2b7106e221d4,retained-unmodified-source,individual-semantic-review-pending
include/ogdf/graphalg/steiner_tree/FullComponentGeneratorCaller.h,56b438a2d5c0d8570729d8585b5ba2f72f2aaffa,2dcb50b58ceda20cd2017fe0382f721b9847531844017e5ad680505d003367ba,retained-unmodified-source,individual-semantic-review-pending
include/ogdf/graphalg/steiner_tree/FullComponentGeneratorDreyfusWagner.h,acab6039efeb8a1943efe6019999802bcc09dfb7,b931f8d0d738e41bcf14f3467e67c560f4786ca6aadf49bce85092257402a748,retained-unmodified-source,individual-semantic-review-pending
include/ogdf/graphalg/steiner_tree/FullComponentGeneratorDreyfusWagnerWithoutMatrix.h,4013b31cc1f6aec27b1cac6b4a63322680107a4c,7a2af5b92e8015afdcbbf0970d84d9919f87a02351197f138200344b9d7e9592,retained-unmodified-source,individual-semantic-review-pending
include/ogdf/graphalg/steiner_tree/FullComponentStore.h,4218ac5fbbe5dcea11239f9f4fe58ea915bf855d,5b501d5fbe74e7ceac3b972908592cf97a6366c507849ada7e8d9cfbb6b387a7,retained-unmodified-source,individual-semantic-review-pending
include/ogdf/graphalg/steiner_tree/HeavyPathDecomposition.h,527a8a21d691b497eb6ca7021c2a57e272e8f8cb,b3eaccd14121123ef37fa3348d13c2f2c88d7c1dae44c44de99ef21ba588d46c,retained-unmodified-source,individual-semantic-review-pending
include/ogdf/graphalg/steiner_tree/LPRelaxationSER.h,d2b75db779b3c34dc87213421dba7cb4d9bc485b,1c0e2c72f7fce750d7cdbc795cbaa53cebda0cd4284543ea7dd7ca645d863e5a,retained-unmodified-source,individual-semantic-review-pending
include/ogdf/graphalg/steiner_tree/Save.h,d26ca538ddfce36a7c5cef257f6fd08e50842ef1,25cef305e4b0b9aea5fbad610335a428c974657e6cfe36c81c368cb41004571e,retained-unmodified-source,individual-semantic-review-pending
include/ogdf/graphalg/steiner_tree/SaveDynamic.h,a91b9adab26f6f120dc9ee5b4afb3aef60d0cfea,011b831774b0eef69e6484c35f0a764f4bb1d9fdd346003704a83145093d3993,retained-unmodified-source,individual-semantic-review-pending
include/ogdf/graphalg/steiner_tree/SaveEnum.h,8d7db091bf7d8ee9cf9aa8deae58b54101987b50,650d61e4bb616564756c6f9dc3415521c004b35ce2f7b6fd082397161380ab69,retained-unmodified-source,individual-semantic-review-pending
include/ogdf/graphalg/steiner_tree/SaveStatic.h,dc528cf31c9cbf19d32777f4824a2e3adaf511b2,2e9b2d61d965a94ff8fa3458e591e9381df30ddd868b71554b47e23c452c603a,retained-unmodified-source,individual-semantic-review-pending
include/ogdf/graphalg/steiner_tree/Triple.h,04f2bbc8f3e61e0dea16d2213140f742c914e0eb,3c1b6b42be88845177717252a7541ea6233cb78d8bc335b7b616e3bb6a5e9aad,retained-unmodified-source,individual-semantic-review-pending
include/ogdf/graphalg/steiner_tree/common_algorithms.h,2cc5c1d0dd3a70effafdc5c3d19f90c72c99e302,fc0fe63ed5a944da00e172bbe903ba326fce0ccea42fbbb5eb390ccbc19fbcde,retained-unmodified-source,individual-semantic-review-pending
include/ogdf/graphalg/steiner_tree/goemans/Approximation.h,0900ad38c57a694159ba3edb577eafdd2ec60ebc,3c42c9fc653195e837431f457ffed49ff0d116039cb2051713fd3a5e6acc1e61,retained-unmodified-source,individual-semantic-review-pending
include/ogdf/graphalg/steiner_tree/goemans/BlowupComponents.h,32d337f12688ff9608538932fdf8c7df2a4eff89,b7b55b7ae1e32067d42c94d7f5e30bc658cbb63be0a91ca6855209d9349f1f9b,retained-unmodified-source,individual-semantic-review-pending
include/ogdf/graphalg/steiner_tree/goemans/BlowupGraph.h,c5c5e2cb65e8a9644f1b551ff1b83fecf3a4f991,62c9f3b964b15e240eb539c1d4dd3177ff942d23e5d06ccd9fbc8178c2021d3e,retained-unmodified-source,individual-semantic-review-pending
include/ogdf/graphalg/steiner_tree/goemans/CoreEdgeModule.h,8529571ec46a519459a487ffb7fae1bbefe877b7,b6e18977752d38058ee17d74049eee2120396e6c4aa8627b928c1f3aabb963d6,retained-unmodified-source,individual-semantic-review-pending
include/ogdf/graphalg/steiner_tree/goemans/CoreEdgeRandomSpanningTree.h,95948ea8a41012812e8d33df951f94c903774ed9,a6b5675f501ee8b47b14cf08024edb985387d6478331f60f485d892d4cbe3964,retained-unmodified-source,individual-semantic-review-pending
include/ogdf/hypergraph/EdgeStandardRep.h,fa3e733f67eed9b7a43cbec700a0bf12c3fa51f1,d6d050e7417724d32a3000663b0e54414a10ccb2239a566b76838a63a51d9eae,retained-unmodified-source,individual-semantic-review-pending
include/ogdf/hypergraph/Hypergraph.h,44770eba4418cece4d509974d3cfe0590b15e246,ff142c7edc15bbc61f6b1194f1b9639ae6f23b67eb5ebdda695cd249e137edae,retained-unmodified-source,individual-semantic-review-pending
include/ogdf/hypergraph/HypergraphAttributes.h,3324da8b669ec6d37e2221a41e3b45b1d43fc8e1,8dc573d78919dc405f0494482bfa3c94b6365451a7497bf83917c692e857b1e5,retained-unmodified-source,individual-semantic-review-pending
include/ogdf/hypergraph/HypergraphLayout.h,b9b96970ba5f6b330762f0c07be0f72d9d6961f7,1f987b9f35820ce9ada1ae1bc98cd79a885cc5e92db439ce09bcc260e9b1b089,retained-unmodified-source,individual-semantic-review-pending
include/ogdf/hypergraph/HypergraphLayoutModule.h,2de41e957b6c0540f28ea4018a24b36ff32862c2,0e48c560696d17f21c7a4a7a85a7a0148cb1a67a426813c4954dc20d1e79a890,retained-unmodified-source,individual-semantic-review-pending
include/ogdf/hypergraph/HypergraphObserver.h,c6b6bf0b30041ed2dad7cd7bbebaea7432ac1fdb,2560dfb860ddd0e278456568c8b8b193652b974a27c1cf0d84c8cfcd731a7f1e,retained-unmodified-source,individual-semantic-review-pending
include/ogdf/labeling/ELabelInterface.h,8f724859c5d4617ffd3ed22b023918f4b50fbad0,0a89ee0df85a3a55617b3eee893c5432c3107b63d2e125db854bd5275f30c043,retained-unmodified-source,individual-semantic-review-pending
include/ogdf/labeling/ELabelPosSimple.h,1e318f0a8ebf7ed9ecf2270104f38880be9532d4,1e2029b773284edf6a684dac36cb0d6bcbef3b877a5d05a7733fc1dc13290dd3,retained-unmodified-source,individual-semantic-review-pending
include/ogdf/layered/AcyclicSubgraphModule.h,34eedb676ad3f308c45d824afaaacf4cfe0af9ac,cd9bd9d7d21aa338d8a53d606ff40e02e5ee54b9fce63034d284bdcd746d7872,retained-unmodified-source,individual-semantic-review-pending
include/ogdf/layered/BarycenterHeuristic.h,e76c445be6a715dcf460152efb695ef0269ad2bc,d5d9a503a099183aabb307d30b3838af804c1fbae67b914e47fcac54b81d68ef,retained-unmodified-source,individual-semantic-review-pending
include/ogdf/layered/BlockOrder.h,7a6602381b04231bb147b567f6db099a2d60e83d,9313a174837aa590a59d1178eb181d82d2e6b4e5769f1745287b571ee7788e57,retained-unmodified-source,individual-semantic-review-pending
include/ogdf/layered/CoffmanGrahamRanking.h,a5906955370f75b486339c5d92b78b0e8ec382b8,fbe486249f06a059ec316d171199730d9d78fb1180bf0208de11cb2d17eee479,retained-unmodified-source,individual-semantic-review-pending
include/ogdf/layered/CrossingMinInterfaces.h,64c103e13e2e156f3326bf69f1e6b4f3e20f0710,31d7e58b508c255c727dfb53aba22b7bf6a0d42581d8485d90d8c1bab3c1295c,retained-unmodified-source,individual-semantic-review-pending
include/ogdf/layered/CrossingsMatrix.h,cac3bc868de7d93a35b37463e4a821b34358769e,1b4cccf6aa16ad8fa693fcc9f9f100af31f28d0f68d83ac165917d8c0aa3d869,retained-unmodified-source,individual-semantic-review-pending
include/ogdf/layered/DfsAcyclicSubgraph.h,fd967a6b759d7d416d2f20267cd3e4d7508b181d,e2bc5dd11dcc1e77018587b1c167df5578036cac6e3128144e0a4856489968f5,retained-unmodified-source,individual-semantic-review-pending
include/ogdf/layered/ExtendedNestingGraph.h,79a77d7eb5bb7fcee35f813d70af72f2704813a1,69e541875e8e7b59b4ecfe8d6b97485c8717b58fc78f44aad0076a4ec782a667,retained-unmodified-source,individual-semantic-review-pending
include/ogdf/layered/FastHierarchyLayout.h,fa568f14037d6ab0a67e6670dde10fc341493567,e6225c6b4a7bca189fad3e8058670adc829e4ad30a5aabbfb490d01d8c41ba55,retained-unmodified-source,layout-and-build-contract-reviewed
include/ogdf/layered/FastSimpleHierarchyLayout.h,f9503c23ce9a5d968809dcb6c18f0bcec15b5384,abb94e511aff3aae67996525090ce1c44be64d1e8ae180e5b72b3f0850bb5b3d,retained-unmodified-source,individual-semantic-review-pending
include/ogdf/layered/GreedyCycleRemoval.h,93700f0dd0d11174ac7037e994d2ba9dcc6c4f22,82b4a193264727f5bdc3139fa1b25f199eb44216f2cb0ff835c04917a4ad90e3,retained-unmodified-source,individual-semantic-review-pending
include/ogdf/layered/GreedyInsertHeuristic.h,9831a2a9a7b6eac0e32fa057371b07b78a774c94,649f5b72ab50dc0fb49ce11702e6a4031b46009ea79612f896b0816442548d40,retained-unmodified-source,individual-semantic-review-pending
include/ogdf/layered/GreedySwitchHeuristic.h,1a40279641653d38ba3c32d95a8f47288e6631b0,7a35d223871921ce764165f48f6bd6006788d11c2ea96c0e0a5604e2a73dda17,retained-unmodified-source,individual-semantic-review-pending
include/ogdf/layered/GridSifting.h,7529c955b48264267aaa5a6f23b3ded10db47c27,34db69c72f0443ec7348e5f35f086443b88f7ecd43bfc8ae77df2ff97424e078,retained-unmodified-source,individual-semantic-review-pending
include/ogdf/layered/Hierarchy.h,cad88a4a169564b369ccc8c7b014a46db754caff,b0713fdc0e18844770a1cf468ead4b00ff7db9e7a12440ffe5ab2503af0f1a91,retained-unmodified-source,individual-semantic-review-pending
include/ogdf/layered/HierarchyClusterLayoutModule.h,fe39717bef2fd3d7a9df2d920374b0865ea12c76,c90fabc03a07a80e3c373a34c958a549a6d6ee3245d46275f4b64111bd57fa12,retained-unmodified-source,individual-semantic-review-pending
include/ogdf/layered/HierarchyLayoutModule.h,a0981277c92f4e18b7958299f5d4b695b57380cb,07287076ecb9623fca735931520e09d7c92a9991156ce640deae7e62e00fadda,retained-unmodified-source,individual-semantic-review-pending
include/ogdf/layered/HierarchyLevels.h,537c24819707d5e51dc204ef6b0b7676e74cb07f,f57f0a00e61e258fb78d0641a450a12377d5596cfac630946028b8f99e7c01ef,retained-unmodified-source,individual-semantic-review-pending
include/ogdf/layered/LayerByLayerSweep.h,38c0d3dd3851f8f7452f02e79261cd3871046f27,e43352352e505fddfd340921df21df9a4b9720e077223284b239fb1244abbb64,retained-unmodified-source,individual-semantic-review-pending
include/ogdf/layered/LayeredCrossMinModule.h,21b1d43185f016663d57eaa281b12dda9e7872e0,7ccc7294657b20b8a35bf16d96e8d8825f08737c2eb824c056307097de42fa9d,retained-unmodified-source,individual-semantic-review-pending
include/ogdf/layered/Level.h,c7edef4a220d1dd72fb17764b95d168bf2208288,857b2c01dab3990db2269d58d93ac5f3071d964f5aeba12ebd92c7bb3262db31,retained-unmodified-source,individual-semantic-review-pending
include/ogdf/layered/LongestPathRanking.h,5cdd3cf2b3bcf37a7c5fe4da9d837157a28dcb65,c934ebdd466cdcdd2f2013226b90858fc642b737fb13f586c30fdb74a903e35e,retained-unmodified-source,individual-semantic-review-pending
include/ogdf/layered/MedianHeuristic.h,0f31620f547d1ffbf1b7526ada613121af2b8afa,4c07940e6a932ae604ae1c7b1d34f0ad83a37acb196a692fc75baa1d3774dad9,retained-unmodified-source,layout-and-build-contract-reviewed
include/ogdf/layered/OptimalHierarchyClusterLayout.h,c5d39bd1c443a4f737db0e384df36b31cea484e7,2e8a18ff90da15510e03e68de047e973a1398a6f962ef6c803a9fb8ece25b0d5,retained-unmodified-source,individual-semantic-review-pending
include/ogdf/layered/OptimalHierarchyLayout.h,3cc17e52599a83a3677de5ef57611f2d7c6fb0dc,1c7239f3530565c9a8c2e6876b66cfad63dc45a0d18b806dffe9988620c46f6a,retained-unmodified-source,individual-semantic-review-pending
include/ogdf/layered/OptimalRanking.h,17a6bf35f1aceb0ef1ec9251d1a0c3628843078f,d7cfc69dbbf16b12ee62f58dfd7be8e14b2b4a40d2e4b02919e7fa417be381e9,retained-unmodified-source,layout-and-build-contract-reviewed
include/ogdf/layered/RankingModule.h,7c5b78f716305b2b94da9e34099becf2b3db335e,4da2b715977e64159286518d46e01131c54d196127033cff0dc2c748811be255,retained-unmodified-source,individual-semantic-review-pending
include/ogdf/layered/SiftingHeuristic.h,d635dd8cd3e1499714f6cf9efb29488395c48b15,4784ca2aafd8bb7531f5345b877783fba7749b93c69cce5044f8b4bd4c6dba9c,retained-unmodified-source,individual-semantic-review-pending
include/ogdf/layered/SplitHeuristic.h,9a165dbf10a5ebc65b8b6fce0813fa2d298bbd34,edb8bc2b68f9b40f4da79cbed5e4d9f767bfbd8aefaac3d171b438f47b1990ce,retained-unmodified-source,individual-semantic-review-pending
include/ogdf/layered/SugiyamaLayout.h,bc27f389419386417b35300c8d2b2c220eb12717,954fd8fb403207b5989abff4d14557aebdcec89e0b10084c0c81644269ecf112,retained-unmodified-source,layout-and-build-contract-reviewed
include/ogdf/lib/.clang-tidy,9f73c9bd69a1861393f0ec02c750e89992dd2b9a,c66adaf29d5c5ac2582f966f613cc1570d49b20bfce64ba7195d7251984df883,retained-unmodified-source,individual-semantic-review-pending
include/ogdf/lib/abacus/abacusroot.h,18f76fe43ed1d009c8c592c39d89ee2a4a377f21,4e36a2da23e256c570223c531e7a7aa2e11a7ae6199ccde49e8e7ac0c3b24006,retained-unmodified-source,individual-semantic-review-pending
include/ogdf/lib/abacus/active.h,ed6ab43e20425ef9a60402dc9aab7004d691e374,b44014a944f11f5e98868445025c2b59a8d0818b93e96a85a792ebfb62a885d2,retained-unmodified-source,individual-semantic-review-pending
include/ogdf/lib/abacus/active.inc,4835b058592360b28f3cdc170893d5220da62d20,9e4c581f940fef00f7b8642ca54fde777ab13501b38d568b0b65e6d46cce0511,retained-unmodified-source,individual-semantic-review-pending
include/ogdf/lib/abacus/bheap.h,1253bac90d23040867c6a90bb7c767b23ef8106f,4ec8549aa02263116474577237c290b6104fabbdec80a063548c2e6e47cee273,retained-unmodified-source,individual-semantic-review-pending
include/ogdf/lib/abacus/bheap.inc,06c4abdb451739be1c2cdafb2b9e9f479b7da609,9fd7aad7749820abc15aafbf7e6c248cb86adf9c3c260492e1fc1655d704e67d,retained-unmodified-source,individual-semantic-review-pending
include/ogdf/lib/abacus/boundbranchrule.h,0db08f27f74c16a283f7d1d744625816768dc9a2,05fbf3bd387fafe056ed4aa82217827a491a702290c50706d619c33c10465af0,retained-unmodified-source,individual-semantic-review-pending
include/ogdf/lib/abacus/bprioqueue.h,d57ef2451e626eaff340f6acecfeefb8a367145e,5f423fe219351ff7f6432b20d7819062e532842ce3a2f5ec074b97b25fa1cd5f,retained-unmodified-source,individual-semantic-review-pending
include/ogdf/lib/abacus/bprioqueue.inc,fbbe2f79e734456ef86260ceda5f40fa37e1e5b3,98dced51432fe0b23b3bc38ba78412b17b48ba4c1568027b2cf76ec7cc76b72e,retained-unmodified-source,individual-semantic-review-pending
include/ogdf/lib/abacus/branchrule.h,4825aabb166f4cc118a466e8bb54e963f8e0e42d,8f377553a9a388e69fee8bfcb1d3789c758e1f1ad6cc7bb67f4ca16ea956bfe8,retained-unmodified-source,individual-semantic-review-pending
include/ogdf/lib/abacus/column.h,5a0b24fef3858a39412f154cd3740e0c08173db0,d49d218666db795648f9b408e8439fc65f19a7a7a04e9dd04677379ce5d98ba9,retained-unmodified-source,individual-semantic-review-pending
include/ogdf/lib/abacus/colvar.h,d65aa14026c61c7e2312b56101387eac95ac6eab,c176c08f9ddd6126721ca906df610962c241f53a5eeba76c40f13255e95fe496,retained-unmodified-source,individual-semantic-review-pending
include/ogdf/lib/abacus/conbranchrule.h,1e6239432af52e0948bcc5ebbad7c02316697c00,cb6bc6197fbe15c83cb3a8b234986caed13018351ebd7a8e052a2f3195b1d907,retained-unmodified-source,individual-semantic-review-pending
include/ogdf/lib/abacus/conclass.h,b02ae2f007a073eb830068c92c60460c59d75daa,b2b23c645388f0299f6987a8cb609e9f65a3e38e6799873883c8e8821ded31b4,retained-unmodified-source,individual-semantic-review-pending
include/ogdf/lib/abacus/constraint.h,5df4b14f7f38659291ec488af32f0b284740fe46,978e7dfeb52afedb38787a61744102a05520e777d17a3000fc49e68801da5b9b,retained-unmodified-source,individual-semantic-review-pending
include/ogdf/lib/abacus/convar.h,402e88d2b71cdedce26a35f86b3911c3171be7c4,4aeb67a9bd5d5c0a4cc5c3f2de065a0a6cb8c4d7c98f42d6b4954e0553405359,retained-unmodified-source,individual-semantic-review-pending
include/ogdf/lib/abacus/csense.h,b610fb50491901080ea2f2b31e1cad6ca2384fe0,bd9ea3d4aff02cab19b0b7c98f6f2c4d0dd2c9ad478d0a72c24aaf363cf48acf,retained-unmodified-source,individual-semantic-review-pending
include/ogdf/lib/abacus/cutbuffer.h,55a73e1806e964bcac8336c06fa395d2287c836a,cb5776b17b26d2daa2e3829a02989cb99bea60391fe495f794cc029407dc5067,retained-unmodified-source,individual-semantic-review-pending
include/ogdf/lib/abacus/cutbuffer.inc,8330df8f870e6f25548f97aaa95564aff7ef11c7,9dbfb9b3db260e53e4873d03e9736d1de182ce0e0f85aac5cfdfc5c0886b4d2e,retained-unmodified-source,individual-semantic-review-pending
include/ogdf/lib/abacus/fixcand.h,cfc00130a205fab48f5ee9937a4238130253a95f,9fd0a4c50f5fdbf8e6b0dea59cf4e5b7bc3125d1d7cc6e52717d84f74f623f4d,retained-unmodified-source,individual-semantic-review-pending
include/ogdf/lib/abacus/fsvarstat.h,10526002466e3bcf4fcf36b546482134ad1dbf01,3eeb56260a6be40b04d03ef2f969bd0ef37ef468a8ff8ca1ac120c23f2517474,retained-unmodified-source,individual-semantic-review-pending
include/ogdf/lib/abacus/global.h,43120a07f7aa155a2c721d4db6c472ec2253105b,7cf36a8213e2156f3a336e870feed9a6cbb9ce8991fbbacca01f4b0ab89228bc,retained-unmodified-source,individual-semantic-review-pending
include/ogdf/lib/abacus/hash.h,0e4df5e4941efb5dd5f2e088c0f9a7c158cea628,8305bdfd3dfae5a3c62244863436609e3fc8adb161c7f925d459ea3203e73a1a,retained-unmodified-source,individual-semantic-review-pending
include/ogdf/lib/abacus/hash.inc,842da33352c68984e45b022a8cf0398d02456c34,3a6406480efd064c7e1d97ec1f3ca45aed4f214f593cde599fc3158d783e1b1a,retained-unmodified-source,individual-semantic-review-pending
include/ogdf/lib/abacus/history.h,55e16591b62171bb8d71761c2302b03c0c1105a9,44cc4304b9341aa3da892489ef079ee79b45a3208a749d699fcdda3935882f18,retained-unmodified-source,individual-semantic-review-pending
include/ogdf/lib/abacus/infeascon.h,f28b2f4b94430585cc312d5fd9018f10072f0982,212fc1fb6be19a99ea73f62014a3fa0505eee43a80824c62b0db22bb2b4a867e,retained-unmodified-source,individual-semantic-review-pending
include/ogdf/lib/abacus/lp.h,a8338cb1c1f7b785ffb48b5fdc691767d396364b,a8d13b9fdf60715314e73a1b93a1820404088ea32ad9f89396e93829cdfdd87e,retained-unmodified-source,individual-semantic-review-pending
include/ogdf/lib/abacus/lpmaster.h,d771768ce83b4d010e4b1adffb07995b68a35946,8780b9c626e63750c47fe376bdc85bfd50dce0cc1ea2e6cb4cdff752368e7464,retained-unmodified-source,individual-semantic-review-pending
include/ogdf/lib/abacus/lpmasterosi.h,7af4073cd7213633c2b97d4831eb1dc7305c7aae,a7d6ba9ce8800e1d79a4f8ab0ead0c72d270b63ff58c4e2beba83f9e95e7b7c8,retained-unmodified-source,individual-semantic-review-pending
include/ogdf/lib/abacus/lpsolution.h,139d6b7cd38ca4a89d3b604f89617efad0ca90e3,2b988c394d335a9a47a3083ab74112ac18f80217c2df9b1fb6c682dd61212e1a,retained-unmodified-source,individual-semantic-review-pending
include/ogdf/lib/abacus/lpsolution.inc,cb0324376b37644ae67ad44bc5bdb8c21ff3033b,287ef5448adf646df32ad7ef60448d69ae8be909b6c806200db955f8c88944c1,retained-unmodified-source,individual-semantic-review-pending
include/ogdf/lib/abacus/lpsub.h,58cd7272ad5f2bb950d05a16d53165b1cf840179,7925f138dd314365b9ac5bf3fdabd7a57fec8a9d6c0c6d8ee025b2e554778127,retained-unmodified-source,individual-semantic-review-pending
include/ogdf/lib/abacus/lpsubosi.h,5576cd10cccef2b543109fef8df33d45166ba972,fa68cf94cbecabada5bfc3888d86dfdae14e8e2872277ef0515ddf89287c28dc,retained-unmodified-source,individual-semantic-review-pending
include/ogdf/lib/abacus/lpvarstat.h,a4fdda9f7c8fff6c5c1e9fcbc1b413a5a50cfd52,4351f168fc887be9eff29f34a3105700875584ce60d4b1437e8b3038eab8289d,retained-unmodified-source,individual-semantic-review-pending
include/ogdf/lib/abacus/master.h,1e7fdd13e20dea2b65595af30ee69068bc2087ed,c16bd90cbdfaf48dc2a9d8a01c00efb2d6226cee67e520d1736f56597038794e,retained-unmodified-source,individual-semantic-review-pending
include/ogdf/lib/abacus/nonduplpool.h,dbcb2806b436e73a098b86f5ceeecdcabba417a9,e82dd96ae67553b8ce583e9fff329a58dbc231649eedf3dde7f9449117fa28d2,retained-unmodified-source,individual-semantic-review-pending
include/ogdf/lib/abacus/nonduplpool.inc,f7b620b2e3246c88ae53db1a72c08c6bd970b44f,5b29f2d84de4a2dec42668e3eef8d00db06753616acfb22fb06913a6361ed59a,retained-unmodified-source,individual-semantic-review-pending
include/ogdf/lib/abacus/numcon.h,b8d130efe7700ae4cd2fda33ea4eb5ddd39640c1,d6a5347c2d8ca153ff6c6d22596f8a14b7f78e7644ec7f7a566b3bbeaed444ba,retained-unmodified-source,individual-semantic-review-pending
include/ogdf/lib/abacus/numvar.h,3bfbe6b1a4135555e2226dcfff5924a64526c8c1,05dc4135d25a64dc673bd7666be44d31da02d52ec525c8d3305318c098c7d5f0,retained-unmodified-source,individual-semantic-review-pending
include/ogdf/lib/abacus/opensub.h,a18bbb6948afb9798f6b4f9c4fac1172f5c0716d,7482e2ac271dd762453a42541785caaf774c968ed63ce0eda179650a83e8f198,retained-unmodified-source,individual-semantic-review-pending
include/ogdf/lib/abacus/optsense.h,356d20e918f7c0928d6da1e1f96a566efb9fef6b,0211bcde5a84b9b4e83cc839e82b7f6ad63a58e5d4d4426288cef40d8ae0e1d5,retained-unmodified-source,individual-semantic-review-pending
include/ogdf/lib/abacus/osiif.h,9f2807daa707a7b8749fc05da299d0fa0f306b39,290887e0f711bfc6158448da493b037b460ef9e06b3b835403798c3b331d444b,retained-unmodified-source,individual-semantic-review-pending
include/ogdf/lib/abacus/osiinclude.h,4fb36d943b1cc5536546bfd3a19f862b0d92497d,01b47ec964a1e0058b675bbf11bcbf201e0ee2195f60d78a1d34442097f80f3b,retained-unmodified-source,individual-semantic-review-pending
include/ogdf/lib/abacus/pool.h,01796ec9b145c3368ef9a5527f609bb0bc356153,b48d92bcd64b65a2c4c149b7efa787af7f1cebfe4fb6bfaced1dcb6032357bb4,retained-unmodified-source,individual-semantic-review-pending
include/ogdf/lib/abacus/poolslot.h,ec94e85004d9f5be4fd6195bfe5a1a10ea9f50b8,9296759019c0605b8c2ab1ffd33d3eff27cedb1080f60e0f3dc84e2c46eb9084,retained-unmodified-source,individual-semantic-review-pending
include/ogdf/lib/abacus/poolslot.inc,3ef395eefccab434c7a1ca1ffc9ca6a4c341cbf6,7b6a965e6e1c9ad83ed1abb4b29677376981da70b4da9f9fe482e46f50d86eff,retained-unmodified-source,individual-semantic-review-pending
include/ogdf/lib/abacus/poolslotref.h,db34d2d1e262be6f7da8a9f45de8a6d81d67d7f1,1c30624c72aee905593e13ccd20eeef2cd819fc380c83b48c8943a22b7066f6e,retained-unmodified-source,individual-semantic-review-pending
include/ogdf/lib/abacus/poolslotref.inc,ba057c961d2beedb32048473f7f8e42b239ead62,17c68bbbeefebfa7b0eb8c247533bba8b2e5a335e948fbad47ae4fb691d69c6a,retained-unmodified-source,individual-semantic-review-pending
include/ogdf/lib/abacus/ring.h,2b8bc539117714c3f064e5bd8c43c1064b9de0dc,a455a0da91692cb4193bb39de41d0a2eece9f9a342b81140e5058d9f05aa4a97,retained-unmodified-source,individual-semantic-review-pending
include/ogdf/lib/abacus/ring.inc,86e27289ec9ec8a4054b9eb5bcdde1bdfa0bf62f,ba139678e196c3f1148e030ff57dd30f2729533b6f3ebb279df7805b5c2fe1c5,retained-unmodified-source,individual-semantic-review-pending
include/ogdf/lib/abacus/row.h,efdb59637767063b81074fed24959c6b52d8c7e7,27ddce96c6f2c7f2e45d7d5ba03defbb24b445449ce191aafc1dc0345f5afcc6,retained-unmodified-source,individual-semantic-review-pending
include/ogdf/lib/abacus/rowcon.h,f8b8933225e1be46aac816d26561fc901c06abac,db221ac822b4bf350d708ff804c90a34336aa172d951b48d2181819631504de0,retained-unmodified-source,individual-semantic-review-pending
include/ogdf/lib/abacus/separator.h,bb50567e52ce956d012c7132cea23f1725fed0d0,135788d4a4e0285ecef9aac1f407d47201d23c243a56723cb8651c6086f96276,retained-unmodified-source,individual-semantic-review-pending
include/ogdf/lib/abacus/separator.inc,886e96e61b612b9c1a9735e0a77d6b24781ddf86,79d0dbd6223db9b3b97e45d7d5fa167c586e1c908091efd4621a702339ab753b,retained-unmodified-source,individual-semantic-review-pending
include/ogdf/lib/abacus/setbranchrule.h,b4e639a2ab28781f058264be9ccdee322a0fd1bd,da89055336529df8002284638b7971e4abe97d454259c240ea25773c133d4c63,retained-unmodified-source,individual-semantic-review-pending
include/ogdf/lib/abacus/slackstat.h,fcaba3d2962ac51eaa60b1d6a1e12f88748d6298,e96725f98cdfc62e50a40b7c2cc076927ddd65e296b49d3a0b29c9152a66eaf7,retained-unmodified-source,individual-semantic-review-pending
include/ogdf/lib/abacus/sparvec.h,4a73c81a742a671d886cffa1b81a0e5b7d5c1ca4,c28638e0068600c07c605ae545fcb529a9b718c85f50255ac438c15be37f8fe4,retained-unmodified-source,individual-semantic-review-pending
include/ogdf/lib/abacus/srowcon.h,296af9501652b419f8c563d5cc8063ad4ff98786,7bd405a70d5abad88210993eb399c2ef8138a7ed0e9c0a33d91b9d36834d5e0c,retained-unmodified-source,individual-semantic-review-pending
include/ogdf/lib/abacus/standardpool.h,bfb9124fffde91eb0c1274fb2672212d51ed784d,66ddc7cd8bdb50e20672627aa87046de9e793c3bf087aead4fe50e54d14c404a,retained-unmodified-source,individual-semantic-review-pending
include/ogdf/lib/abacus/standardpool.inc,9ce0e780ac4e708ac3a609e46156acc15ddbb66f,05d04e42c18704fe7efa176b73e781b4154e9addcaffc51a01e806a044c6801c,retained-unmodified-source,individual-semantic-review-pending
include/ogdf/lib/abacus/sub.h,80de562dd65871e217d7ee6dba2e6098b10214ca,fcdf7d259bb4b03ff8b0846cd9b69138e458719b613e9f46dfe3998d1fc8cfbe,retained-unmodified-source,individual-semantic-review-pending
include/ogdf/lib/abacus/tailoff.h,b24cfdcedc40d4fcac8339caa1e46610aeab0898,e21bb22bff1886b4dba3c1953818b49f01028ecaae4cd7bf1cac5697fd9cfa6c,retained-unmodified-source,individual-semantic-review-pending
include/ogdf/lib/abacus/valbranchrule.h,6c429060018d48279d74f41547af57b356703fc1,ad0f4ebc9ed152b79ac2829a09830af9b763f6d11064e8b8f6c8352315b8a65d,retained-unmodified-source,individual-semantic-review-pending
include/ogdf/lib/abacus/variable.h,7b032de43dd6f105bd3f4c648977754434a1f56f,9544f0bcedb34d4e625ecf717db3d009e38aae09cb8b2582949010de76e68e75,retained-unmodified-source,individual-semantic-review-pending
include/ogdf/lib/abacus/vartype.h,ead34ccb8c7cbe587403273de7b0633d96ab8335,c2fcdb5ff73d78c087b74d6c4a192edafcde5663b309dda3f975892a594c0ec0,retained-unmodified-source,individual-semantic-review-pending
include/ogdf/lib/backward/backward.hpp,96c038524e4ef7817f6cab4c9054367275bf3acc,280cfde15c8b782e646768fcdf71ad1c5db13fb42714a0ee233359e1799fd408,retained-unmodified-source,individual-semantic-review-pending
include/ogdf/lib/mapbox/mapbox_earcut.h,2a33c96231b5ece69c9d6368e10a5916a34b3da2,34dbf519b4b966e2fefa372f21fae6c3b62e6a92c6b7c0c1dde61957ad374252,retained-unmodified-source,individual-semantic-review-pending
include/ogdf/lib/minisat/LICENSE,22816ff39b170f7161a9dd6df13812d04bdded91,c75f5063560674728fcfa7b9b291d26a3a8b9436a0d9940eadc81aab7779d62b,retained-unmodified-source,individual-semantic-review-pending
include/ogdf/lib/minisat/core/Solver.h,f21376b0607001360f7a6a961dda74d57bc025d7,c6cb58e544135cc00768cf848a16000527cd6d202b1332b78f07ff752a1867db,retained-unmodified-source,individual-semantic-review-pending
include/ogdf/lib/minisat/core/SolverTypes.h,2ba710e224ca1ea9cae42bf21e620aa857013f8d,3b965208c53e3f65798af00456e03a17cd99d51eebd1c666e86bc026249f2aa5,retained-unmodified-source,individual-semantic-review-pending
include/ogdf/lib/minisat/doc/ReleaseNotes-2.2.0.txt,b27c1203d35e7d647da4e2e8b18d8f3d75b64e27,03f189bc88c376a157ecae28c88f77ae46154b80d35535baf11c4276ef13e2b5,retained-unmodified-source,individual-semantic-review-pending
include/ogdf/lib/minisat/mtl/Alg.h,3a3b0f81d742f2c9d6cfc9da574ef5aed483ccf8,02746c7e03ddc68fe7e628670bcfe617f467ca8fbf69ff47b657ee08fb0f62de,retained-unmodified-source,individual-semantic-review-pending
include/ogdf/lib/minisat/mtl/Alloc.h,c004d5d3f0786da878b4fd99d4f4859c6ad62ccc,0b77adb3924b9413bc09e93b8c643fcec635a4fefb9e0148c8453c867966df47,retained-unmodified-source,individual-semantic-review-pending
include/ogdf/lib/minisat/mtl/Heap.h,bcbe1d8bd8625747a30b81d6603706d7a417a05a,9c9e380a5c1f7edba022fcaa3e5710e27cb45ff849c2119f482cdfa82ff19b12,retained-unmodified-source,individual-semantic-review-pending
include/ogdf/lib/minisat/mtl/IntTypes.h,f253e49dc304b38063f45a7171207c0a3d20405f,6181e35ca969d4c951e2f0ada95f34c85186e0b749be3a008f8a6001c245f7a5,retained-unmodified-source,individual-semantic-review-pending
include/ogdf/lib/minisat/mtl/Map.h,ff9855c72f98b84a8cedeef7ccaac1a20a23e073,eeeff9d747216c299eb25cb6a6224f5df8916da8187929a06704fca138ed258c,retained-unmodified-source,individual-semantic-review-pending
include/ogdf/lib/minisat/mtl/Queue.h,6232074b7c1b7247ed32c76eadad78630ea51ba7,759bd1fd9b068993f2b274d9fc3921acbabe111fec809569115f336789b45afe,retained-unmodified-source,individual-semantic-review-pending
include/ogdf/lib/minisat/mtl/Sort.h,821daf37ef1ddf3bc068f23089a4ab6be3005210,b30c98cf897068b2cc83c7e7d956f6b75c41d6adc96be1a0ce45f151c4d8329e,retained-unmodified-source,individual-semantic-review-pending
include/ogdf/lib/minisat/mtl/Vec.h,a0c28e26aca2036e8a659152e6d4638feb7a1c5c,ad5ca4e6efb1ebf887d7211d1741b63cbdfffdecf511685030a04389a6d480db,retained-unmodified-source,individual-semantic-review-pending
include/ogdf/lib/minisat/mtl/XAlloc.h,df32a81d596895c2206ffb9190047d9915ce0715,88eac4cd58cd7105824218d7471057ef4f99fd936243791b5b98b6d1ef678ed0,retained-unmodified-source,individual-semantic-review-pending
include/ogdf/lib/minisat/simp/SimpSolver.h,bdd5653d113e4968af33736154acac20cbeeb966,cf65fc38367e1a597d96c7417cd7ee739fadecb3a4633e1893c5051b1f00b9a5,retained-unmodified-source,individual-semantic-review-pending
include/ogdf/lib/minisat/utils/Options.h,aa16ca564423858cfabe61ec5a9f71e53c49d8b5,a924d3bf8e1108b258b9ea91e2c428523ad10792f39f82570ad8b8dbb0d23963,retained-unmodified-source,individual-semantic-review-pending
include/ogdf/lib/minisat/utils/ParseUtils.h,6e6f2da152f09b7e868c21a2777682e0a834e83b,f6add8ba884a484e05e3187a0b4eba2e44438726d2315f02c33f95cd89703965,retained-unmodified-source,individual-semantic-review-pending
include/ogdf/lib/pugixml/pugiconfig.h,c05540fb12fe6fe1ad363e07ba4aa01c9ec23a00,09ac21fd83a1b11975af678c5d0e29113662696dfc2d177c064684b623560ff6,retained-unmodified-source,individual-semantic-review-pending
include/ogdf/lib/pugixml/pugixml.h,bd7064dc9c5c6091724e131e2b5038b0852216f0,61a800a492bf212f11592fa250bd7fa33b9ee75d56c88acdb7824a74736a6301,retained-unmodified-source,individual-semantic-review-pending
include/ogdf/lpsolver/LPSolver.h,553617d0f158113585b233117ea264d1ac697ffc,863397fd9f9c878818fc593a9b82680e8d131c11c51dd63ea7408a8c7eae6ce8,retained-unmodified-source,individual-semantic-review-pending
include/ogdf/misclayout/BalloonLayout.h,30e9aafbaf9e0facc677720b5fab9af17ab26431,e11be60db431910f7ddd763114b771d6a3770dc462d7854aed6d94fc5dca2d17,retained-unmodified-source,individual-semantic-review-pending
include/ogdf/misclayout/BertaultLayout.h,d82a820583ed2b7b728ec5778cbdd9aa6139c918,8faef5419a25dbc61173c48f754959d2776a72b65840f10a78ecf34620604297,retained-unmodified-source,individual-semantic-review-pending
include/ogdf/misclayout/CircularLayout.h,4b6d408b4e7623d2d0da8e565e199a05f859ab4f,4156e2e358999e48e0f7ee27ef19a0a02476a701999f4c8e4024575158dd6c9a,retained-unmodified-source,individual-semantic-review-pending
include/ogdf/misclayout/LinearLayout.h,9deed6cdca65a601b869e7140fe193e676f4fc60,d7078ca811b25b31c01e1f9c429064d029887281e49d02557069b725e9e2ee26,retained-unmodified-source,individual-semantic-review-pending
include/ogdf/misclayout/ProcrustesSubLayout.h,b0b82dc8f8ae13d527be6eddf26869b9bd031af2,72ad4776425be45acef75c139c56cb6219169c20f656451bc1b53c6b5c8d37eb,retained-unmodified-source,individual-semantic-review-pending
include/ogdf/orthogonal/CompactionConstraintGraph.h,d98f18867506fe35319bab197887e307227abfec,464e9a53baaecd3fded151be18f549cc40dcb3b3419c849a485d96cb9df3dccd,retained-unmodified-source,individual-semantic-review-pending
include/ogdf/orthogonal/EdgeRouter.h,7dce8ed9fe6d5fb2e481b0b14bf7ff7e08a0b7b6,40632f4f7678e0bc9f98b17507ec93c0fce1284b735e1d2566b776a28e179ee2,retained-unmodified-source,individual-semantic-review-pending
include/ogdf/orthogonal/FlowCompaction.h,f8e26e93f998a8b334851a00c454c8bc1a8ce69b,ca09f061730eb50210976f69e3bd9dec92244e8c825b521ea8efb4d1d7c6479a,retained-unmodified-source,individual-semantic-review-pending
include/ogdf/orthogonal/LongestPathCompaction.h,015034d17a681f2f2dde0b1d41eb299332075abf,7b6d06d7e6ed079968ed59d3df37b2f9f8b1c79f56db708ae0f2583628b23867,retained-unmodified-source,individual-semantic-review-pending
include/ogdf/orthogonal/MinimumEdgeDistances.h,e1dc50faaf655bbe6d23c4a3f3a922ed773089a9,ad83b58be75ee6d6064b2eb6f9d1072eb7fe5c1f3ecfcc9cde191a278e27eaba,retained-unmodified-source,individual-semantic-review-pending
include/ogdf/orthogonal/OrthoLayout.h,a3fb2b294500824d09f11f0df7e2cf7dcfc9afb2,c0c6e4e8e696751c5cabbfd315f290563bd4eaaf77c5c27349c892f652b2c80d,retained-unmodified-source,individual-semantic-review-pending
include/ogdf/orthogonal/OrthoRep.h,8bc1f6341f334d63043a66b5f8cf49aa9a556243,ff5bc4157784ff290965c0ab6fa2eae9671d9f30ab5691af022942d6d4785abe,retained-unmodified-source,individual-semantic-review-pending
include/ogdf/orthogonal/OrthoShaper.h,f7d44c1e45ac0cd74aa4dc8f84b0fc17572b4772,50f0c626c1e514f684e2f3d329d3791b8493f008f227c68b12459084ca7e600f,retained-unmodified-source,individual-semantic-review-pending
include/ogdf/orthogonal/edge_router/NodeInfo.h,4514d0f6f2a94cbb7f0389d572be0f93e70bc52c,ea942643a725a68a1dc9a9ad62de21a7ee4a1f12cd201e48c066bf7e92e88141,retained-unmodified-source,individual-semantic-review-pending
include/ogdf/orthogonal/internal/CommonCompactionConstraintGraphBase.h,4553c4d11682eacad29a85d2033d7897f2df9a93,ac5671622adf70860c99f0078ecfe821118fcb53bb61d47b36f086d7ca56ab50,retained-unmodified-source,individual-semantic-review-pending
include/ogdf/orthogonal/internal/RoutingChannel.h,826e662eb0902aff32b4402a7f66570b8ee7dd83,37f888365cc10f0bbaf5c0114dc984f2fe4878a20b14b9ac552719e7ecd0cfa8,retained-unmodified-source,individual-semantic-review-pending
include/ogdf/packing/CCLayoutPackModule.h,ad81271d4a8a4467fffcb45a88108d4a26afd9db,db6173afd5a832ccfe94ffe265973268dbcc95ebef2ed8f61e1a9571fc99a54e,retained-unmodified-source,individual-semantic-review-pending
include/ogdf/packing/ComponentSplitterLayout.h,c09043df0d7005898668debee493858764b8eacf,4bc7ca319eab3857d4a5b457823e4261786bef0a19d2f68328c72393f1f9a729,retained-unmodified-source,individual-semantic-review-pending
include/ogdf/packing/SimpleCCPacker.h,d7c300650a183c58ac28a1b1dbcb17293070202a,7d25f4bfba310d32ab9352c807d3b1e1399c7ccf8be508d251de5dbf36b0d212,retained-unmodified-source,individual-semantic-review-pending
include/ogdf/packing/TileToRowsCCPacker.h,52b3654b4ae36dc753845d55ad50250e5c4fba18,cccecc666e5b4487cf44b1bc20d64d213e024d748ac78eb8455ed946fcac31b7,retained-unmodified-source,individual-semantic-review-pending
include/ogdf/planarity/BoothLueker.h,4ffce59e3ec0a91352d6909b7bcb6c626ccce1ed,912dd29b4b0130a37ed6cb937bb153802f9312564df0c6896c609bfc952a96a0,retained-unmodified-source,individual-semantic-review-pending
include/ogdf/planarity/BoyerMyrvold.h,61fad1fe6d9b89544ce78f66b7a64e372c04e2a4,78b56bc3fad348e2956bbabdfb8a06c6282fdbc96afc23dc2ef45b01bacf5e53,retained-unmodified-source,individual-semantic-review-pending
include/ogdf/planarity/CrossingMinimizationModule.h,2c41c80f89ef30a82b2e1403c679feceea78c4ae,c7fb89440fd4b90d5c14b3e7ca897df40434c15df22f2155960cf4622e2e7e4f,retained-unmodified-source,individual-semantic-review-pending
include/ogdf/planarity/EdgeInsertionModule.h,8db1b359337297d05f63504c59e5e58484ca61c4,5fe2637852359bcde2f67451c03a40a8a328b2064f9e43c3e1b8903cfa1dcf37,retained-unmodified-source,individual-semantic-review-pending
include/ogdf/planarity/EdgeTypePatterns.h,cd26bc029ee18025063e3bf042cc29bdbd3fd51e,a71be70de3bd31e7b03a379339bc0fec1ec81dda4367f57a6094a99d0d84026f,retained-unmodified-source,individual-semantic-review-pending
include/ogdf/planarity/EmbedderMaxFace.h,c0c41b614c845ee3f0d0173ac564384c0f880cb6,9a384de01c326576ca9deaac922d7dd8868fe90429efa761fec31156a764cad7,retained-unmodified-source,individual-semantic-review-pending
include/ogdf/planarity/EmbedderMaxFaceLayers.h,79f65c401b7ac113c8edf5b6d14ae65929fe37d6,aa41f839abfb930b0e1a92082c729ab20c0be12a3ded9dc09c13fc28211c0456,retained-unmodified-source,individual-semantic-review-pending
include/ogdf/planarity/EmbedderMinDepth.h,0424457823c1c9cf63e9fd25a21a063ba5af6e84,efa7e196ff1a554ec59286bf28e18af8de86757fd17687316e71d91190328628,retained-unmodified-source,individual-semantic-review-pending
include/ogdf/planarity/EmbedderMinDepthMaxFace.h,0b00ac4ccf97632ff33bfe92262144b803184c78,52e9da4465bd33eede4e9dc153a1307be5dcc46648ffc38fb1bc4f24e41d635d,retained-unmodified-source,individual-semantic-review-pending
include/ogdf/planarity/EmbedderMinDepthMaxFaceLayers.h,d164bbd0c7f88f8a0afe97dfc72b735dbf66dddd,ec8e742fccfd2a692858cbdf93d2e9568cb8ad92efbeb7642cb8ca6d780e1271,retained-unmodified-source,individual-semantic-review-pending
include/ogdf/planarity/EmbedderMinDepthPiTa.h,a0caa157ecab4c1783d05cb33b7aadf9eb9caeb8,e8089a1ae961d583f886c5791b264d589072e84258fdf503698b973456a93740,retained-unmodified-source,individual-semantic-review-pending
include/ogdf/planarity/EmbedderModule.h,27ee0356ef2b79bddfd41e15cfbce4e1282f9b6e,ee5e87f886b7842e07f9175d0ebc96c7dc4293590eddeefed343ac92426b1869,retained-unmodified-source,individual-semantic-review-pending
include/ogdf/planarity/EmbedderOptimalFlexDraw.h,631f1bda32fcf67c658794531324fb2fcf16dba9,894a66ee3b88dfd316c38c57161abf9af5147da0f95dd903ee83c8732e838ba9,retained-unmodified-source,individual-semantic-review-pending
include/ogdf/planarity/ExtractKuratowskis.h,2b27f4acbee6c5310b0af4e833226e4020c44f92,3dd5f728f9ffd386cee656619e8c8c01c7ad57ec8c04b9bb89f2ee97f5208afe,retained-unmodified-source,individual-semantic-review-pending
include/ogdf/planarity/FixedEmbeddingInserter.h,b41a692ed6593ef08362a37d072ef5dc1ea9774c,5027ee1885192db7b2dcc48a0d49afb5709706bbd253222e9306e3ad1d046dbe,retained-unmodified-source,individual-semantic-review-pending
include/ogdf/planarity/KuratowskiSubdivision.h,5ed29ddb8c9ef183af8c09f5206678ee9509a9dd,d6c51fc20d3b421e4bcf73f05f17ee7da20173c3e97ae8a28155ccc65e75ca5d,retained-unmodified-source,individual-semantic-review-pending
include/ogdf/planarity/LayoutPlanRepModule.h,e0ae42c26491c0cb91f266b5e0a4cf451d2dac0b,165707ed2a58c600bc31f0e68182a11bf8a473a02758635f242ba1d72d5b1d1e,retained-unmodified-source,individual-semantic-review-pending
include/ogdf/planarity/MMCrossingMinimizationModule.h,11fb7d32b3d69c69b9a28b42846b92a67e641b6b,18e781cf0c635fa179dd578076f80dab8c1d694e3de655ff3aba4af674a2b1c2,retained-unmodified-source,individual-semantic-review-pending
include/ogdf/planarity/MMEdgeInsertionModule.h,1b9f85bcf87a4bd667802d61504f1604e1633da6,124f5d1df63e16d1c7761227fdf85b619592a15553b7733d11684b8c0ae3c251,retained-unmodified-source,individual-semantic-review-pending
include/ogdf/planarity/MMFixedEmbeddingInserter.h,f8a15c48e0785776b4dfd74d8d0f33c9204455aa,98800a618698d0a9412b9e64870e89e2d5988a4582354c80e7ef01d94e5ef6fa,retained-unmodified-source,individual-semantic-review-pending
include/ogdf/planarity/MMSubgraphPlanarizer.h,d3d2c415bf512c4c2ee2e3410c564404f9bc929a,11ea8499ace7dc34eeff54d87eeeaf667f6e57464799503393bf04d2c899e7e4,retained-unmodified-source,individual-semantic-review-pending
include/ogdf/planarity/MMVariableEmbeddingInserter.h,5eeda78b1b2db0355efad7911b433b3a85dbe136,d9f3e5370bca16c4290c5bf4bef32f0d2dc4b0d2df6a9666eaaf9451890d19a0,retained-unmodified-source,individual-semantic-review-pending
include/ogdf/planarity/MaximalPlanarSubgraphSimple.h,314c1fc19d984153ab49b7efb8d504bfbe03cdfb,ea9904a171b34ee6a651b4bf41e6e272f669615668d3698fb583f5028dae733b,retained-unmodified-source,individual-semantic-review-pending
include/ogdf/planarity/MaximumPlanarSubgraph.h,37bd7509493349bff01629ec43b7bce89a5e324c,2e0bf5f33ebe58cbcd19ad22aa488d344f785a76e3a06d254df60a9d6751e0bb,retained-unmodified-source,individual-semantic-review-pending
include/ogdf/planarity/MultiEdgeApproxInserter.h,4d86bb1ab9efd84a491f7cf302eaf8109d3764c4,0441e2df351c64d72e3ea0b8612bd1ee2f7cc91c7fddae3b4d26b5bab3790fd4,retained-unmodified-source,individual-semantic-review-pending
include/ogdf/planarity/NodeTypePatterns.h,e86521dd46f984ec0c33b8ff423d025bca42d576,db8d6a2d3203ec7d9952c885d34661e4f994d8a6637f7f3cacfee6bf54b2e300,retained-unmodified-source,individual-semantic-review-pending
include/ogdf/planarity/NonPlanarCore.h,17b116f2118ab006f391f5e7b67cb175e421a9b7,538d2c88f5a9697b237d6c8c8acc2bf07249fd795b51aa6a979ce45366dcb3ca,retained-unmodified-source,individual-semantic-review-pending
include/ogdf/planarity/PlanRep.h,3754c9bceff680da830631a15efa45313cfd573e,a6d1d6a1e0d365fa38719ac7d485d9b18ab31827de284717a7d144a083f60a09,retained-unmodified-source,individual-semantic-review-pending
include/ogdf/planarity/PlanRepExpansion.h,3111e22bba14dafd5593d6b8bce063715494d6b4,6993e1b182f7b63bbf85533e88108b33cde5f9d8e78767087ee77c0b721fddcf,retained-unmodified-source,individual-semantic-review-pending
include/ogdf/planarity/PlanRepInc.h,988e20831c65948b81882e408fd764cecf8ec7b0,2663f4a4839d608c05c1105cd6f6fa3489e5a71095febeba8a93267bf6b7d859,retained-unmodified-source,individual-semantic-review-pending
include/ogdf/planarity/PlanRepLight.h,e3e7a927dd4719fffafa6dbd8b1c7c0aac517311,e31c174a6f07d560162562d56d4aecc18ada7b500ca568a94954573c35900a2d,retained-unmodified-source,individual-semantic-review-pending
include/ogdf/planarity/PlanarSubgraphBoyerMyrvold.h,0a3969c92f5f3ad988657dbc7ef39412a1cf4443,cf517d462abfb05e7f95d2b556588292bf46c325a245d4491036bc6288c4a002,retained-unmodified-source,individual-semantic-review-pending
include/ogdf/planarity/PlanarSubgraphCactus.h,f37e3f2496f639c07b723d705c6dab0d4d1d7c80,1463573667b52847e981479b79ed69c4159b591c7cfc1fda8a31b885ce34b9c5,retained-unmodified-source,individual-semantic-review-pending
include/ogdf/planarity/PlanarSubgraphEmpty.h,4acf3edc396e91ebe103045d0fc5dc91d58b0039,473ba94db0aa6b19058fe43118cc9c12b65166e1df7d6750342dfad6c3b40c90,retained-unmodified-source,individual-semantic-review-pending
include/ogdf/planarity/PlanarSubgraphFast.h,fa44bcb4b1ed145bb02b9b99503ecffa4b9d7afa,e30c4d37746700a58a1e979e0dc39637cbfb95712191ca868be910b73430bdda,retained-unmodified-source,individual-semantic-review-pending
include/ogdf/planarity/PlanarSubgraphModule.h,1ab1e41d8c406ec3fbe57ca9672922bb1bf2b72d,a41f905584a30377c74dbdf92fc2ee51e83b8514c45306f30e8dceb77b8f04b0,retained-unmodified-source,individual-semantic-review-pending
include/ogdf/planarity/PlanarSubgraphTree.h,43101c9b1f1b84daa2be089c2837468133c0f2b6,2f8fa33700a0dd55bc0db232658358bb88bd7487fa01363cc4ff502611f02164,retained-unmodified-source,individual-semantic-review-pending
include/ogdf/planarity/PlanarSubgraphTriangles.h,d88c48cbb1cc4840f7d1eb316824ea8ed38d8d9b,50dd39b63bc98f9565e429c57e260d744cb87fdcb42f10fe649446bea73905ce,retained-unmodified-source,individual-semantic-review-pending
include/ogdf/planarity/PlanarityModule.h,be1e7511f7e6ba8bf9b1ef0179c1f7a54bacb027,e535453166f5635190d972c3d7e7ebb4b2f96aba0cfa281c0c00c42262f1b70e,retained-unmodified-source,individual-semantic-review-pending
include/ogdf/planarity/PlanarizationGridLayout.h,92d170de4a573cac06e2ee62e756161d20bca659,15385a2ce44f6b415022ae1b5726d276117b752e6ec03b9a2e9a01ca0ba66c90,retained-unmodified-source,individual-semantic-review-pending
include/ogdf/planarity/PlanarizationLayout.h,bf2ca88c8944a20c3d16fbb19c076131715a43a4,27250e8e5f4772952d3318dc247ba29a582cde96eef8683ff2bebabf8dd1a539,retained-unmodified-source,individual-semantic-review-pending
include/ogdf/planarity/PlanarizerChordlessCycle.h,7177a2de6f4ccb5853efdf570bdcd2259732f51d,a32d3e16dc39ff8c731eadb3b34b48ca1a098796340765c34caee3231384106f,retained-unmodified-source,individual-semantic-review-pending
include/ogdf/planarity/PlanarizerMixedInsertion.h,3d85c6c5a7bed4a6cfe60c09eb11b4d4566338e0,65483116fba69ee22aaa5a30f3b18e4614ba06576a2d23825c28b34de0db0435,retained-unmodified-source,individual-semantic-review-pending
include/ogdf/planarity/PlanarizerStarReinsertion.h,ab9c8a97600443011bb40725714f74d8be1fef2d,31ad0ee64b19cec7b6355453c741d2f8f6d815679156b346655a36e56213fc41,retained-unmodified-source,individual-semantic-review-pending
include/ogdf/planarity/RemoveReinsertType.h,5d74665646ead0440833e6843cc4634388e4efb8,c3ba3ceb05dcfbc0d428533a7aab87a51929d24eaed558c62e7b6f0219127aae,retained-unmodified-source,individual-semantic-review-pending
include/ogdf/planarity/SimpleEmbedder.h,8f8589ef3625f06de433166ffe6ef8a62c2725d5,6bb8377372e2fcb7a9f7bde5e977d818a9c8b24b089e7ddf8f1e5b874f284c2a,retained-unmodified-source,individual-semantic-review-pending
include/ogdf/planarity/SimpleIncNodeInserter.h,e242f819fee559fbe28d8d72025eee726125ddf7,d9f520e3ca84a1fb3d9e04e8d501cddeee07c42424de8d90f2596ff3a8c6e62b,retained-unmodified-source,individual-semantic-review-pending
include/ogdf/planarity/StarInserter.h,df53e0eb5923fca12b29d54ea5f788bab00d4714,ecec553fd88804a4f6e5a279fa94e1ab53d975b33a1f2d6c5f74c5edba026e37,retained-unmodified-source,individual-semantic-review-pending
include/ogdf/planarity/SubgraphPlanarizer.h,03bd80ec24d2ea4676861956a6a0eb6885fcb7d3,f76de5e1323915df1054333813d65afc6308b0dbdabf70c0d3770b0bd870a98c,retained-unmodified-source,individual-semantic-review-pending
include/ogdf/planarity/TopologyModule.h,6334bc7ccdc52ed2fbac6364c1a251b925a9e891,66199f5ede53c7c7d875417e9457ee0a439987889ed1d02ec3be85d97c611465,retained-unmodified-source,individual-semantic-review-pending
include/ogdf/planarity/VariableEmbeddingInserter.h,a4e850ba3e26414480fe9a0bef82a83cf27f29c3,5c85642d6cfb775a49287fdb70ccfd87df975a5759152ba920cccd0af026f5a7,retained-unmodified-source,individual-semantic-review-pending
include/ogdf/planarity/VariableEmbeddingInserterBase.h,4e1ed7330b8f7143fed3c3d72cdb60b7e8fdc9ff,3e9b878ff80b72a45afe35896b0467d6d3f6b62f2216287151fc5b1dbb44e9fd,retained-unmodified-source,individual-semantic-review-pending
include/ogdf/planarity/VariableEmbeddingInserterDyn.h,7df67e46c0ccdcdaff72faadd41c040bd6c9a227,0107550e886c9970cb2dda517fed6ecf4cfc0c9b5a06d45813be4f6a0a05fff6,retained-unmodified-source,individual-semantic-review-pending
include/ogdf/planarity/booth_lueker/EmbedIndicator.h,a332a683da30332d7574e6ec37c324d673b4ff96,32546fe3cb898fa3cfc5832e165ef9701e1110bf30284b27a2a7ebd99d45be58,retained-unmodified-source,individual-semantic-review-pending
include/ogdf/planarity/booth_lueker/EmbedPQTree.h,71ef5d49cede663dcf2b291229be15c491ca2ff2,82dbfccede0e752a84c5d5b57b3d6a80d8f5c3b0ed7a6e96637a5b8fd6a26b0c,retained-unmodified-source,individual-semantic-review-pending
include/ogdf/planarity/booth_lueker/IndInfo.h,d9a029d38627f40552f1e4caa4668b85159f1f96,cf0490bd158b3b9b5f8df8cd6dfab44c64fbc9ddae6e879735242143d2a879a6,retained-unmodified-source,individual-semantic-review-pending
include/ogdf/planarity/booth_lueker/PlanarLeafKey.h,75bdcb0ba8412632597a8f4fcd88d701e891d299,d16ab3dfee1c1970ed30eef08528b6b862f677e35f67533172efd0e1bf0d14be,retained-unmodified-source,individual-semantic-review-pending
include/ogdf/planarity/booth_lueker/PlanarPQTree.h,fc9fa34e5069657db08d970d7028dad33490d7fa,d42c12a319f5dae4dea702896ca2e61bb61328e8a2ac62005a11b28991bb9df2,retained-unmodified-source,individual-semantic-review-pending
include/ogdf/planarity/boyer_myrvold/BoyerMyrvoldInit.h,20ce182cf4986d8c8cf7bd5a0bb76f2864b6f2d9,8ae3640ea937963562fa251c8b6d925de1c8763ba0c204f3c98b8dc11303e3c4,retained-unmodified-source,individual-semantic-review-pending
include/ogdf/planarity/boyer_myrvold/BoyerMyrvoldPlanar.h,e607b272ec597add205353a9136c32c8141102af,61a4f22e7c2efe966373f10e68549d4eeb47d3aecf7f51d04a98307af933a881,retained-unmodified-source,individual-semantic-review-pending
include/ogdf/planarity/boyer_myrvold/FindKuratowskis.h,d774d8364ff1a1fad9babba8c5e80f663fbb660e,01c3b0474d36dc3949d5431b3140c7aa47a785bcff6699fe56a4ec4479c2e1ec,retained-unmodified-source,individual-semantic-review-pending
include/ogdf/planarity/embedder/ConnectedSubgraph.h,d861eb38d4106f67dc6447801c5edb1dfd638747,421c879e7c80673b9086e79ce40ce9961b41d67024e172d5026c4565090aa5ad,retained-unmodified-source,individual-semantic-review-pending
include/ogdf/planarity/embedder/CrossingStructure.h,f6c7487bb3acbd0c2e1f1d800fa9a861ca3acf5b,160f11711e95cb29f846f45e06395cdefae52e3bb6fb1ee850dc9c65fc31f35b,retained-unmodified-source,individual-semantic-review-pending
include/ogdf/planarity/embedder/EmbedderBCTreeBase.h,8f6c116cfff161c17bdc8419c0f720a93d76e917,713aac58dfbcb36903755c17c6782f4f602863cb1401c8b07c7aa06d92b1caec,retained-unmodified-source,individual-semantic-review-pending
include/ogdf/planarity/embedder/EmbedderMaxFaceBiconnectedGraphs.h,ce5aa9d8a4d31472c615030b4ede0a22b0729de4,cc29cc1b5fd04cae3a088eae749b366ac144b031e66d5000b61ada25e28168de,retained-unmodified-source,individual-semantic-review-pending
include/ogdf/planarity/embedder/EmbedderMaxFaceBiconnectedGraphsLayers.h,02fa228fa02dcbef8a3a16f6b4c8796065c1736b,e22f0602fb83e5d2dfe59f3d7ad92030cec2983c1a9b2747342530984c5b28f0,retained-unmodified-source,individual-semantic-review-pending
include/ogdf/planarity/embedder/LayersBlockEmbedder.h,38b1100333ae1f8f37fec6f8102aa6dba05bb124,aaea4fddd6c7e3919e296c426ac5bb9891a086e09c63828c88c1f87ddf5bcd7a,retained-unmodified-source,individual-semantic-review-pending
include/ogdf/planarity/embedder/MDMFLengthAttribute.h,97437f45245428e6167f7f6658dc79fd76a0969b,311106ff1a61d5476d15f977426e659e57b4d9ce62eca9bcbc39a3999f7c2a6b,retained-unmodified-source,individual-semantic-review-pending
include/ogdf/planarity/embedding_inserter/CrossingsBucket.h,74818dbbd3ba70b5ad1817f33e2e6cb8ae51a887,10beba170b920f7ca1b0d9b56c6789d9ea2746b21b6e8bfb58df4feb9cf28efe,retained-unmodified-source,individual-semantic-review-pending
include/ogdf/planarity/embedding_inserter/FixEdgeInserterCore.h,9b5e2fa761a8e534c31c2bc5aa4748e1be0c4691,c574bf881140b4262d9bb5f0b826fcabeaf61ecde88be901cef547a446e370b8,retained-unmodified-source,individual-semantic-review-pending
include/ogdf/planarity/embedding_inserter/VarEdgeInserterCore.h,a0d358980c3078b6b06ad522b382df41647ec395,e19797794eacb22f1e6a73e729eb022664c0c671931daed31ad3faa74522095b,retained-unmodified-source,individual-semantic-review-pending
include/ogdf/planarity/embedding_inserter/VarEdgeInserterDynCore.h,8b6592876e88ab89e242f41cc854f5760a4deda4,adb189f9e9bf6682db07bc605c57e9b2e8c796454e11ccdfcd4383cd9c4d420e,retained-unmodified-source,individual-semantic-review-pending
include/ogdf/planarity/planar_subgraph_fast/MaxSequencePQTree.h,4787cedc15ac8954f9bd1cc35eb9bc6d6ee76c0f,68458fa9d9749a9f17aa6c1edfbc18f014d2c06f500ff256a1adeae304ef6ba0,retained-unmodified-source,individual-semantic-review-pending
include/ogdf/planarity/planar_subgraph_fast/PlanarSubgraphPQTree.h,928d3dfdea0117d75e74cf3ac03f4a7f11a45cf8,58913a9404dbb02cd7e6082124280b14de191622dabaf2ff35164b3f857ed407,retained-unmodified-source,individual-semantic-review-pending
include/ogdf/planarity/planar_subgraph_fast/whaInfo.h,cb8159dafad4420ab766a07b52eeef85eeb33aaa,aeb4db8eae093058b1c73bdaee75ff61c1c01e838c69ab951015bb1ae806e22c,retained-unmodified-source,individual-semantic-review-pending
include/ogdf/planarity/planarization_layout/CliqueReplacer.h,d1a4c1dd79f1d897b8bbb38d70f20db30e6176aa,643abc6481ad72b105b8bf257f236267b3dd1ec72107cdcfe69a7dc3b04dd398,retained-unmodified-source,individual-semantic-review-pending
include/ogdf/planarlayout/BiconnectedShellingOrder.h,1153ac0f91dd5c9cb027212069d884c784f9b7d2,4a631ba9105b120de67a4f9e997ee4c6b05426e78ffe7281322d9c1e0b6c7b18,retained-unmodified-source,individual-semantic-review-pending
include/ogdf/planarlayout/BitonicOrdering.h,85d4edd62a136189cca589f106152c41d5fd7909,c03a77e1ba80a7923771c8f8beaee2d7ebf3988db93d6d9d1c39bc3102bea0ff,retained-unmodified-source,individual-semantic-review-pending
include/ogdf/planarlayout/FPPLayout.h,2980c3b74dcc29b988ab04a265d810398b6deebd,8c7f9ad0e90c65bccfd7206bbf4a5dec427db530b8d90efd90a6eb00b46ebdb7,retained-unmodified-source,individual-semantic-review-pending
include/ogdf/planarlayout/GridLayoutModule.h,99e6fbe8f337c1790cebbd7c8c8d1884a84f3ae5,263f780729c16daa94de7a2eefd35ec0e0a6426478083f92d358ef1458895d6f,retained-unmodified-source,individual-semantic-review-pending
include/ogdf/planarlayout/LeftistOrdering.h,a3e66aca2725b3755e5dbe9a1f6f9e21e2e84b5c,ab298bcca9cf39f119fd553ac59475a59a2037dcbed8be0a291c3c0a327a28ea,retained-unmodified-source,individual-semantic-review-pending
include/ogdf/planarlayout/MMCBBase.h,4f7b40281ac9ea5e9ec15abf1052557dac37ed7e,9f786dd2b0db0799c09ba3444f4730e9edef57ec3a1edcad847a31ddaa0402fa,retained-unmodified-source,individual-semantic-review-pending
include/ogdf/planarlayout/MMCBDoubleGrid.h,38ccbdc32008d9eab4ba616db72386f80e8886f1,63cab9eeb4ebc29a842d90c487c6fd4e20072984bb7b5ad8f307838393d32636,retained-unmodified-source,individual-semantic-review-pending
include/ogdf/planarlayout/MMCBLocalStretch.h,0369c609fa7425811489c0f59adbc2289a2f94eb,7913d460f818e780ed639051324bc20da582d710d91c0b33bbb86d120d8bde97,retained-unmodified-source,individual-semantic-review-pending
include/ogdf/planarlayout/MixedModelCrossingsBeautifierModule.h,9f985973ed81b13bda9ff5f2b574b054d083f7ff,502619e1fcd2a38b914ccfcafaf366069826cd8a52f1790a39961d469b9eb84e,retained-unmodified-source,individual-semantic-review-pending
include/ogdf/planarlayout/MixedModelLayout.h,9c3aef5200eb581805a99464d268b9e40bc8b03d,9c8ff174740714dce529cbed1585b390b14ffb8da36880d33adf86d59d533084,retained-unmodified-source,individual-semantic-review-pending
include/ogdf/planarlayout/PlanarDrawLayout.h,f9dd45db10efde1398246ab02ed54cdef822a9bc,b0d3d861b9f1f658fb07e8271d94d64304613a1fdbd2f8fcf75710f191f41eb3,retained-unmodified-source,individual-semantic-review-pending
include/ogdf/planarlayout/PlanarStraightLayout.h,65ce44b29249aecc1e92b16112c07882ca615c30,67ea65abea818924937fa76cf163edbbeba353fa4868a2f908f78e37f68a6c33,retained-unmodified-source,individual-semantic-review-pending
include/ogdf/planarlayout/SchnyderLayout.h,cef663fc78c70ab222804eeefd48d5451323b2ee,cbc0c47ef10a48ffdded103990c71d6bad33965bd9faec80c48d3ba6d732b24d,retained-unmodified-source,individual-semantic-review-pending
include/ogdf/planarlayout/ShellingOrder.h,204f33137f1117d835cac01b040e981adf003721,d9960e6e14aaf83efcfd3af7db7b43ca8d7df0ccbd0bae4484206a5a6f4ad0f5,retained-unmodified-source,individual-semantic-review-pending
include/ogdf/planarlayout/ShellingOrderModule.h,3fcb9edc705844f074694d2bc7446bd4f05f59af,70a2c92de766dce6b9dc4ce03bfc7e566dd7b61ef39b00341ff41c161d656afb,retained-unmodified-source,individual-semantic-review-pending
include/ogdf/planarlayout/TriconnectedShellingOrder.h,d242f0ab54bfbf4bc992bf3ae19001736290d22f,4203274d847d43bfb961e7ab5cfb56ce60dc71f9c35b967cdb1872b1967c1c8c,retained-unmodified-source,individual-semantic-review-pending
include/ogdf/planarlayout/mixed_model_layout/IOPoints.h,2936b7392722205363a8671c9532101edeec902a,23748b717e029747c623f77f53934bf2e40da5653ebd3a7729fc1a02e33e0e82,retained-unmodified-source,individual-semantic-review-pending
include/ogdf/planarlayout/mixed_model_layout/MMOrder.h,f175762edcca4c6d0b9e00911267b823812607e8,a27eca4ae2056b2e0250bc4c1a5da52845c894c95990cddc17536aaf55b9004e,retained-unmodified-source,individual-semantic-review-pending
include/ogdf/planarlayout/mixed_model_layout/MixedModelBase.h,2934fb2056d9b7a6f13846cf190bf9638ba88fc5,901380498bcca5f151c2d47eb47b5e9e6611ebeac7775335970e9d6c33b80871,retained-unmodified-source,individual-semantic-review-pending
include/ogdf/simultaneous/SimDraw.h,8f6bd0ba23b77f687c7dc7c04c1493f37e5fe02f,5326b0818a25dcc22dc7516ffc64eedf1f682f3b27b707f036a51d474ed53fb3,retained-unmodified-source,individual-semantic-review-pending
include/ogdf/simultaneous/SimDrawCaller.h,5a55f2e21bbae20e22b7b9d309fdfde7e4bd5c5c,ab0d8a13d88b18d455255b8dd8ddee52e6951165a316c7441b4379fc994cf440,retained-unmodified-source,individual-semantic-review-pending
include/ogdf/simultaneous/SimDrawColorizer.h,2bafb4974fa78139dc3670936450e340457a819f,4a6a6b47aced1c6f8ded82eac9297bec4662b700367df39716f89ca3a99a1687,retained-unmodified-source,individual-semantic-review-pending
include/ogdf/simultaneous/SimDrawCreator.h,2ca6f9ebbc9cccb5ddec4f9e9831069c167fbf76,740648644962df6d62dd044e4ef0356f2ed6d098e86fabb8d79953d6ae2a6c40,retained-unmodified-source,individual-semantic-review-pending
include/ogdf/simultaneous/SimDrawCreatorSimple.h,1a97a7eae34e54f76ab17cff3eb30c37357929f3,2db9ab6b50c8bcb65fe389444e7e71576a9d58bb6e7d995e7bd77c4e1264763f,retained-unmodified-source,individual-semantic-review-pending
include/ogdf/simultaneous/SimDrawManipulatorModule.h,8df6c8d851afc0b2b52e4aad817e1b3cb3391208,c952777e37b890e3d416d9afc457b8e7d1f408ac0829ad447748d63079294ae1,retained-unmodified-source,individual-semantic-review-pending
include/ogdf/simultaneous/TwoLayerCrossMinSimDraw.h,b259ddef25ae9b4675deb4007eddc2225ab5b8bb,1c64ba2f2ef49a225ee83f9a999fde7dfc9753e46d2c2f2e15cf9dd15f3153d1,retained-unmodified-source,individual-semantic-review-pending
include/ogdf/tree/LCA.h,fec00e1b26378d784023163bbf719725a1f88b78,fa1d3b6e18c2165b861c081aed3a6e419dd9feb698f0f89d9c9f89e9fc92583d,retained-unmodified-source,individual-semantic-review-pending
include/ogdf/tree/RadialTreeLayout.h,4844802bf065475748f4f56aba6746883efd1641,b838d239c500369e94236f2d1b0832176191ddced553749baf084c7bfe012d25,retained-unmodified-source,individual-semantic-review-pending
include/ogdf/tree/TreeLayout.h,c0149e3a6f81d9e194ddd8f1a04a41ef4f34c614,a8452bcd4726bbec2eed6a152edccbab5fb85d1760fae33ae6c761e8b3e1a130,retained-unmodified-source,individual-semantic-review-pending
include/ogdf/uml/FixedEmbeddingInserterUML.h,13e599149d1d101de12c001bc2a94511285ca1af,254a4999c56c5d46a68a77ca99f86ecfd06172cfe66828bba71bd81b1adcdd94,retained-unmodified-source,individual-semantic-review-pending
include/ogdf/uml/LayoutPlanRepUMLModule.h,d3b4c00dcc9c51b9f844a494e8523ed40f8d3704,46e3b21e345619e7d39c848663e7c2ad2927b69b3a5ec55d3d88e340a9ab16bb,retained-unmodified-source,individual-semantic-review-pending
include/ogdf/uml/OrthoLayoutUML.h,0c4d76703bfa9e6aa926423195bba34b3e2af04c,59558f2b5b022da45a59889859bd925d11a11a7fb37751e7801f8fde624ff19a,retained-unmodified-source,individual-semantic-review-pending
include/ogdf/uml/PlanRepUML.h,8bb770959933859dfba73c3bcec7b613ea99f04c,67881dd6338ab0f1122db742e5b3f5b14dcb9944122c72978a32dd41f10dc814,retained-unmodified-source,individual-semantic-review-pending
include/ogdf/uml/PlanarizationLayoutUML.h,f5c71c83260284f0616c5e7ff90373ff602745fb,c870f8faacb19e7ed3f23f35b513813f345e549359aec6998763509d23028ada,retained-unmodified-source,individual-semantic-review-pending
include/ogdf/uml/SubgraphPlanarizerUML.h,233dd051fac565489bea4796bf112c0370c4ccd1,035a8f6feed32a3bf54c780fc5a9df15a4f98abbd395501248a4e72e04a26d14,retained-unmodified-source,individual-semantic-review-pending
include/ogdf/uml/UMLCrossingMinimizationModule.h,e9e5fec687733f63e885cf3d1003a44a447b7581,3105df487bedcad721880e7d169d419fe36c769341cc550b6494bd38b5430d73,retained-unmodified-source,individual-semantic-review-pending
include/ogdf/uml/UMLEdgeInsertionModule.h,22388c1cb371b29d50b9ae0aa22435155f07365d,733f294cdc6a9545bbd92b3c8ec22977689a6426f28db16b233566197e04cf3b,retained-unmodified-source,individual-semantic-review-pending
include/ogdf/uml/UMLGraph.h,f30362ff826c477e7bd201d695cffc72a736b4c1,e2c0fdbb1078bcbb963595ffe9d30c39a8a3943c350a1e4a27b2f7d1dcbac20e,retained-unmodified-source,individual-semantic-review-pending
include/ogdf/uml/UMLLayoutModule.h,f51102b98656ff6bc4246c7ffc73b7f3112519d1,4ce62fa2c1b6d058bd959a1a0c5ce3fd993e7f711f90705ad4534f57bf2bd72e,retained-unmodified-source,individual-semantic-review-pending
include/ogdf/uml/UmlDiagramGraph.h,c0e090235c41c2ab211ae441ee409124c2020fec,7439fee6c0022e930e5bc65b980d18bd56ffa0f47b6dc889a3c288e694822e73,retained-unmodified-source,individual-semantic-review-pending
include/ogdf/uml/UmlModelGraph.h,196c0cea3e41424f5d72b74b3cb5d980fdf886dd,c27056012a889469aa630f7b19d82ffb363cf4383823ff5e3374151bd000354b,retained-unmodified-source,individual-semantic-review-pending
include/ogdf/uml/VariableEmbeddingInserterDynUML.h,e0b2506b477118354988ed48c4dc326b7384a9ae,6108a785b68e1edc1530162405dd5a6b937a82a56d06cbdab2f3e6d97cd35ea7,retained-unmodified-source,individual-semantic-review-pending
include/ogdf/uml/VariableEmbeddingInserterUML.h,e94ac3a8d05bde945de3dbaf830223d3274cbd9a,9bcd87326714967895a1d3a478b49ab0ff2c7b03e4da7789c1d16fc22cae3460,retained-unmodified-source,individual-semantic-review-pending
include/ogdf/upward/DominanceLayout.h,40ecd800488cef1c97ee28621c8d8c990bfb2296,a316c63a53dbb8572cbaba0397ce2fc6d3298343c3e7c89e6da6c229faad8cba,retained-unmodified-source,individual-semantic-review-pending
include/ogdf/upward/ExpansionGraph.h,2de819f81b3a17feb9df83c1af7cbf14d8da5e61,a37dc97a19f0e82106b9559cad7ca111b6cb75055ae06ab142725c9f4b4b50c5,retained-unmodified-source,individual-semantic-review-pending
include/ogdf/upward/FUPSModule.h,a6c3a2cf09fcc90aa57812604c79930fb79ea45d,233599e305329da0175dd2e9371fca709875ce809922b7bc7bd98312be439111,retained-unmodified-source,individual-semantic-review-pending
include/ogdf/upward/FUPSSimple.h,161d56ef8e651be54780f015634799686bb10462,2145b02135de516ae1742ebcc9fde74c646e2960a63f47efbc4c49d71904b287,retained-unmodified-source,individual-semantic-review-pending
include/ogdf/upward/FaceSinkGraph.h,214810bdb4d48e2d1812aa246a1e73dd0190ea24,7218c9ffd1b7503581c24a73176b943b3f2c0ff59366035bc45edbf288a2d1f9,retained-unmodified-source,individual-semantic-review-pending
include/ogdf/upward/FixedEmbeddingUpwardEdgeInserter.h,e7c296d2eb638520008717b6eff72c9895b63881,4f91bd638cde8c7dce1ac5490f86a18015ef2a2b32149586226d8473e6e3400f,retained-unmodified-source,individual-semantic-review-pending
include/ogdf/upward/LayerBasedUPRLayout.h,998000b4e3d0bbfcf38f9adf3e975ad8b2aa1446,36f6827d4906167717db579ef204a3502f22395fa89ab0d03b75f02507681122,retained-unmodified-source,individual-semantic-review-pending
include/ogdf/upward/MaximalFUPS.h,0f35af2095dbe25b2d2883807b30adfe320817ec,7c1695ea29e25d4775d863ebe5cd3ddc63445c657ec89561054f0c232f49a492,retained-unmodified-source,individual-semantic-review-pending
include/ogdf/upward/SubgraphUpwardPlanarizer.h,2a247d588fa271db094abb6c009017951e728de9,9d86bd4f2e4255cc69ec98d2fd67a585e660e22798b89d44d982c9d82e9b8d33,retained-unmodified-source,individual-semantic-review-pending
include/ogdf/upward/UPRLayoutModule.h,6a3cbea329ff1ea059b2a19cc5e83f8d435b6a1a,4aab8aafcaff1ce84cbb0acb786e641ecb7173f22917f529e11e837dbdf650d9,retained-unmodified-source,individual-semantic-review-pending
include/ogdf/upward/UpwardEdgeInserterModule.h,3d3f397f38299b137c1c365d6a8bc510640c1e01,b0d418888b90f6761ee7864e0356e8a7541687aaab56d91ffa9c53b46e4a6074,retained-unmodified-source,individual-semantic-review-pending
include/ogdf/upward/UpwardPlanRep.h,517c91998af6979393081a05c1a2974911e3273c,11c017a638c66cf6eb3224c3991cbc59efc27875c6e6911ac26f2fdbe3dab3e2,retained-unmodified-source,individual-semantic-review-pending
include/ogdf/upward/UpwardPlanarSubgraphModule.h,e79c0d7730d58f174a95a0f1f0d9301a01a0eba8,6e259dd64b5db177246e63182d6658467f110fa6db71ec5c225c0fda683da336,retained-unmodified-source,individual-semantic-review-pending
include/ogdf/upward/UpwardPlanarSubgraphSimple.h,78b191ca34ffe773cc1e74bf6b29fae8386c68e6,d6727bf3313a30350d1706b5068a946396dccef8446c1a8e69931533bac818b5,retained-unmodified-source,individual-semantic-review-pending
include/ogdf/upward/UpwardPlanarity.h,cb84ad59805073d52cf697701e62a00c7e1835b7,7f44d8168c6f8054a94f4cf7ad632230d7aca8df1cbaa7e84673eaf6978b43ee,retained-unmodified-source,individual-semantic-review-pending
include/ogdf/upward/UpwardPlanarizationLayout.h,8df5a221487ec6c72d3ac88b2b2de271bec08ae5,07b528b8f9450eb446e93b868f92ad1e1542fc4ccafc232ffe574bbfa3baaaf5,retained-unmodified-source,individual-semantic-review-pending
include/ogdf/upward/UpwardPlanarizerModule.h,c31855ae1d68a52322bea393fccf78904c070491,c4285bf2bb120bf40baf798ef694c0f07e8b00f707c11020d7ac445d76ef840a,retained-unmodified-source,individual-semantic-review-pending
include/ogdf/upward/VisibilityLayout.h,a3a4b4445e10c7a78545bd148c2fe28b9b303645,20131e695866e607bd6905071de060c1cb5cdb6077a7cff7e04e44c81eb6a23f,retained-unmodified-source,individual-semantic-review-pending
include/ogdf/upward/internal/UpSAT.h,a05f81e25d8c8f79dccd1db826daf8f9fa2155cd,4569ed74386e516aee72b190f363949e853346044221f6a21afc25d073872d5d,retained-unmodified-source,individual-semantic-review-pending
include/ogdf/upward/internal/UpwardPlanarityEmbeddedDigraph.h,966881cce9e6fec79ea1b6704296bd15988e1767,de72f6bcc61accf24da8c4f9d8c44aceb3efaa25960c48b09d2a6885b223e0ba,retained-unmodified-source,individual-semantic-review-pending
include/ogdf/upward/internal/UpwardPlanaritySingleSource.h,06b8c66f6727974161fc47b38ddb179a9822d434,f4b2d5e9996b0370369bf83e85fc3b85ce8916b37e60ac9a08864b6450048ed3,retained-unmodified-source,individual-semantic-review-pending
makeMakefile.sh,e0a60a018ef1837f60bb23c4653bbde9dc1f9cdb,9e3b346cb3211d09a8cd4284fd1db1394801e9f9f0935ab8b493e1bd1c2b7901,retained-unmodified-source,individual-semantic-review-pending
sonar-project.properties,71f26228a601d45b4f18c0ed2c20dd0d0208809b,fab1d5ff1febe6b1175cb30ce482fc77c1c96a9400ef563b515fb41908774224,retained-unmodified-source,individual-semantic-review-pending
src/coin/.clang-tidy,9f73c9bd69a1861393f0ec02c750e89992dd2b9a,c66adaf29d5c5ac2582f966f613cc1570d49b20bfce64ba7195d7251984df883,retained-unmodified-source,individual-semantic-review-pending
src/coin/Clp/ClpCholeskyBase.cpp,0629630258272baff3166ee829eb3d269cd1cd39,339238cc30025dcd03429e6aefd906c6e2c695d1124da55f01bc7919e55ccc83,retained-unmodified-source,individual-semantic-review-pending
src/coin/Clp/ClpCholeskyDense.cpp,c2f1c6718ed126b6f067bff9a893cf84c4f5196b,c5352d0e67edb9b9744fcd126f70317bb0a143895cf7e459ab45c6812f2e9592,retained-unmodified-source,individual-semantic-review-pending
src/coin/Clp/ClpCholeskyTaucs.cpp,3a6b0129535c18b0ce2244bdd9b0dbc9fd09d0b0,e2c459e8e74529a797de3120b87e979b1884c68ebac0e395933a184a2c84be92,retained-unmodified-source,individual-semantic-review-pending
src/coin/Clp/ClpConfig.h,b80041d3b0bed66fbb4345a4b996eb90a8cac95b,a6551e3338d9c330147699d02e27cd0d10169195f396d929d5729b3e442b7f89,retained-unmodified-source,individual-semantic-review-pending
src/coin/Clp/ClpConstraint.cpp,0cd3574e0c39cc340cb94e09af5f6322e8c13643,2f06a49f9aa590642838c82b4906a8086a9187dc27b433ea700a1c594b4e477d,retained-unmodified-source,individual-semantic-review-pending
src/coin/Clp/ClpConstraintLinear.cpp,88b1310530ef45bc958d9dd49cf56b6a9a653571,efe2998be0f5bec91353603d71b155d7cb90834f6525daba32dc997ebdb73cb4,retained-unmodified-source,individual-semantic-review-pending
src/coin/Clp/ClpConstraintQuadratic.cpp,e50ec5238348150f536f47f58483b5ca1d8ffe4a,0f2c1c29633a530d1e73f6beec7350da81cd85a28e023c7de5c9a25bbb7d5a56,retained-unmodified-source,individual-semantic-review-pending
src/coin/Clp/ClpDualRowDantzig.cpp,ccf3e791b58625543a6070c07fb8884e75f6536e,24e99fdcb4fcfa0038ff2edad1524d004786c60fa3a884484ecd96f63633964d,retained-unmodified-source,individual-semantic-review-pending
src/coin/Clp/ClpDualRowPivot.cpp,7552530d8114e6d4542f50f536d06057e43ee1bf,6c41ac436edad8e3c6b592a0d3c685a9a96cab2d01ca55ac7bc019dd8ee55085,retained-unmodified-source,individual-semantic-review-pending
src/coin/Clp/ClpDualRowSteepest.cpp,e57f3bd68950ded67b28f68a58ed4a29922985f5,e3a04b74a917ac404ef7a67d39795e87756986378ee90542e0ca53a76a087b47,retained-unmodified-source,individual-semantic-review-pending
src/coin/Clp/ClpDummyMatrix.cpp,ae1eab3512bad827f64e15a952e1bf576e203e92,40435ae065c761f1ab6f26f87f9fad7a9a9416c2e21ae3f4108dbf5b08786575,retained-unmodified-source,individual-semantic-review-pending
src/coin/Clp/ClpDynamicExampleMatrix.cpp,96d514fbb94d76c70926bab4caa5da30bcae195f,0c1e8f17a1567a2d7bfe1bbd8467d8d81829c92e2cdfd2b89567157e66670fce,retained-unmodified-source,individual-semantic-review-pending
src/coin/Clp/ClpDynamicMatrix.cpp,01c6317b859fe0719a213a95145c75c61a453b3b,48fb3a3e2e59de87780e5a30ae1257faca0463d774ecb334f6c1fa6995ab98a6,retained-unmodified-source,individual-semantic-review-pending
src/coin/Clp/ClpEventHandler.cpp,3f460c00eaf4745dff80791665e097129aafd66e,402b9b991c89c07aa5fb3a1c9a72ccb8ac89c434320e3be42684ffbf6db07487,retained-unmodified-source,individual-semantic-review-pending
src/coin/Clp/ClpFactorization.cpp,eff1660f40c56d2753ef0236bc07e5adcabfe3c3,5abff95826812a0cd07bffdf7eea357197ee75c44887adfd4c2c33ec15e55d0f,retained-unmodified-source,individual-semantic-review-pending
src/coin/Clp/ClpGubDynamicMatrix.cpp,ed2c26c197b20df863c6a7e0543d23829347a64a,da70d1d65d4bd3a0950af1d8fcc731eee308aff7981d3208e93f932b884e7487,retained-unmodified-source,individual-semantic-review-pending
src/coin/Clp/ClpGubMatrix.cpp,cf2a6ba886b5e7dd0ab817f001658232c923adea,daaf61f8435c7575236b64d1de6c8c9a5e052e31eacf77c40159fc78cdca44b2,retained-unmodified-source,individual-semantic-review-pending
src/coin/Clp/ClpHelperFunctions.cpp,2a93a097b0475c5a3d2af62305a45dc4165c76a0,6e511b330699802b052247ec0844ad373c54d07df7fb662890af142ace574bf2,retained-unmodified-source,individual-semantic-review-pending
src/coin/Clp/ClpInterior.cpp,f136a8dcb07fc800ef8f81df39f70a607a0c1610,2fa74c9605309cd574a17b16c45c7e5e944f0aa590b3ca21241b50e8f92ada91,retained-unmodified-source,individual-semantic-review-pending
src/coin/Clp/ClpLinearObjective.cpp,b0b507535a77f67a2649825a906ffeb6d220dfb5,22d5eb506c585dd15e1f9cd0d295608dac1218cc3bfc8f5316e7099f3c1413fc,retained-unmodified-source,individual-semantic-review-pending
src/coin/Clp/ClpLsqr.cpp,94dee35c2726ae6db2959e9e1d0fa34c29416958,675efd956ebe9a173ae04bf0c78812b51fd70d833b9a13bd5460b05229069fc7,retained-unmodified-source,individual-semantic-review-pending
src/coin/Clp/ClpMatrixBase.cpp,f5e473c8a82b8a7dc0d9217e46a58db5669c2f51,b2df0b4cfd4a99fcf90171ddb59f2891751b402e49ef84f1626cb820f4fdc197,retained-unmodified-source,individual-semantic-review-pending
src/coin/Clp/ClpMessage.cpp,614b9c6d723275bde1d3bc13b11871af74849390,7048339fe47cdd976be7d8012cef92d886eaad369024226140d9bc8caa00ba7d,retained-unmodified-source,individual-semantic-review-pending
src/coin/Clp/ClpModel.cpp,936306d9c8545161a083986c0f9f9bc8b40fe518,f95316487927f7154d679ad705ddc31c5eb3a99a8e109c1453e1be258c893465,retained-unmodified-source,individual-semantic-review-pending
src/coin/Clp/ClpNetworkBasis.cpp,e097c732c6ed1d765eba868f5bb23cbaed9032dc,34fd9087d698ee2bceccb2d82ffff189bdf14fbe4b635234705102f0996d8f8a,retained-unmodified-source,individual-semantic-review-pending
src/coin/Clp/ClpNetworkMatrix.cpp,2afc55c55ee809926f01d0cb7ec337c10d5f0f97,f5086200e7a455b01f75f8d9df85634acbe58bc60e00acde81dbe2beb7fda75f,retained-unmodified-source,individual-semantic-review-pending
src/coin/Clp/ClpNode.cpp,fdea0a6e5cdb48a19608e2f8e9940522570c7cde,2254c92b538100a77ebe182aef5faaa83a1495d545a731d353135fd0604a57bf,retained-unmodified-source,individual-semantic-review-pending
src/coin/Clp/ClpNonLinearCost.cpp,540d298945fe74fb26d461f28fce07a6a0f076e4,264828dd776950d7cf2b4cb52e19bfd97f056c221e3ec18ef5532aa935559d83,retained-unmodified-source,individual-semantic-review-pending
src/coin/Clp/ClpObjective.cpp,565019321ebf20006a992356e9a545a9b05af546,4a42766dfe8be575198e1195ef2b0c3be06fc89eb4492b5d4eaab5a763b041b7,retained-unmodified-source,individual-semantic-review-pending
src/coin/Clp/ClpPackedMatrix.cpp,2f04d866f7558a86d7a54280b600d285f29bf398,ae2cd96f67c24de34d5aa8be6fd73f2d790d8fe948a89fdc741d2cd77b739fbe,retained-unmodified-source,individual-semantic-review-pending
src/coin/Clp/ClpPdco.cpp,05461a204bd4b4ac1088f4c64fb36bf1c5b3bf54,7f69579b3cf1759e8b342a5b95371789a8ced0c9c370533a4f2d2b9f2dbe20c6,retained-unmodified-source,individual-semantic-review-pending
src/coin/Clp/ClpPdcoBase.cpp,fcb639cd89e50b3a551527757b254e48735bcd6d,2f7f8d910ebaab5cf1b7d92f894fb8aa8340b02ec084ea870ad655fa09e01c5d,retained-unmodified-source,individual-semantic-review-pending
src/coin/Clp/ClpPlusMinusOneMatrix.cpp,a83f28b8f9d2850cddc807a20ce0d41f54e8ce8f,b899eccd267b3d0c5b44db933b4b1cd8e3cd79f22025415251056189cf071251,retained-unmodified-source,individual-semantic-review-pending
src/coin/Clp/ClpPredictorCorrector.cpp,c750b8bb761b4d62da795e69b86fe98d4289bec2,5d49c2a2133aa2e4a3cf52e3280277f84888b63b93ad339b238e5d1041029b9b,retained-unmodified-source,individual-semantic-review-pending
src/coin/Clp/ClpPresolve.cpp,1d6e0a7f7cdf8b30a9cbb60c6bf988ce4b7cd03a,5d7c51e4872445a57964e0b98a261a6ab48112a8b25ba9808a710210435a5435,retained-unmodified-source,individual-semantic-review-pending
src/coin/Clp/ClpPrimalColumnDantzig.cpp,f45568a7213cf6766b9cd5b1ce085536b083b5dd,149de102204058376d261c4305bf29b64b94402d12fd74a9dc62868858260e18,retained-unmodified-source,individual-semantic-review-pending
src/coin/Clp/ClpPrimalColumnPivot.cpp,37e8ae24260601aa719860809cfdbf78a4fdb31f,d1f26ed28c25df6aa8039d864dc429bcbc61b2080ac092cf14aa271934fc8a1c,retained-unmodified-source,individual-semantic-review-pending
src/coin/Clp/ClpPrimalColumnSteepest.cpp,f8102231abe6b9357e9dbe517b8dc6fa0d232473,aeeb642911d242378076503287150bf8f89aaa295f4dc9db3e35eb086766cb04,retained-unmodified-source,individual-semantic-review-pending
src/coin/Clp/ClpQuadraticObjective.cpp,8767f0ce2b495acacc711e58202de596835adb44,6dd75d473e73460caaf2fd65b72f8bfe046e86a5af19acc8c0e510d327fd3adc,retained-unmodified-source,individual-semantic-review-pending
src/coin/Clp/ClpSimplex.cpp,2eef3d3bcac09e5141fa2f4f7214618f4fa5cc79,3a343d77e09f92916be75f08a2f01dc28dc760054196f5e115ef1b615da9945f,retained-unmodified-source,individual-semantic-review-pending
src/coin/Clp/ClpSimplexDual.cpp,be43efde905b3ae0ca42eb4a86fbe6e392d78c72,dc6a0bed17dc46c48fab449132fb1674d9cb52f3b269328032734def85861cc5,retained-unmodified-source,individual-semantic-review-pending
src/coin/Clp/ClpSimplexNonlinear.cpp,70acb00d9bb594ce59c7afb17052db332823d57d,56aa44006e06a47611aad1e3b718d90d0517927e32d4d31b6976237719c9d20e,retained-unmodified-source,individual-semantic-review-pending
src/coin/Clp/ClpSimplexOther.cpp,1d7b8f4c694c2e01425646e22b03479c9edb32e9,378fcb52f0d5e6846965aebd8184c2463ab095269201ab7d22956095e102d88f,retained-unmodified-source,individual-semantic-review-pending
src/coin/Clp/ClpSimplexPrimal.cpp,95b576bdeb11bfab7b51d4ff56787adce42ee183,b1c9793dfa61891c115c43e0ba8e98f26d39d1684f442adce8e31befdc2d20f0,retained-unmodified-source,individual-semantic-review-pending
src/coin/Clp/ClpSolve.cpp,46a2bd5d3fe7facd31d93b1ae1a3f5af90f9c1a4,d6c9bca423fb0be0398fb78568b47bf228f98375e03db6687f418bb98c2b7b6a,retained-unmodified-source,individual-semantic-review-pending
src/coin/Clp/Clp_C_Interface.cpp,57bab9240e96e8a7f26cefd732cd13c54284627a,211c00452b36f04873c087ecf365b1a0039793f8e1ff5884d8a31919e12b8d43,retained-unmodified-source,individual-semantic-review-pending
src/coin/Clp/Clp_C_Interface.h,64d963995969f19b069d38546cf6983b04a430d7,d7af366a167f2ed73d158b12b2f891f1942499efa9e679cb1ab403b3171bcfff,retained-unmodified-source,individual-semantic-review-pending
src/coin/Clp/IdiSolve.cpp,907a96e669cf2c589919896e5ae0204919134482,c495d4b58a4f0706ef36d5cde363d070e6f940dfcc2d3f3a7559e5c8ddaf0727,retained-unmodified-source,individual-semantic-review-pending
src/coin/Clp/Idiot.cpp,b8e386795f403e9af490869b5971fd97d70d15e1,e11f0871f0c0ecd64edcad96c3a748a27dd4a84f8710902bcfbef9cf9e10d2a1,retained-unmodified-source,individual-semantic-review-pending
src/coin/Clp/MyEventHandler.cpp,4e9957bc08bfa4a28b56ec38225c41410d66fb45,0bdf642b66b0f6425a8426c59acd106db94928e3fb13d4bb113dcd37fa3e0c26,retained-unmodified-source,individual-semantic-review-pending
src/coin/Clp/MyMessageHandler.cpp,c93cda6c0dd39641140691f02b87951e4c6a487c,615eb0f6baf958daec98c57414899e90570f90b043519c90af4a769e30a396c4,retained-unmodified-source,individual-semantic-review-pending
src/coin/Clp/config_clp_default.h,f3469f51cf8651689b37620a36549c9f6b730c5d,589a8376baf4118036a61533df17088836b9f40de9f065a9cdb3fad158eca733,retained-unmodified-source,individual-semantic-review-pending
src/coin/Clp/config_default.h,92e3a90b3fb21910c6ee43716f93cf7b2cad1d0e,ed36c3ba0e6a927011f5ded5722bf0da933ff89f03ff12582bf5e8cdaa746217,retained-unmodified-source,individual-semantic-review-pending
src/coin/Clp/unitTest.cpp,206d11a15a0b170c7eb08778e334076817218905,e11eeb63aa32e0d3c7a9db2a41e09f48441c333f613e691bace4f7fda08a5a38,retained-unmodified-source,individual-semantic-review-pending
src/coin/CoinUtils/CoinAlloc.cpp,3100f26b749460106b124456d891b5458e21a3da,9f15004b48c203b2c006f401746a4321821a74c39a9cedfd647512f452976088,retained-unmodified-source,individual-semantic-review-pending
src/coin/CoinUtils/CoinBuild.cpp,a48db370599a93b8a2b2259f9d70acd8accbff53,25f8b9d6258172c72d6b8e434538cd0a1c20e073d01dd1be0837580ae9420f88,retained-unmodified-source,individual-semantic-review-pending
src/coin/CoinUtils/CoinDenseFactorization.cpp,b2f6a6469cae3a484ab277777ae3bd757c7e9444,7208eb657cb23ddb760ec4c5c303babb1b92d9db46b7d085ceafabaa08d8e412,retained-unmodified-source,individual-semantic-review-pending
src/coin/CoinUtils/CoinDenseVector.cpp,b644dee85440d4d47fec3b0651256d048c04dc74,49a7a06f88bd7179065077b861c0f5f0815b22dc092a11022804666313a6beab,retained-unmodified-source,individual-semantic-review-pending
src/coin/CoinUtils/CoinError.cpp,ef9b0ef2d9e4bb79429707a3e34c029ea39613b2,e8b13e59530bd6e5b001a15f821fc62fb57f822ed1a3d77b338a05007917d997,retained-unmodified-source,individual-semantic-review-pending
src/coin/CoinUtils/CoinFactorization1.cpp,ae5e7c08ea3c68fd4b5251108596a7aab54204ad,e97102b70f2330aabf7c705d7f199fe8944e5a4d7a098d72bb1be2dbae000ba2,retained-unmodified-source,individual-semantic-review-pending
src/coin/CoinUtils/CoinFactorization2.cpp,12819dd670c9ba46ba731dce78be3168cf5ff107,8619d1d7965b1894841b7ba53d1c9070e39d4838b6c23909c9d3332dde13ba74,retained-unmodified-source,individual-semantic-review-pending
src/coin/CoinUtils/CoinFactorization3.cpp,0964e9d3b61f6d4c66645104f583d46198643c93,d04416b366a7bf2e07e53b325ce400d3d18e96e236ca17b006012cb11c8ee960,retained-unmodified-source,individual-semantic-review-pending
src/coin/CoinUtils/CoinFactorization4.cpp,416cdeeb96decec1821cdcdf84205e87fc8295e3,674fb090170112b397a7b88e1df6f6308c272dbf9f82e8c5c7417e34186676f4,retained-unmodified-source,individual-semantic-review-pending
src/coin/CoinUtils/CoinFileIO.cpp,2583fe4ad52d8be469f4449f7c117ff96761e097,67e1a0738d3a849b5107b355fd71c6a7f2a2ee6a9a5f78aca7b422f706b6fb5f,retained-unmodified-source,individual-semantic-review-pending
src/coin/CoinUtils/CoinFinite.cpp,081330c3670d4e6c87179acf027e5ef267c48ce1,62b58063140e01188f2193af98f84beb8c1629072d66d0d143cf4b5c9e8d79d0,retained-unmodified-source,individual-semantic-review-pending
src/coin/CoinUtils/CoinIndexedVector.cpp,b040020ca467241bf4d9034a93bc34327205201e,4fc1cc1a59c5737c6394d6e153998010625aeae4b8b10bfcbd83c266deb9173b,retained-unmodified-source,individual-semantic-review-pending
src/coin/CoinUtils/CoinLpIO.cpp,398141a99889c294ec7bf87db1d5a8f6a7d659e8,045761a86223859c3d985370e7939633315b1160ddfb66655cc49a5245bc5e8d,retained-unmodified-source,individual-semantic-review-pending
src/coin/CoinUtils/CoinMessage.cpp,1fb3ca47a63f8c5dc012bd1820ba7256d76a03b8,56bad044f336ee05e89138e1ba09b8c4118e7b7296d52b30d7b933d2d60ad6c2,retained-unmodified-source,individual-semantic-review-pending
src/coin/CoinUtils/CoinMessageHandler.cpp,a39f4ebe024dbcb6c6843ceb6c1ecd7936639058,dffdaebe806f016b1235c524306601027a0013e05111ab9154ec18658525e952,retained-unmodified-source,individual-semantic-review-pending
src/coin/CoinUtils/CoinModel.cpp,8dddc5cb47e3fa6cc1e83cf96c0ced41dfa3addd,dc2addd11ab662b2e669de7d1da23525646d8172945a99d54c39db1ff236821d,retained-unmodified-source,individual-semantic-review-pending
src/coin/CoinUtils/CoinModelUseful.cpp,fd97bf0f5891ec3e90bf58fde484ba1be8450354,924269af55d16a404c9e9a08906a779d0892e425fa6d36fc33f3d2b4f5e130c9,retained-unmodified-source,individual-semantic-review-pending
src/coin/CoinUtils/CoinModelUseful2.cpp,f454d73b9cf42785240f39d6999c03ebf52596ac,b355e1da0120b87db4eb55b6f45ac91d8ef9fb92483501e7c401a0ca5625b4c9,retained-unmodified-source,individual-semantic-review-pending
src/coin/CoinUtils/CoinMpsIO.cpp,2ae4ab4a75610e9d5228a94e5d787b39b4cba456,c31999fbc8b9358e2a4aca8633b30c1b209e7aa2a5ade16786cb9097757f2126,retained-unmodified-source,individual-semantic-review-pending
src/coin/CoinUtils/CoinOslFactorization.cpp,2e4559f9123e064f3641f4fdce9bc51616ef3bcb,12d86356ef6562a260469723e38c78b4ea088d371a38667cc7f4a5feed9e8dd6,retained-unmodified-source,individual-semantic-review-pending
src/coin/CoinUtils/CoinOslFactorization2.cpp,febd7f69d5230d11257ac2900e57ec1c4c9ada4b,74996a944f1de530a8eb9fb480ebe789d9aebf33dab624cbbc135041fff0cc52,retained-unmodified-source,individual-semantic-review-pending
src/coin/CoinUtils/CoinOslFactorization3.cpp,cf43d2d410b8ff3b6fcc6701207923d8ac9c0d64,dd68f83aa32881d8a8ba80997dd47612961e25c923cf7624f3c657d0ddd34be5,retained-unmodified-source,individual-semantic-review-pending
src/coin/CoinUtils/CoinPackedMatrix.cpp,6e5120909b14380445abe3ce72e5fa57e8e850c9,8e8547a66576b9ccc8a79ca11ac2d372f92318849d7b8f7d1d83ab8e1df93769,retained-unmodified-source,individual-semantic-review-pending
src/coin/CoinUtils/CoinPackedVector.cpp,7742525377bdee5f132d458c7762fe2288e935ce,7e50f478e4ddf66c699a886671dc2e0eb95b395245922129f4532fc974b2de32,retained-unmodified-source,individual-semantic-review-pending
src/coin/CoinUtils/CoinPackedVectorBase.cpp,79bfe7233ae3aa79df0f96570aba2806d437faf1,f93b9019c5a43291bfe0f9b6acec9e465bea4573e48c14e6734322b31374ca28,retained-unmodified-source,individual-semantic-review-pending
src/coin/CoinUtils/CoinParam.cpp,f2edefe4902a20ddfdbb594a6c04f74671a07bc7,57796ef2f33c1bfd001c98ddb709c9c9cdb16e38ccc11d7438c0d1853c88d758,retained-unmodified-source,individual-semantic-review-pending
src/coin/CoinUtils/CoinParamUtils.cpp,47a132d17474717512ee903aa23a9abbac95a3d4,6b8cb54c65cca598a4b8437eb85ecfa49e4cbbce434814c59e18833f704b0015,retained-unmodified-source,individual-semantic-review-pending
src/coin/CoinUtils/CoinPostsolveMatrix.cpp,6ea63a260a8bf44d190d62a198073d6f9a2f6f24,203b79f6a85917305eed1ea9fce662f2d302b1cb5e3c1b6b26aa2c9772181d6c,retained-unmodified-source,individual-semantic-review-pending
src/coin/CoinUtils/CoinPrePostsolveMatrix.cpp,0589ecc32d474aabcda430c76694c03f78f4ae00,9bf75dd35aec8b8a86ec3e1783cbda7a0525d54c7991c52631bf2d65db437d45,retained-unmodified-source,individual-semantic-review-pending
src/coin/CoinUtils/CoinPresolveDoubleton.cpp,69d92f7d6a002bc82f82bfa21263ee03ceb9f495,f65568f03e84b230944a4790c1b8a1a4ad7dccec1c21c6006d010a045bb1b62a,retained-unmodified-source,individual-semantic-review-pending
src/coin/CoinUtils/CoinPresolveDual.cpp,41a3a6453615e9ec3af6e80a5121a82705be3db6,60d61e5a0a0d149b359c599f78a050a37298981541eeb9b66225aff86575a7c4,retained-unmodified-source,individual-semantic-review-pending
src/coin/CoinUtils/CoinPresolveDupcol.cpp,dd28997abe18ba8ed3209a8da4333cb9301f26f6,9fa0f82a12affe54e69b9ec4866fa815e0f78884dd1358f36cacce7e98c0476f,retained-unmodified-source,individual-semantic-review-pending
src/coin/CoinUtils/CoinPresolveEmpty.cpp,e1f84959e6be4871bbaccf556b9d5ed18b05a048,273b4660f2c6cbd8deeb19b3f11d5c9f3786dc9f976d681cd45c1868feda5c02,retained-unmodified-source,individual-semantic-review-pending
src/coin/CoinUtils/CoinPresolveFixed.cpp,6e3359b1a6f61b0ca4edc65b02911808dfb00903,ef127b2d3604ab8d134f47d505d94525fa64b79ca3897947d60af7f20c26fcd2,retained-unmodified-source,individual-semantic-review-pending
src/coin/CoinUtils/CoinPresolveForcing.cpp,fe212ea7f1fb76e4461f48d332f7042162622b6d,42ca00cd0e36854d626d8b54785b51e4536eb8ccb78f72c912370e40569123c5,retained-unmodified-source,individual-semantic-review-pending
src/coin/CoinUtils/CoinPresolveHelperFunctions.cpp,1cc16acd7e68c8257cc556d1e3e6f0a2a5209228,2a66e143fac3430ffdbc4d22c1346cf1ede69e01bddb4b52e02ac3cafb22aca1,retained-unmodified-source,individual-semantic-review-pending
src/coin/CoinUtils/CoinPresolveImpliedFree.cpp,ad6c052d03067a5c7c565f9aa5d8ce9ce9f9d5d1,464671a0f4fa9a6e87630eedeb079242d62225f4240776f0ea405e14c1b5031a,retained-unmodified-source,individual-semantic-review-pending
src/coin/CoinUtils/CoinPresolveIsolated.cpp,859608d673e7f48d6c16b96c1eb6e18fae1bdd31,fae13c596e9763ed435c481f2f7269e2d5a12b171fedcb88f7f2edeba326f8c7,retained-unmodified-source,individual-semantic-review-pending
src/coin/CoinUtils/CoinPresolveMatrix.cpp,ab73e976b56397df4ed1dca1d22641c2dea7b0f8,f712e71d6649efc84b215e451b5512533745486e97be9e91ec9b128d586132c9,retained-unmodified-source,individual-semantic-review-pending
src/coin/CoinUtils/CoinPresolvePsdebug.cpp,0f7bfbf5f29e521da288bfa31288f23905c6ae8b,a5d9f6fc8b6098645d82a9505abcd2f6a81ee691761c200acd626e68d4839ab4,retained-unmodified-source,individual-semantic-review-pending
src/coin/CoinUtils/CoinPresolveSingleton.cpp,f85204ec8e21294bc2c9241dccc8b30f534884a4,a09d9a642a0c7b5081cabbd5885f8713043e65e77e55403351242828b3da2f64,retained-unmodified-source,individual-semantic-review-pending
src/coin/CoinUtils/CoinPresolveSubst.cpp,3363ef67eee0f07cbe337b23fff3d40a56382766,1ce3385a88329383ca9a453f2b3e2d90403ae6b5989e9337a7082c869a076c7b,retained-unmodified-source,individual-semantic-review-pending
src/coin/CoinUtils/CoinPresolveTighten.cpp,32ac6847b3ffc8ea8703708e618b0cb08929668c,624f1d3dadfc4a08238fc5c176ddeff77e124529347c06cd940bee4b1684bfd0,retained-unmodified-source,individual-semantic-review-pending
src/coin/CoinUtils/CoinPresolveTripleton.cpp,9be2fc2a076e1950b53d10b5fbb4cdadf25ca479,f3a04b11aa40cae9b27431312aed191df8fad1bb3f3b9bf985a9c6cb02c7c2e2,retained-unmodified-source,individual-semantic-review-pending
src/coin/CoinUtils/CoinPresolveUseless.cpp,46e8bf57dddf73d3abf32fd031a1c32f1cb8205a,55cdcd2b26568f9cebff476d53789c3dfd44585b29489d8dab35cc9a22433e44,retained-unmodified-source,individual-semantic-review-pending
src/coin/CoinUtils/CoinPresolveZeros.cpp,fa3e1c04db61461abc0c970305be31bd70d6d93b,676e40951c34301da1246df1af17a9b689cf81e9c6830f48675cfb888915332c,retained-unmodified-source,individual-semantic-review-pending
src/coin/CoinUtils/CoinSearchTree.cpp,4318d7e7f1081c22ce1fd52965a0a0090e18e04f,2e40077b6f17aeb796fc018fc0a0a35318f3c293e67c87e46740a4db6aaebf66,retained-unmodified-source,individual-semantic-review-pending
src/coin/CoinUtils/CoinShallowPackedVector.cpp,e90696fe9d82ec0c4bf9b044b5191866c5ba24dd,1907bdaee640940cead0e6802cbf5315b0a7ce26a5be1068b8de2dbce54a71f6,retained-unmodified-source,individual-semantic-review-pending
src/coin/CoinUtils/CoinSimpFactorization.cpp,7dc67a914f1c458cd0cf60254d8527ea2e0d9437,5c64383ce081d0f950b344ee733bf4b8928ceb9d253bcacdf514325d64a80d9d,retained-unmodified-source,individual-semantic-review-pending
src/coin/CoinUtils/CoinSnapshot.cpp,da2ae4b814d9ce814ecc2e3d0e7844a794a455c6,db4079f466ad2cd7f3ff14d33cc75b29e8857ec7159b99fdf483093b8408d044,retained-unmodified-source,individual-semantic-review-pending
src/coin/CoinUtils/CoinStructuredModel.cpp,a3f00d846be9b7259a7800a4af78627723b06782,fd6c4a5ca3b2e70609b1e79d2b6e1c712b423065e28e79893db731d6826d5063,retained-unmodified-source,individual-semantic-review-pending
src/coin/CoinUtils/CoinWarmStartBasis.cpp,2b6abedfc8bf9665b71ca00112cf22489ee5afec,fd5a4807d1069ff10a9f3fc7419c379d937173afe6b834ee78f05b1ec1f7fe6b,retained-unmodified-source,individual-semantic-review-pending
src/coin/CoinUtils/CoinWarmStartDual.cpp,260dcb1e6a1f1f981d1d11e03a4845297a24c8fc,5afde4c1030cd097ebf1b6b50c9f84ace6191b04b2f6140a44f8cbb1610b8f48,retained-unmodified-source,individual-semantic-review-pending
src/coin/CoinUtils/CoinWarmStartPrimalDual.cpp,1aa1d199e3d3181e51de1dcd29a546f24be087f4,e601e54fd875f6a6d61dc9b9093569bd94e8cc8efd6b7830653e0c7337ff5a1c,retained-unmodified-source,individual-semantic-review-pending
src/coin/CoinUtils/CoinWarmStartVector.cpp,402b3fb5c31522ae40a07e172e7563acc4d3fa3f,46c389717df6624c74d887b05740cf527248fbc587785795e9ab5e444c58d803,retained-unmodified-source,individual-semantic-review-pending
src/coin/Osi/OsiAuxInfo.cpp,22799ae1027c8ada9a8bb6a3c0798b22abaeebe0,3d3e80e28b67d40dee82bf901cc711ff7abc2f96290a4fea5f31131efe28877b,retained-unmodified-source,individual-semantic-review-pending
src/coin/Osi/OsiBranchingObject.cpp,3c74b592da95e998c3a9a5eaf4a35d11a491fe31,19160f4a896eaec37bc4ba86b53e5e618f165f952a72d07a70496fe4a5d1a9e6,retained-unmodified-source,individual-semantic-review-pending
src/coin/Osi/OsiChooseVariable.cpp,2a20581e3ddd13a36953b8a445e36a5adbb52377,9fd2f143156b9434a5b174f705b9dd8d6405239b26fd491682892a5b7b10c837,retained-unmodified-source,individual-semantic-review-pending
src/coin/Osi/OsiColCut.cpp,710f40ab85c62c405a6ca9f31ecfda3b48206208,179a18ea8e3b25e49664e687440ad1b9fd3a55a32f24932aa5716157eb1173b1,retained-unmodified-source,individual-semantic-review-pending
src/coin/Osi/OsiConfig.h,fd816cd8f73431dca5b28621f8032f130530e0f3,a94fa687ebe194055376752c275c1f3e475c871ca6127a002f155a43903e6774,retained-unmodified-source,individual-semantic-review-pending
src/coin/Osi/OsiCpxSolverInterface.cpp,7cec509478baf161f3bf23f9bfb0648de00f4817,3894bdb63d81e46485d4caf9f2e17d5ae956293197b11e255bb6a1176e243a02,retained-unmodified-source,individual-semantic-review-pending
src/coin/Osi/OsiCut.cpp,4d0142d4f96098b1b2ae4fdbbd3c4ce6e79a22fe,6f6f1609275964c94b746e66ab0a5bd6285c396846113bd8f9e0ed3e377b6cc7,retained-unmodified-source,individual-semantic-review-pending
src/coin/Osi/OsiCuts.cpp,b42c21b53b85bfb3e97fcfacd97a1ed8f4b6084c,b84b5b162efa250e34c8431db52bee8a0ea507294b86282779b784c3eb636989,retained-unmodified-source,individual-semantic-review-pending
src/coin/Osi/OsiGrbSolverInterface.cpp,88c942ca887de814cef55b5b990ee11b9e07f197,a840610d3b81e5f571fb312b5191e2ce6555f664af9606dab884fcde0c587d18,retained-unmodified-source,individual-semantic-review-pending
src/coin/Osi/OsiNames.cpp,3b65f69ee1dde4bb0e78bed938d4eb7e0fb2691a,800bb4edcc6288f2d44ae9a2d5c3000ecbf0b2b70005186cf0a882bcc8c56f3d,retained-unmodified-source,individual-semantic-review-pending
src/coin/Osi/OsiPresolve.cpp,7559573c3e2def73340d02266a2763b25ac2303f,b9b37c41bdb12f02193a3937d8579a41fd98a61d0d95696987f4e786ad025c9f,retained-unmodified-source,individual-semantic-review-pending
src/coin/Osi/OsiRowCut.cpp,11fa2682c4b042d846c5c7c72cbb3f94570f94e6,d57e9c7b70621603f6fe09bedb5cc4d61cc2c67c2e34e7a723448a7e921ef146,retained-unmodified-source,individual-semantic-review-pending
src/coin/Osi/OsiRowCutDebugger.cpp,0d1c8ba6678378d74dc784eab68e097a313453b0,0767526e5fd5c71f07efcea78e4a7bc67469ebec6723f3dfa20193fd49f9979c,retained-unmodified-source,individual-semantic-review-pending
src/coin/Osi/OsiSolverBranch.cpp,5e7e73c78de434faa7f213a63b73b2ac94a15731,28bcc8f62ff87142d908e59074d8cff55a472d394f8e0e15a4365d1f59538364,retained-unmodified-source,individual-semantic-review-pending
src/coin/Osi/OsiSolverInterface.cpp,c901fd4c0623c1c655a9193419b617ad265015d0,3cb80c43e295388372f85c8244dd29063de76efda629d1a72f6899105d7b7e7b,retained-unmodified-source,individual-semantic-review-pending
src/coin/Osi/config_default.h,9589231b1fba5c16886ee96a7d0bfa6370ea8d83,530ce366186f6043f0421de223bb16b699011be7350da781e8f2836584e5bd56,retained-unmodified-source,individual-semantic-review-pending
src/coin/Osi/config_osi_default.h,ffed36bbc0ccbdb60785a7505d72fd153b0aea31,8d1849f6fd79823a439aa1a6369a3e5662fecfd6da966a3e78db1f8c1a2497e1,retained-unmodified-source,individual-semantic-review-pending
src/coin/OsiClp/OsiClpSolverInterface.cpp,9b9d7f26465527c097985b2bc6bb05f500e78aa7,d709084082c410a2bd72fd0a2feaf67a6df52942c6e12942bf0995c278bfb1a9,retained-unmodified-source,individual-semantic-review-pending
src/coin/Readme.txt,4010c924a85228c45a84bc444ec672d69df7ef1e,86ffae9a2249bb3078501846f621f6283cb0984c9165ada61d1c32de0441e483,retained-unmodified-source,individual-semantic-review-pending
src/ogdf/augmentation/DfsMakeBiconnected.cpp,60b722fe3cb893edd0b28066d804d701cc3a1636,b49dc0af251e49316de77c15eccf179a7083f15c4f3b205a5c9891855a6a01d1,retained-unmodified-source,individual-semantic-review-pending
src/ogdf/augmentation/PlanarAugmentation.cpp,b535ef8e5087f5206cec4c599893ed721d4f0aab,d2af392e1e83ac98a2ffa9dfeded1f06dfb1e57968b2a7aa1afc2cd0ef2b9917,retained-unmodified-source,individual-semantic-review-pending
src/ogdf/augmentation/PlanarAugmentationFix.cpp,80424e266f6e6df633f22baab98c9045316b349b,ae90c2517d9dba2d7c9075df620a7366a333a2dd4fe55f911b9d6d1f30643bcc,retained-unmodified-source,individual-semantic-review-pending
src/ogdf/basic/AdjacencyOracle.cpp,d52f8b64f4ab4fd9ce4ae65d6121eb1cfae7cb4b,52e5713f29d7366cdec82e06f5bbf864e3bd0266ec085934fb5f4138681a27bf,retained-unmodified-source,individual-semantic-review-pending
src/ogdf/basic/CombinatorialEmbedding.cpp,06e9f3c927094f8c13ac1804d0bde5ab37fbeec8,49a2dd08117402eb7d42926b65d592b7bbccc1a097786e61a79bd73a2e02df46,retained-unmodified-source,individual-semantic-review-pending
src/ogdf/basic/EdgeComparer.cpp,cde0ac4a045018ea31ed8145a50941c713aef5f7,0b988e3dc17ca4a29ea1c4c3c7afd1c7f04ba66a745878d475a84d6d5b30d37a,retained-unmodified-source,individual-semantic-review-pending
src/ogdf/basic/EdgeComparerSimple.cpp,8225d5b9ea4c50a7d118ea6777bbd2fe1842bee2,cebf4a42135e175e17e4c2692b18454c8b435d216191ced28c5be80f7b82a450,retained-unmodified-source,individual-semantic-review-pending
src/ogdf/basic/GF2Solver.cpp,38f064a459e0c6fadc02dcab687be284a8e60997,207cf246608f5ea2eff7ddd667a5176bde28a544759cefa20dbc16ef8dfc3c6f,retained-unmodified-source,individual-semantic-review-pending
src/ogdf/basic/Graph.cpp,5092b34dc7de0d41ab6c1d490387e5d65c786442,a6a848abfe8e717f6a437371ce5ab3f5c6e9110bcfc04a18524133dc8b5c3691,retained-unmodified-source,individual-semantic-review-pending
src/ogdf/basic/GraphAttributes.cpp,66eb97b3ddf49c89f80a1ae9a162393ab805083e,20a16a6b0a4be055dde9a6e5250c859ec1388c8977e9d40f744be6a657c7f4f4,retained-unmodified-source,individual-semantic-review-pending
src/ogdf/basic/GraphCopy.cpp,8c48ccbe713208158688003656776308360b0162,b7db330b5f29da38e2ca88611ac1079a9c4d6e4f990fdd045ae31ed85fe979dc,retained-unmodified-source,individual-semantic-review-pending
src/ogdf/basic/GridLayout.cpp,a11a8ceef336c1402dd67640e0e40bf37fb43243,80a1e3193898ce54ff0273697bcf0b42aaa4135b9cbac3f27170f774aeab29b8,retained-unmodified-source,individual-semantic-review-pending
src/ogdf/basic/Hashing.cpp,68bbe5c12cc7f60fab93b4463a7016711f3c0ad6,f578b6f9d3cf1234f7007fe47bfdebf5e2cd12b2b582099ede9c2c8c84596d08,retained-unmodified-source,individual-semantic-review-pending
src/ogdf/basic/Layout.cpp,a2678229f4ace92a01a9b5dba2ee3309529dc802,821344a2a8c0de4a2fe560843cc64409746d3b2d70d5de3e698c48aa7103d473,retained-unmodified-source,individual-semantic-review-pending
src/ogdf/basic/LayoutStandards.cpp,ddc25aa7beeaff509265c0ea46223e8b3c601655,d6b107d4e4ec06dd402fd9e0c98a7db59347d30a79592c96c14a5930c4c8e3e3,retained-unmodified-source,individual-semantic-review-pending
src/ogdf/basic/LayoutStatistics.cpp,f669e81db9f0c518f7f3b91b9075ad3ec9cc91d3,c28970a30005e0f1acaa3a25bd2065edde7ed99b09432ea0fdba7afcdbb54969,retained-unmodified-source,individual-semantic-review-pending
src/ogdf/basic/LayoutStatistics_intersect.cpp,4b196eb5a75ffbaa6a0fa30ca1865ac1674bb943,60c13a43d7b05b72c640e2226753bc1fa8aeeb272a5d206386a4177f20e42fe7,retained-unmodified-source,individual-semantic-review-pending
src/ogdf/basic/Logger.cpp,83e277ed0b4cf02b6afee0244be0a30fd8e6ce1b,ab2c55ea294c998b07362a85827af232cdeea7a6d05081279baa6babe99214d3,retained-unmodified-source,individual-semantic-review-pending
src/ogdf/basic/Math.cpp,152eb8d9a7c2e0df3520c781d780888a577e845d,dc465ffb1d6360e88caf0987e5936761a66d930d15047d7b185659948a3c8310,retained-unmodified-source,individual-semantic-review-pending
src/ogdf/basic/Module.cpp,59689a805b7b139e846b0a08c4d6ed12df2402d5,ee43d63c04aeaba2c0cc8a77a5f3596420f7d72eb434b983be28e39e0807ace2,retained-unmodified-source,individual-semantic-review-pending
src/ogdf/basic/NearestRectangleFinder.cpp,6f1884e12962d3eab5b9c925c77def860dc6c400,de9f1cdf0074588a1f72bfbc22f2568ea795656df3f9cf7b531804244c5fa41d,retained-unmodified-source,individual-semantic-review-pending
src/ogdf/basic/PreprocessorLayout.cpp,3ae8568d9ae2244aaeb43c291d2ffdee36a15d53,8c6b73f2eb2ab731c648b4530d4c3d100303c3746221d776f28bd44e0e6d953c,retained-unmodified-source,individual-semantic-review-pending
src/ogdf/basic/STNumbering.cpp,2d0a6cf04bf7eeb61bf04f93fa4bd5f92d553f9b,718d78cbffeab02c9507d77feac0ab0b4aca51f48d5813ec8b2a33ce60735e7c,retained-unmodified-source,individual-semantic-review-pending
src/ogdf/basic/Stopwatch.cpp,bde514880352c42e67307702ba858fe2f2a87dbe,2752c000b462efb668451644c4a2129670ff9691e968486661312c57938c67f0,retained-unmodified-source,individual-semantic-review-pending
src/ogdf/basic/System.cpp,51adb81a0560367395eb98757621b6b553ccf842,034dafbea9d04f53c9cddefa83405693e515258597681ba9ca88e63ea8eeb504,retained-unmodified-source,individual-semantic-review-pending
src/ogdf/basic/basic.cpp,bf9fe9fba4ff2087fc8e015620f302959b958d16,461843097a909582b4ab2f90c8815df616d501c21c2aaae46d506c977375dd62,retained-unmodified-source,individual-semantic-review-pending
src/ogdf/basic/extended_graph_alg.cpp,f00fc91fd89a7c6af5167cba093c0b653e6ff78d,4610c289efbd32ecfe83771bdc656769f2910260fe5aa8e123399dabf5e3b8f4,retained-unmodified-source,individual-semantic-review-pending
src/ogdf/basic/geometry.cpp,bf06887a3767a977d2a91284d92c6e4f7eb67f35,b3ece9b11bd0821f35e352081d3f2647a0c88816fd7b35b43bca585583f54e91,retained-unmodified-source,individual-semantic-review-pending
src/ogdf/basic/graph_generators/clustering.cpp,6949fd04a8b3c4e6114625664ef16441a9c8be39,0e6d3838f680f98054702ff586bdb46ba942858cac25fa25ae14a7069fa9d5a9,retained-unmodified-source,individual-semantic-review-pending
src/ogdf/basic/graph_generators/deterministic.cpp,070daf376b83ca4eb408c96d4e77f0fd99218fb6,3605745d6377217fa5888aacc66df881a140e158836abcb07673aed48ffc7eb6,retained-unmodified-source,individual-semantic-review-pending
src/ogdf/basic/graph_generators/operations.cpp,77c07cf88bb1179fcb977d6d60b9b6dce5218957,9a26c842ec2b97aaafc6cdf142dda1178897b71bcc0c7cc1b650578085430286,retained-unmodified-source,individual-semantic-review-pending
src/ogdf/basic/graph_generators/randomized.cpp,100d90d3e5646f955c53003c1594636a2f4ac4b2,1adfd355243c1d1983cdccd0070e5cd5e376b34c456a7b41742d32a35ded6fef,retained-unmodified-source,individual-semantic-review-pending
src/ogdf/basic/graph_generators/randomized_Hierarchy.cpp,fda55eb92546b4d35747f722365396ec0da7ddbd,f05bb5566af074ee7c33179d767f7261932bf3b74991f094353f34179dd541f5,retained-unmodified-source,individual-semantic-review-pending
src/ogdf/basic/graphics.cpp,82e0fe641794b93d25b28badec1493d96b193bf5,2968ea67542913d1d3125f8fb8d2cad54a543d4227945ff37c788e960bd97e32,retained-unmodified-source,individual-semantic-review-pending
src/ogdf/basic/internal/config.cpp,1e6d3b9cc469f37593205852df03a706552da1b0,e1aa984318e0b62125c68a3651918cb382c59ee29162b7562474eba0a806120b,retained-unmodified-source,individual-semantic-review-pending
src/ogdf/basic/memory/PoolMemoryAllocator.cpp,decf743f9a36c656bb408db3fee50502287ff89f,4bbbc5b163749b57aa97474cf04b3699438b4f621bfb9b3b612ff65cee6a170a,retained-unmodified-source,individual-semantic-review-pending
src/ogdf/basic/pctree/NodePCRotation.cpp,f520ee6ed6ff243102c58a2c70a79dad6ed4ab25,c76c93fec8dfdf5633e903b070423bde5691180464442ef3c7ada64f6661e659,retained-unmodified-source,individual-semantic-review-pending
src/ogdf/basic/pctree/PCNode.cpp,efbac171b4f1d7f3cd96f9a221351a7d1c45f551,5201444468c4c32ec9972b16f3e3b7059bd1c1db51426067babd8d67a3869a58,retained-unmodified-source,individual-semantic-review-pending
src/ogdf/basic/pctree/PCTreeForest.cpp,da709dabf2515c3700ba100e775e2cf9a4ab8e4b,3ef3fd272e221a621f2bd93499cedf228931fd2e7dd3ca14a3e14dd497e3b04d,retained-unmodified-source,individual-semantic-review-pending
src/ogdf/basic/pctree/PCTree_basic.cpp,51691332d8a233f81d96c23f712a8caabd8b3351,f5951c5034db1bd40a00abbce6d17dff268e54365a73f0f12a80bd49848139df,retained-unmodified-source,individual-semantic-review-pending
src/ogdf/basic/pctree/PCTree_construction.cpp,8c8f26e14700ae50ca1a769ee1dc120eea141e94,aafcf8c78bf5070620f8d9baf6b845a43118fb791bfe149408a63781a7addc00,retained-unmodified-source,individual-semantic-review-pending
src/ogdf/basic/pctree/PCTree_intersect.cpp,b863697e7e5e5676ff52de11f690107719daf70b,1563d45dc7a0b7d55d6fd3b53963360d92699d5e58440f93728f9e0e0330a668,retained-unmodified-source,individual-semantic-review-pending
src/ogdf/basic/pctree/PCTree_restriction.cpp,c282fca1f9f10d869ff69be19c9fe6818f559dea,4b2ae6b4fa6db42666209e2be361b8ff69a860651748eaedce503ae7799bdc84,retained-unmodified-source,individual-semantic-review-pending
src/ogdf/basic/simple_graph_alg.cpp,7ab4cba189a9cf07ab44394648a58a7d0d269983,f2f4e1c6c72b072bd5e74703b5ee3dbe39d94f2cc78814af9517e4f32f048733,retained-unmodified-source,individual-semantic-review-pending
src/ogdf/clique/CliqueFinderHeuristic.cpp,5c650c84ff7dd631072b8bb40c204bec1116446c,747aaef437fa85815bf88c533c80a2260c7291c64310d74116329e0d78fe61ca,retained-unmodified-source,individual-semantic-review-pending
src/ogdf/clique/CliqueFinderModule.cpp,d94c79720bdbe1e296a9ba1d87c0a7531f1a61b2,36431d986bf9bf183b1180c5e86e677edda60e07cca15a5cb6e1d81c8248dbc6,retained-unmodified-source,individual-semantic-review-pending
src/ogdf/clique/CliqueFinderSPQR.cpp,40db2323aa8fc2c219919ec7e5b2964fb22e74d8,60bfe1f058bbab85616e7c8a399a0ff5c59dcca7108fef7cd8251b54e08afe22,retained-unmodified-source,individual-semantic-review-pending
src/ogdf/cluster/CPlanarEdgeInserter.cpp,ba882106b56897b5943ad15d70c4e673165bf56c,d609521b5b663fa14718d32037ecc90e14276230e749da2e03a5e37c52e4d132,retained-unmodified-source,individual-semantic-review-pending
src/ogdf/cluster/CPlanarSubClusteredGraph.cpp,66cf84d04092601e1597fd92509789113fd23969,a9825aca4de0ba513b285d2700f8b89d103d0a4561f2007269735f0a3724e1f3,retained-unmodified-source,individual-semantic-review-pending
src/ogdf/cluster/CconnectClusterPlanar.cpp,94447e06a9894d7a7bc7c2bdb17b03b8fddbce6d,17fe5f04f71e99195b91ef3edd735615671c268b92f4aabacf82051648ff02f0,retained-unmodified-source,individual-semantic-review-pending
src/ogdf/cluster/CconnectClusterPlanarEmbed.cpp,18bed17d7fcdc67200cd9e21a1ea3f90c5b94df8,d7ca94bc14a2c86cf0496d0ca196aacf5fed53748bb05165b2944beebbcd376a,retained-unmodified-source,individual-semantic-review-pending
src/ogdf/cluster/ClusterAnalysis.cpp,6315307dc096b71189be31995d13eeea6d25ef33,6d499f221ec801d461a4bc8ceb9c5c7dce051f5957d4a57d124d96fd92bdcb84,retained-unmodified-source,individual-semantic-review-pending
src/ogdf/cluster/ClusterGraph.cpp,7230dfc45537e81f12d32bba0e21a0126f331f18,dc53c6afd1ef1af5592faa57d7d7e71a89b3e09a39af1f10ef829d2a3043d062,retained-unmodified-source,individual-semantic-review-pending
src/ogdf/cluster/ClusterGraphAttributes.cpp,8697e0c0c704d36911c4a77a152d3a4319f02d24,a8c6850a146236f8eea62900c659a3ae6dcf3a9d4cddb97005b5e2834495a645,retained-unmodified-source,individual-semantic-review-pending
src/ogdf/cluster/ClusterOrthoLayout.cpp,84b4eb4e3a2d210b50568db9f870ffdbfafe20da,c5211b083cac0019569d683dd769c25656980b3a6e19610b8444ffeaa737a23d,retained-unmodified-source,individual-semantic-review-pending
src/ogdf/cluster/ClusterOrthoShaper.cpp,5960e707c6204d8f6e36652fc7baae4d239291e9,8df4b36de5fc08b4af70c2abe5cfc6d2d803fcee591a94fff05884eb30902101,retained-unmodified-source,individual-semantic-review-pending
src/ogdf/cluster/ClusterPlanRep.cpp,b2706b47fdd11742d50ccacb81493c577e6a998b,b1245bf80660e5923772a45e3a51ffc2b0bb6facad733779fcd1d6a15a388598,retained-unmodified-source,individual-semantic-review-pending
src/ogdf/cluster/ClusterPlanarizationLayout.cpp,fdaaa9437b84baeddd1832bbaeb7cf959e113cca,af31f2ee16f9a0d30331e64fe9a88cb80e02d25246186274d9e3b48bd9135d1a,retained-unmodified-source,individual-semantic-review-pending
src/ogdf/cluster/HananiTutteCPlanarity.cpp,24767c9577f1ed3f34a8c76007b3c23bf5c4358a,8e2fc4846d9369700aef4abd2ec3bfb2f4e5d93cc3bf7c09aecd488c06816ddc,retained-unmodified-source,individual-semantic-review-pending
src/ogdf/cluster/ILPClusterPlanarity.cpp,1d22176f7166cec8dbc28351d5fef74396473933,8db07e9dfab49f47d7d015bc967ad626f56efe887f66961a1f08cb1b8bf33111,retained-unmodified-source,individual-semantic-review-pending
src/ogdf/cluster/MaximumCPlanarSubgraph.cpp,1d95208d3cf51cb7ba19e575b2865f95b3ed20c2,5ae10b9b8e7cf7969e0b7eee34430711a28619f023a4e58b0168d123f70a1677,retained-unmodified-source,individual-semantic-review-pending
src/ogdf/cluster/internal/CP_MasterBase.cpp,ce789966bd8a4213ebb89c49b7683940723e3338,d785f8cb91b8aa283d3d332ca6e3883c618102de8a31cdad57f42a871b6c2e32,retained-unmodified-source,individual-semantic-review-pending
src/ogdf/cluster/internal/CPlanarSubClusteredST.cpp,3c9a6f1d305ceb897a5f939ca9a0db171e5113a6,3beed088d8ea639cd5a7c15be537f15d7ca593b2967404e5ede37fac933da480,retained-unmodified-source,individual-semantic-review-pending
src/ogdf/cluster/internal/CPlanarityMaster.cpp,446944e53e14525107d2feb582ca2bfe74a5a738,f72a82a0a4011327a3dded174aca3a8c81099591f1bc99ec5ebcc205e52763fa,retained-unmodified-source,individual-semantic-review-pending
src/ogdf/cluster/internal/CPlanaritySub.cpp,40203d095eb535ed4447d3967309bc6d2c2cc99c,3038a7cf9ec8aa4c0043fad21d26eacf9765ebe7048d668cac750713f7a3c477,retained-unmodified-source,individual-semantic-review-pending
src/ogdf/cluster/internal/ChunkConnection.cpp,ec4017206a540f1519cdb1550fa8fbc76403ee4f,be3aea1ed9de187fc33d007d5dc691dfc79e4ecaace2ab2457060a4299b76b42,retained-unmodified-source,individual-semantic-review-pending
src/ogdf/cluster/internal/ClusterKuratowskiConstraint.cpp,b468dfddb587d25e9af109c9cfaf1469f90b888b,9eccd94f58cf0957175a70fd3132fa64b4f86a6b753c1e647d70f73602029841,retained-unmodified-source,individual-semantic-review-pending
src/ogdf/cluster/internal/CutConstraint.cpp,a9e5f00e1f50ae8073f0aadfa1faa990771bf24d,a163679f230c47174e7ae30d2ece19dc2f6298279d15446c6d1df620afa14b3a,retained-unmodified-source,individual-semantic-review-pending
src/ogdf/cluster/internal/EdgeVar.cpp,f71cb717417263149ca7edd35b97dbb0209fa544,a36c2f3ecfa23802b70780733570048a02d0078977f11a6e54011822181b6260,retained-unmodified-source,individual-semantic-review-pending
src/ogdf/cluster/internal/MaxCPlanarMaster.cpp,9949bdf8de938952dff496579779d693ff4cc51c,b191f547e9fae0863138b0ff192b660cd4755f15a32be844c74278db03fa111d,retained-unmodified-source,individual-semantic-review-pending
src/ogdf/cluster/internal/MaxCPlanarSub.cpp,4c9962b72e00b59a4a89c2316b616b909a5c5507,fc57116475a04f38cadaae886ceccd8ba8f4559ac2c9af5188db8551ebe0a159,retained-unmodified-source,individual-semantic-review-pending
src/ogdf/cluster/internal/MaxPlanarEdgesConstraint.cpp,f5b831944a3dace8756c7399334021d5a23c37d4,a898563b0e28c2342190772e64188b535a0730e527105fc8e494a9825e3dba23,retained-unmodified-source,individual-semantic-review-pending
src/ogdf/cluster/internal/MinimalClusterConnection.cpp,4042f25770209c31b0fb60861c94f23bf7fefab9,eb5b44a9fce06dd0120876dc584ac0c2410d208fa86280d48bda272b0327efd2,retained-unmodified-source,individual-semantic-review-pending
src/ogdf/cluster/sync_plan/PMatching.cpp,1823ef80b9617133415c412f4f9f796c20aba32f,8e78ec0a2b0ad04cd216e30d4d832fc59574bdd55ee83e289e343350534978ce,retained-unmodified-source,individual-semantic-review-pending
src/ogdf/cluster/sync_plan/PipeOrder.cpp,141ad9daae48c35b3379aedb7e059ffa80cbe0ac,1fc71991a364cd406a1d2f3d52c1aae9590b61f0399a722c69d56a65aa767340,retained-unmodified-source,individual-semantic-review-pending
src/ogdf/cluster/sync_plan/QPartitioning.cpp,4de2cb65d80c60a4b4a6d038e9d2e06c484cc8cc,15c5280860043067b9ea7d9b7edbe62e1c4cc166f5625499a1527c47f2bdc82d,retained-unmodified-source,individual-semantic-review-pending
src/ogdf/cluster/sync_plan/SyncPlan.cpp,70a07cc7fc7fca4773f291157e558060b115f50e,3fbf13c6305065239a84af0580b35f09c9536d89e1ffc4bc5ffd9c958ea6e8b9,retained-unmodified-source,individual-semantic-review-pending
src/ogdf/cluster/sync_plan/SyncPlanComponents.cpp,67899a8c4d7ce8dad4f2e11d67cb897c13454ccb,98d57d7b758aa295d4574f43ffa5f4381dd063cedcb1a4b0c4b654da0777bfab,retained-unmodified-source,individual-semantic-review-pending
src/ogdf/cluster/sync_plan/SyncPlanConsistency.cpp,763cd696af70d5427579309807f9e3c0354592fa,ba1f366d54a9df5cd8935a792840a5208e5f407c9c3cae26f84c118dae9c382f,retained-unmodified-source,individual-semantic-review-pending
src/ogdf/cluster/sync_plan/SyncPlanDrawer.cpp,b7c3bdf1b8cb33123856970040f78410429b4ebe,dced097a179c06599121d1edbd9b95f0ffc09a4dfa1bacecdd68c63093f26004,retained-unmodified-source,individual-semantic-review-pending
src/ogdf/cluster/sync_plan/SyncPlanOptions.cpp,e9a68248662e306affbcc94f5abb9f1c89f17726,d6c258bfe1339a15a2b9211cb62c1bbe3f0998643de3893cacb385cac8f2d66a,retained-unmodified-source,individual-semantic-review-pending
src/ogdf/cluster/sync_plan/SyncPlan_ClusterPlanarity.cpp,d04ac8a93462bdd8dc84acf06ce628196790e86e,7b176b7d4fd131ea2e620493d948e2f974d6916da7696bc530bef70e1ee47a9f,retained-unmodified-source,individual-semantic-review-pending
src/ogdf/cluster/sync_plan/SyncPlan_ConSEFE.cpp,0b15a7990d4685aaa1df92b45553bd2370cadf53,bdcbd14dd10e05bc205ec4bc6dbcac5448deb565ed78cf0a48d22363960d8a1f,retained-unmodified-source,individual-semantic-review-pending
src/ogdf/cluster/sync_plan/SyncPlan_operation/Contract.cpp,5f3497b7bae7320001ebd878a2bf72d68112b069,754d37df99eb7b63be9f8a47124ac6110d3ef7bb0748ad50898ca8b1866f884f,retained-unmodified-source,individual-semantic-review-pending
src/ogdf/cluster/sync_plan/SyncPlan_operation/ConvertSmall.cpp,dd7c7f61c9f8f4e2f2ecc00d9b6239e08c665a1e,3783397fcd87083813ad2bdef5975176080e606d7286bd3af2c256bd5b3e0e27,retained-unmodified-source,individual-semantic-review-pending
src/ogdf/cluster/sync_plan/SyncPlan_operation/Encapsulate.cpp,5117fcaae7bd55d2eccfe4a9d71635d1ec2828f7,12af5c663b7ed25dd55655b6b86f395fe7ff25ebc540d9feb4e6f49d3c413296,retained-unmodified-source,individual-semantic-review-pending
src/ogdf/cluster/sync_plan/SyncPlan_operation/Propagate.cpp,24446275321f72d7381e93f7e72f27d2bd1c7378,c13370f71276d8c4e474aad83d7a285d143ec494910bde8f5dba17cea1d938af,retained-unmodified-source,individual-semantic-review-pending
src/ogdf/cluster/sync_plan/SyncPlan_operation/SPQRBatch.cpp,a6125987054b5962cd15d8c096bf81e6427cc355,754b67dda88994ff881cdb2cb580308211ceff2611bc4ef2b49c69848c658e87,retained-unmodified-source,individual-semantic-review-pending
src/ogdf/cluster/sync_plan/SyncPlan_operation/Simplify.cpp,8ea5d478b59064ef8e2679827e1a34aa21811f09,a592b2b62f498b9ebc2bffdfb0b5d0b30741bd44c34e7a739762134123279a56,retained-unmodified-source,individual-semantic-review-pending
src/ogdf/cluster/sync_plan/SyncPlan_operation/SimplifyUtils.cpp,02ad7f1199dd0f8d81c1e85d75df6d1dba4bb4ee,3524c4e8710c0ae194e6defa070bc97464f0a250796b868e1e74af748a06b7f7,retained-unmodified-source,individual-semantic-review-pending
src/ogdf/cluster/sync_plan/SyncPlan_operation/Wheel.cpp,4899af717cd5882b921d5f788840124079c40103,19d1d7e7a96ed0f6ee38e82d7dc379bdc8d86fcbacdfc4ccfe3cc02523015541,retained-unmodified-source,individual-semantic-review-pending
src/ogdf/cluster/sync_plan/SyncPlan_solve/BlockEmbedding.cpp,ef8c0671ac5129f2c21d4460b591c476855ba7c6,bb6e118c243235d251651a274f04b67a907d54f70089738feea761533e5f4f5e,retained-unmodified-source,individual-semantic-review-pending
src/ogdf/cluster/sync_plan/SyncPlan_solve/Embedder.cpp,fa7d9c03239e30b719b0a9af78c01520dc8d48e6,bb32800e863bb6989416d77b37c4e8f157d3f1bffca036e49f2c185c2a3eab67,retained-unmodified-source,individual-semantic-review-pending
src/ogdf/cluster/sync_plan/SyncPlan_solve/MakeReduced.cpp,876fa41077cf47456a72c02d511abb74c036d475,d3b41e9abc50276784e7dce6b6e248a346682776838e28bec19700b5fc00caf9,retained-unmodified-source,individual-semantic-review-pending
src/ogdf/cluster/sync_plan/SyncPlan_solve/Solver.cpp,037558977ea9c255136b06bbd4bd3a8eee644167,f23197ae3c1dd5c74e935b67e26de38d478f131b9cac25c33202cad1d41fb11d,retained-unmodified-source,individual-semantic-review-pending
src/ogdf/cluster/sync_plan/basic/GraphUtils.cpp,8d65a36400273c98e1b0a1152f903db757237df9,f0dbf43a9726caf615fed25ac5070c9ca6b151eab694a487e4e44a4a1e34bbf6,retained-unmodified-source,individual-semantic-review-pending
src/ogdf/cluster/sync_plan/basic/OverlappingGraphCopies.cpp,011dacda1d2e7f2ea95bbcd3bc593ab2e564649d,eeae026e8dadeff51838889dc1e24dd9c3cb1d23c18055e642f2ee2c07dd1415,retained-unmodified-source,individual-semantic-review-pending
src/ogdf/cluster/sync_plan/utils/Bijection.cpp,322c00e65541616acad0ab5678b51dd8e9440708,8b57e7c3699093240682d32e2c617cef5a7dcd38e24ffb00f30a65157ff492f0,retained-unmodified-source,individual-semantic-review-pending
src/ogdf/cluster/sync_plan/utils/Logging.cpp,92183cc7797435fd6af0dece82d7be8dffcbd9cf,cace0f81771fa6f65c71c4c77ccdaa9e1791365b7e8926de3fafd0b20ea084d7,retained-unmodified-source,individual-semantic-review-pending
src/ogdf/cluster/sync_plan/utils/NodeSPQRRotation.cpp,04c91b3930ab85e5b507add54e4a65423c1588ae,db27107986e3ac4e56ae06483df3b88cfffc65ed86312d029b485fcb28356945,retained-unmodified-source,individual-semantic-review-pending
src/ogdf/cluster/sync_plan/utils/NodeTricRotation.cpp,5bf8224773ff9cd60bea4766b6cd53eb5ebca5d2,a0a808de8f3ca63c5e9320e014f3f8cff9c32d57aee1eea1e9afff9d98598f26,retained-unmodified-source,individual-semantic-review-pending
src/ogdf/cluster/sync_plan/utils/Preprocess.cpp,0dbd7cacb15caa5d677cb4a31ce70b01fd33781a,dbd299fd5ca7d9dba211c99ae6688fe42acb5307f44ef621ae6163b73cdeb22a,retained-unmodified-source,individual-semantic-review-pending
src/ogdf/decomposition/BCTree.cpp,975b3de18f5f874efd6b4bf0f3cf2ad41a2df1a5,424f4240ccd3cf71e049e3dbed7a5cbba177d295637700a16356b633344b092f,retained-unmodified-source,individual-semantic-review-pending
src/ogdf/decomposition/DynamicBCTree.cpp,59f211b676a09b8e1e56d99b7ca4d1b559f9246a,3815f441bda4c856fc56b63661979631cb1768543e1001071d409ecac5a71f41,retained-unmodified-source,individual-semantic-review-pending
src/ogdf/decomposition/DynamicSPQRForest.cpp,14c38d7c790739b62429c03c34a1d7ec7582b12c,b001ef73952b1080868eb3221787b2fc1cc5be3ccbd0d63b2c1d04618c45d13a,retained-unmodified-source,individual-semantic-review-pending
src/ogdf/decomposition/DynamicSPQRTree.cpp,32b1425f8edd177f9a7fa2e5b84180f9be7851d4,25717f0edf9ae7f9506b0308517534e1a7bc5ad6b1fd647e8d27dfef07a2e659,retained-unmodified-source,individual-semantic-review-pending
src/ogdf/decomposition/FourBlockTree.cpp,5e80e497372fdab48ed4b8a960633244773bbccd,34bde4a4cb13a7724344f32617428014faada3d413bbca2bcf1265a92eb18ac8,retained-unmodified-source,individual-semantic-review-pending
src/ogdf/decomposition/PlanarSPQRTree.cpp,eb0e61832f7738249b1292882ae4d81ba80f277f,4fc536eba2173e31538e826839e3d61976490964a91fa67ea43e741aaa3bd774,retained-unmodified-source,individual-semantic-review-pending
src/ogdf/decomposition/StaticSPQRTree.cpp,aaa7fd1b5f7102fb3864c9c7662c616a170c5dec,bb76dc57b5b2ea89e9107ffe547f481d363cab71131ed1862ccead80371e6c95,retained-unmodified-source,individual-semantic-review-pending
src/ogdf/energybased/DavidsonHarel.cpp,d34aed05b93e373ce438a51b0fc55202d548bfb7,7c841f2869568a143164b4e8b67a99bc3b19cbcc524b2ea3e75ae40c66e12c62,retained-unmodified-source,individual-semantic-review-pending
src/ogdf/energybased/DavidsonHarelLayout.cpp,595e050960390822ce632237e2a62e961e75adcc,07891f962e3df776201c5f28e1c0e616414706ba690213fda5da2f0a8a5c6d66,retained-unmodified-source,individual-semantic-review-pending
src/ogdf/energybased/FMMMLayout.cpp,c3d94bf60f9f1f46697d5e5ad0ce6ba32fffe041,f706db365bbe07a0fdbe45ddeec3f8806e0215aa137e46f4ac104083ba303517,retained-unmodified-source,individual-semantic-review-pending
src/ogdf/energybased/FastMultipoleEmbedder.cpp,9dc8384c597999d6b77931cbd8706daa22d39d50,f199b9fb985dd80dd11a0c5ea2bf288fcb76119d43bd18fbaa0f6943d049330a,retained-unmodified-source,individual-semantic-review-pending
src/ogdf/energybased/GEMLayout.cpp,d61ea275713ad7185b4e6a8fe866e81e5c672623,e0ae91af3da0d737d883578cdd726028dd015bb290c83d6373fe46b9959ca793,retained-unmodified-source,individual-semantic-review-pending
src/ogdf/energybased/MultilevelLayout.cpp,276d5cf50557da48904b681a4a50027fa2c9b25f,2253578e9bacba597ee51cc5d71342618a118903871126cdf689857a89e539cd,retained-unmodified-source,individual-semantic-review-pending
src/ogdf/energybased/NodeRespecterLayout.cpp,9be03c6c24c1392ddbc6044327cf45d70c8012b0,60507928be0aebb0bb4e4752482615420a609c0bfea9d36636e9845d66aa38c9,retained-unmodified-source,individual-semantic-review-pending
src/ogdf/energybased/PivotMDS.cpp,b1546dd40f068db944e375046bd3c0d85925510b,36af5c9b39a36e2de6cd3297e0960fc1819cb1654a35fb75fae48843c689c443,retained-unmodified-source,individual-semantic-review-pending
src/ogdf/energybased/SpringEmbedderFRExact.cpp,ff08dea8ab4a46cddf440d77c045a5c88eefc7c2,ea5699483b8939056b35472d85db6a401cd974ebfd2cad2c510db0b142713c67,retained-unmodified-source,individual-semantic-review-pending
src/ogdf/energybased/SpringEmbedderGridVariant.cpp,680304627b96b5376aa9849623ace853c632a03f,0bf403a5df75f87a81bfba73467ac6d1f10076424a338f767d6911fc4d2737ae,retained-unmodified-source,individual-semantic-review-pending
src/ogdf/energybased/SpringEmbedderKK.cpp,a8026ab27da351d718f29e3396e3690e147f4bbc,e0000222bfd7f8cf07a399430395b331b15389d99b1a23a3e83354b4cd86ec17,retained-unmodified-source,individual-semantic-review-pending
src/ogdf/energybased/StressMinimization.cpp,4f0a6c156d29ca6b09548f62a754ab5ba49434b4,31ce17668a7fa4efaba016271751742280756284492049fde12b08e7f734345a,retained-unmodified-source,individual-semantic-review-pending
src/ogdf/energybased/TutteLayout.cpp,e88d247a4ed801d34831dd008412f4df7284f016,73550c61322c67b4c5f3eaa55190f9b52ab6a3ff23656058db02ef7d6c2a4d24,retained-unmodified-source,individual-semantic-review-pending
src/ogdf/energybased/davidson_harel/Attraction.cpp,6c45f4eec1a181fe75b8c144e0949e072090a63a,5f2a9ed0bcb7d7a752c924a3184c327f05b17d1c55a1d656fd2c48ef32a62d36,retained-unmodified-source,individual-semantic-review-pending
src/ogdf/energybased/davidson_harel/EnergyFunction.cpp,75288d06699fb16e6120b470c1f4715f073aa1ed,f7e2bbb095395c6bdf0bc5bbd7f1cf31bb162c5352ba93f2e114095be8de84c1,retained-unmodified-source,individual-semantic-review-pending
src/ogdf/energybased/davidson_harel/NodePairEnergy.cpp,dd8cde773cca311050699b409d0052569508f53d,3a2c71b5b994a53213dbc6b6cbbcaac9b0f93f0b0040cb3552fc89d07f5ca32b,retained-unmodified-source,individual-semantic-review-pending
src/ogdf/energybased/davidson_harel/Overlap.cpp,2e3bd01a9ff3c74917fd63350f8b6a78504f554b,e9e9db0a55ac10f13a6a8ff02d38cda0f413e610bec8cc67470ade2ff898a088,retained-unmodified-source,individual-semantic-review-pending
src/ogdf/energybased/davidson_harel/Planarity.cpp,73577f4a2411f58f88f06acebef5ee6cc00aadb3,efbfc798f0f302931c266e4a2bfa52b7650b2180746a6ff68d691c7b084df163,retained-unmodified-source,individual-semantic-review-pending
src/ogdf/energybased/davidson_harel/PlanarityGrid.cpp,6dd5a720d521730d4ae6c91966d5038bf5d35c5f,e4a50866603801e56b13f93136321d7a78118ec4ae31afc5de9dfdcc3b58dcae,retained-unmodified-source,individual-semantic-review-pending
src/ogdf/energybased/davidson_harel/Repulsion.cpp,455fab87804ef8637389ff5358f059cbbc0bed6b,73c7a02793f01b8a003e927b18b592c6e4ddc086bf25a5ec285b2ff209ab1f83,retained-unmodified-source,individual-semantic-review-pending
src/ogdf/energybased/davidson_harel/UniformGrid.cpp,dd1bc7d5e3bc6c49ec487c7a870513fb2e7afefb,ad731cef253404af096dcb3dc3103e56090c9d9e91d58fcd44c4a883ff673489,retained-unmodified-source,individual-semantic-review-pending
src/ogdf/energybased/dtree/GalaxyLevel.cpp,52addfe3096a82378cf6553f2c2438e0b29d14d2,a68032c0cd6acce20fdd18ccb7418d3c7e0b7bee64ea3ed74587607ad73eb457,retained-unmodified-source,individual-semantic-review-pending
src/ogdf/energybased/fast_multipole_embedder/ArrayGraph.cpp,63a4542e2b9c97439aa6591c31999ea6efb22980,b950b677f921b0486ccdd4bc9a4e7a3b7a8f548126845ffbd79ec3a1299080bb,retained-unmodified-source,individual-semantic-review-pending
src/ogdf/energybased/fast_multipole_embedder/EdgeChain.cpp,68fba82164d90344eddbb20e85b24bb1928bf1c4,14d4d988f750326a6892237f81c2fb7612804543915045a2c9748eec35c7b937,retained-unmodified-source,individual-semantic-review-pending
src/ogdf/energybased/fast_multipole_embedder/FMEKernel.cpp,85b178806294de7889578786db78ed4270a54189,b2a1b0ab49c88d15fa1d212870e6e8496b240f430aabfdc84413b5a7853ccc7e,retained-unmodified-source,individual-semantic-review-pending
src/ogdf/energybased/fast_multipole_embedder/FMEMultipoleKernel.cpp,891ce2fbec3391642b32cd27df2bbf344afa9f9e,040e4a37be8ab9e74dfa22abc5705448e1b0992f07180581020e10bd0e9669d4,retained-unmodified-source,individual-semantic-review-pending
src/ogdf/energybased/fast_multipole_embedder/FMEThread.cpp,bb3b8ecc81222b976f9bd35ee674422823b7aa87,62eeef89d1a270cd936a6c0ae7a66ce040042b24417f34d29f6748f99be531aa,retained-unmodified-source,individual-semantic-review-pending
src/ogdf/energybased/fast_multipole_embedder/GalaxyMultilevel.cpp,7fd92c70d69aae029e66da67ede4673cecac53b5,1975df74a8226ab43f7d9fd76ebffeef9e05e73e9e2a69b20ee2efa8c6d690c8,retained-unmodified-source,individual-semantic-review-pending
src/ogdf/energybased/fast_multipole_embedder/LinearQuadtree.cpp,8e7634c8a156f3518adb305c4681905535ed2893,03286274cf39ea18fa9ed24a44e567c6d1424c675f3c24c1d650f0811230a840,retained-unmodified-source,individual-semantic-review-pending
src/ogdf/energybased/fast_multipole_embedder/LinearQuadtreeBuilder.cpp,f3cdb083fef7c84b8218284ea303b4af6ec7e146,c7112fb28dbc532096cd6f663659353b0a23b0077eec88ed9b2b8835d5d0079f,retained-unmodified-source,individual-semantic-review-pending
src/ogdf/energybased/fast_multipole_embedder/LinearQuadtreeExpansion.cpp,2fd72dd73f2612c57a92a0a7c6c43971373cc95b,8407b4d75fe83b6cf41c72b1e8eabd4191295d66c8f12a1801f23aabe50704bd,retained-unmodified-source,individual-semantic-review-pending
src/ogdf/energybased/fast_multipole_embedder/WSPD.cpp,4459c5e7ab532aa6d095929485c443ca58614642,deeb53be5ebd17b086041bcbaf654cf4d6e3f91f6ed0b6136b90de1a1e307a60,retained-unmodified-source,individual-semantic-review-pending
src/ogdf/energybased/fmmm/EdgeAttributes.cpp,5053a9949cf25668ea103e3cdb93424fe74ca0fa,015a4d8bc0d4dea432f99f80c6518bf760049f2b5b648a8ce6c5aa569ed722ed,retained-unmodified-source,individual-semantic-review-pending
src/ogdf/energybased/fmmm/FruchtermanReingold.cpp,c04ac10d4da98728d8c9d7daa35d45739716dca6,de559ab8ad3fde60a8d41141fc8807ed39e4b1e0947efa9a7352336a12db2eb9,retained-unmodified-source,individual-semantic-review-pending
src/ogdf/energybased/fmmm/MAARPacking.cpp,b073fe88f46a29475c509a79970c8bbb43edd8f6,41d3e84b51b1d2f8804d1013a31938f9346ae08be20ef382a3a77e351e7cdde2,retained-unmodified-source,individual-semantic-review-pending
src/ogdf/energybased/fmmm/Multilevel.cpp,b4bfd2b782a22e04cea879bec3697650854390e0,7b8ed891408f0579e01d1f9e133cfccebeee64c2ecbf26046efac009be76f1bf,retained-unmodified-source,individual-semantic-review-pending
src/ogdf/energybased/fmmm/NewMultipoleMethod.cpp,a9e5be24b9136c4bc061c9828148b2f1dca93918,4d8b3781d85ca8465fc3cf1d4b62ec8b3256ec86d20f56ab24d2f3f68161a7b9,retained-unmodified-source,individual-semantic-review-pending
src/ogdf/energybased/fmmm/NodeAttributes.cpp,8e5d2b61dd2192abefe369790d37e89f1c0e82a5,f38fb9e7fbebd6c130d248db0ff53683516c9c4d6897a175cb0f2c9e6fca7d84,retained-unmodified-source,individual-semantic-review-pending
src/ogdf/energybased/fmmm/Set.cpp,d9e446a638823e3fb9162722d41c8645eb68c7c9,cc3316b3787e1a02df36154fa9f5187e190c4e1c717406740d6e543fce8d911e,retained-unmodified-source,individual-semantic-review-pending
src/ogdf/energybased/fmmm/new_multipole_method/QuadTreeNM.cpp,1258c00c78cd73531ad2bf2cb1c3b8db596f7c9b,3ec46e2decf51813dcc3ec936e878ab28320165005b097fd96a71368419cc25a,retained-unmodified-source,individual-semantic-review-pending
src/ogdf/energybased/fmmm/new_multipole_method/QuadTreeNodeNM.cpp,f7dcc03aa4206f2209b37b416b9edf7615b9e0b9,d30a3914f6893df256618fe876acde38ece59b05228c949dd5a8265961f180e3,retained-unmodified-source,individual-semantic-review-pending
src/ogdf/energybased/fmmm/numexcept.cpp,cbdba662db4cb2d80ad9257ed4db09201a783268,6e4390dcf91088b9f12767c6365668eac6e911adc27c42194c95c055d4695565,retained-unmodified-source,individual-semantic-review-pending
src/ogdf/energybased/multilevel_mixer/BarycenterPlacer.cpp,e3498ee941d374ffbcf0d8f9885113a1f445a991,fe458ca778d707b8b5d39c97a1a74bba76554f7945bfa1e1afc318ca2d9f472a,retained-unmodified-source,individual-semantic-review-pending
src/ogdf/energybased/multilevel_mixer/CirclePlacer.cpp,41fbe13ef46a8bb670ed63c793ba2254310796b5,d868a85d4167276e550346bcdcea2a98944569df2374988946f59ee8d2cee860,retained-unmodified-source,individual-semantic-review-pending
src/ogdf/energybased/multilevel_mixer/EdgeCoverMerger.cpp,8a46a0e4230239a077e4f2a9b7558bf6e1c11da8,9e0044716c64708b37a14f797dff14dce23a8d9ccc51094d7246eab3204c880b,retained-unmodified-source,individual-semantic-review-pending
src/ogdf/energybased/multilevel_mixer/IndependentSetMerger.cpp,4a105a9ac6366d01e18d7d171791e856c3ff6aa4,0786c74c404696fbc2a75904b6dd13b31e2fd14a738d62ee98332aac513e02ab,retained-unmodified-source,individual-semantic-review-pending
src/ogdf/energybased/multilevel_mixer/LocalBiconnectedMerger.cpp,c603f270d6a43ad39b8792574139b618ab63857c,7140a36d9052087d803407b25f181e6bb55d7eb4fcf633e9c757cd7202e64e5e,retained-unmodified-source,individual-semantic-review-pending
src/ogdf/energybased/multilevel_mixer/MatchingMerger.cpp,0b1dd932f9f8148c9ec255779d4ec2bd273356a6,acf746cc3d3882faaef447aa0237d573550e55465f78bc03e0895ee61b52467b,retained-unmodified-source,individual-semantic-review-pending
src/ogdf/energybased/multilevel_mixer/MedianPlacer.cpp,52ad9a392bdb4f67e64edfa705c82b7e495364dc,02ce7032881ebdd3bffa0d1f34a50a23afbb931ed0af24ae90be62fc5d68f692,retained-unmodified-source,individual-semantic-review-pending
src/ogdf/energybased/multilevel_mixer/ModularMultilevelMixer.cpp,8856737e14af0ff193931dbebaa5881c98f121fa,3cd97378716f7da1ff21e96235b01219c9bc8a61dca42679c42f43035b8c9b14,retained-unmodified-source,individual-semantic-review-pending
src/ogdf/energybased/multilevel_mixer/MultilevelGraph.cpp,9534549989b02d2e7ff26179c2f17d38a3572715,4e7e6821b0cec9eb0cc10b535fc90ccb7614178238be3ef1b0181148488c22e6,retained-unmodified-source,individual-semantic-review-pending
src/ogdf/energybased/multilevel_mixer/RandomMerger.cpp,08149524a7c24021fe3fc52a4b9bbd4c90629204,229fa2889055e81eefb1e5729d8a92cf17dd2a65a9d6083f63ffbb3479261995,retained-unmodified-source,individual-semantic-review-pending
src/ogdf/energybased/multilevel_mixer/RandomPlacer.cpp,38b29434c4a986048e6c27ca758b8fe2b2305183,2d3b0d8d579885387df91fa7a23201bb64874629a3c6978270e111e0cf6cdc02,retained-unmodified-source,individual-semantic-review-pending
src/ogdf/energybased/multilevel_mixer/ScalingLayout.cpp,772a580a6103796fc71a5822be2bee468ac9af00,34bfb8157ed00143932269a50bb0c1f70cc4ba91c8b82ac0f0cc549506d58318,retained-unmodified-source,individual-semantic-review-pending
src/ogdf/energybased/multilevel_mixer/SolarMerger.cpp,0a9cc7c8e2257be4d6bef75e8ef7e6e30c7a51f4,49e8be46f7e7699cd71249d7dda0460607ae924720d74ae333db68c76b84c92d,retained-unmodified-source,individual-semantic-review-pending
src/ogdf/energybased/multilevel_mixer/SolarPlacer.cpp,d7cce326256cc5c53e22460491db7e226015cd4f,8732dffb455e62dc19f13701e20d94188c4e9cec322278f2eab306060bca6571,retained-unmodified-source,individual-semantic-review-pending
src/ogdf/energybased/multilevel_mixer/ZeroPlacer.cpp,3792dc3f961007966885172415d6c063835076d6,c847aac8170808475569ce9db00aeabded68497df613ace5932add2f46548882,retained-unmodified-source,individual-semantic-review-pending
src/ogdf/energybased/spring_embedder/SEGV_ForceModel.cpp,598e07e9518469e3494009688dcccaaf8cdb1cba,9f48ac13d421370dfba088439ce2564c95e34901d69f160d15a959437232f6b1,retained-unmodified-source,individual-semantic-review-pending
src/ogdf/external/Minisat.cpp,7321a01d83f9a634327fad6b6523e7a935165295,6477b1afa08f7a218f4e7da6eddd9fbdd21fcd1c4fb38762dd2af83fb6ca535d,retained-unmodified-source,individual-semantic-review-pending
src/ogdf/external/backward.cpp,5bd47d9e47e3dcc1d4acdc51ec3706ae82c12a94,c7b0f0000b8919d6e3eade7129e2381a960b5c6703c96ada25b42e011d579833,retained-unmodified-source,individual-semantic-review-pending
src/ogdf/fileformats/DLParser.cpp,c6fe69b221acdcbe4e64715e4470c7c9a9ea4718,c4fc0377a2b34cd1cf408fbcc23d2d8a32aa1acf93cbddfa8ecededa9e9904e5,retained-unmodified-source,individual-semantic-review-pending
src/ogdf/fileformats/DOT.cpp,b48b7863ba9757652e019b5c32679c19cc1e7261,748385d5888a17e476f20e150ebd835bfaf270eed465e0fe2f60058f41275b40,retained-unmodified-source,individual-semantic-review-pending
src/ogdf/fileformats/DotLexer.cpp,fd7fa20b819519d7953ed78d16367c78de1bdae6,352c3a63c6e939f051e1db869e2eca3432a9a1eb3ff32b640b3d5e509ee2773b,retained-unmodified-source,individual-semantic-review-pending
src/ogdf/fileformats/DotParser.cpp,98ef95e69024a9b598d9c14853190a7608a547e8,57b80c782a29b478ec786f6472a20c9ca2903300a2655193bbfc63680fb17e16,retained-unmodified-source,individual-semantic-review-pending
src/ogdf/fileformats/GDF.cpp,50f66a8da584025a72846e9ad5afdba3fe0bd071,a64aa3a31008034544f0ed2b3b795ad9872cc392183504d40849919b236c5939,retained-unmodified-source,individual-semantic-review-pending
src/ogdf/fileformats/GEXF.cpp,965ba2f719c2c75949ac83ced2bbf1f3e8ebcec2,ff564f54c7f4e6d10a70ae1443985d8aea346efd3ab1e04cf898467f468bd072,retained-unmodified-source,individual-semantic-review-pending
src/ogdf/fileformats/GML.cpp,0e635ac35d3f2809493012817f3e350d20fa586b,b1f49fa78999035af269c3a92ada6ecacfcf42ed914fa7ec057c7498c826ca33,retained-unmodified-source,individual-semantic-review-pending
src/ogdf/fileformats/GdfParser.cpp,29a5e29f3f83680400e9cc82370faa78f0ba491c,2753cdbfcbe87923988b479ff3ba7e917406111762cdd48323c817b71550051c,retained-unmodified-source,individual-semantic-review-pending
src/ogdf/fileformats/GexfParser.cpp,dbdf5307488533490e8e75a24b5bb43e990d0d8f,4c1f7025b24c556774632067eb23b34df958e66025260ffc65864fdcfe4b3f3f,retained-unmodified-source,individual-semantic-review-pending
src/ogdf/fileformats/GmlParser.cpp,31eaa10c7bafab96e38da10fa551fea31c26fb71,deaa7bffde277240cc277b1efc2cb223a82e166134498bf3b01929e9b75c7b06,retained-unmodified-source,individual-semantic-review-pending
src/ogdf/fileformats/GraphIO.cpp,8c7d0e3cb847421cbee96f3210a60ff84ab7b9e8,2740c0135c5e2eb185077e5fabd196cca09311bee5536b40d64f1bd3235bde3d,retained-unmodified-source,individual-semantic-review-pending
src/ogdf/fileformats/GraphIO_dl.cpp,3a9fdc39a75dc62ec6dfc4a58143b50e3f2bf8b4,7f31bf4264d0bb710e5e284f2493646ec4f23b8b4bdd7ad703721c66b3e62a3a,retained-unmodified-source,individual-semantic-review-pending
src/ogdf/fileformats/GraphIO_dot.cpp,cb540961fd1ec2b150818871abd163355204345e,67b6067681d99581e1aee2c6fb1c3c86d38625f8d0607990096daf00d03723a9,retained-unmodified-source,individual-semantic-review-pending
src/ogdf/fileformats/GraphIO_g6.cpp,a57818f2b58bf0f02fe43d55027feb9f64dd004c,4ede605591d38c2199b62edb19873d2721b058b908cdb1a969b2a5e614196bbe,retained-unmodified-source,individual-semantic-review-pending
src/ogdf/fileformats/GraphIO_gdf.cpp,cc06fc86c127c20d6a8174b8b86801420b140581,b6db2216cfeb2f225b618fb947236d1911aea84be82bb4040777a255a1414b86,retained-unmodified-source,individual-semantic-review-pending
src/ogdf/fileformats/GraphIO_gexf.cpp,1ac3582e39d0e73913fd8c2e7317d1028cd279ce,a8249d1763e5187930761c2f5c90f86758e45a33870c1101cb2a513517bbe7ba,retained-unmodified-source,individual-semantic-review-pending
src/ogdf/fileformats/GraphIO_gml.cpp,a5811c978e7fcc7aadeab79713533ce88694bbea,b8d71a8b1db6db1285241aa3f30520f3de7ce9702733a25181a51027a4817a70,retained-unmodified-source,individual-semantic-review-pending
src/ogdf/fileformats/GraphIO_graphml.cpp,5c7d3d0fdcf097cbc88f4308eb5e4ba3ff747232,664f1ceba422f607fc6bea39369337d3f0224ff06ea6ae9e70baae3ff19c598a,retained-unmodified-source,individual-semantic-review-pending
src/ogdf/fileformats/GraphIO_hyper.cpp,11163b718cbf12fd2f34901a3b54a8a471972dd8,d615ae1b0895b00c892eed14d191b2ebf6bee665d9dbdc50e6bb533f31fc061f,retained-unmodified-source,individual-semantic-review-pending
src/ogdf/fileformats/GraphIO_leda.cpp,6f3ff16d508b45e26ae9cb88dfbdf894bc7e28a3,362c8842acf81f5a141cbedf0bb46a088fac1018e34c868850c3bfa3b3f1c285,retained-unmodified-source,individual-semantic-review-pending
src/ogdf/fileformats/GraphIO_tlp.cpp,2b9e78cf7f60a7a38357fcb7e245ae9b2721791f,906b240c2cccb7c06c75ab5bc0b44df28b3e5cdae7c5d1ee5951a3f1f852d692,retained-unmodified-source,individual-semantic-review-pending
src/ogdf/fileformats/GraphML.cpp,4d0ff5b815dbaaefc98d75dbc22eb67a4a811036,da30a51378d90c7ba3bbb8e0ed10318c8e2a1cc9fdb51d67cce8af482b315146,retained-unmodified-source,individual-semantic-review-pending
src/ogdf/fileformats/GraphMLParser.cpp,18a2cd16c4e29dcbddc291fde6e9275eae2a3b52,0d50e246e5e82d6df93f36987646c222031394cb0381883835ff91ca2e13412e,retained-unmodified-source,individual-semantic-review-pending
src/ogdf/fileformats/SvgPrinter.cpp,80848543ad7af3e1f001c5c46dcf83754eb5d10a,d312607609567552938a31e641ac793dc32fc6a353a28febc2e3fbe129beb041,retained-unmodified-source,individual-semantic-review-pending
src/ogdf/fileformats/TikzWriter.cpp,1e6c9ca4056c83ef400a2902aa712e7f393d5671,555fa8bc1b0ffef5c39f72c5e451b6327488b4acf0c47c845f42c01288e365ad,retained-unmodified-source,individual-semantic-review-pending
src/ogdf/fileformats/Tlp.cpp,593578d112ef23334338e3ca25166b98b87bcd4f,870084d7361b880b23b9e9efaa069bfa728484c170ff449fd302356b6c2af057,retained-unmodified-source,individual-semantic-review-pending
src/ogdf/fileformats/TlpLexer.cpp,b81733e395848db1c36eaeba606d139547dcc259,5b1c226d4109f219900bee5eec00087b7f0052cf3d6981eabf9bfe40662dd9a1,retained-unmodified-source,individual-semantic-review-pending
src/ogdf/fileformats/TlpParser.cpp,1e829dbc817312608fd35aede2ea290def0c417d,8030a18b85211234e1e05973f5b1a282957b942ad25af62d2af88ed87d1f6410,retained-unmodified-source,individual-semantic-review-pending
src/ogdf/fileformats/TsplibXmlParser.cpp,ecb949fac9941e5a1ef072ce4ad96b47a48dacab,2d0c978ce7fb2b8685a8ead5366fb70b517ad8b0c4e143edfca8ce45d372978d,retained-unmodified-source,individual-semantic-review-pending
src/ogdf/fileformats/Utils.cpp,b1dde96095d2808afe6879eb107f736d9b5d20be,d261c9b744c4aa196ed2b02f9b9fbd86a7422f49303a3dc094c38fb7f8ffc1e1,retained-unmodified-source,individual-semantic-review-pending
src/ogdf/geometric/CrossingMinimalPosition.cpp,447cfe4210551d62b5ed7d009c2b71c088c85592,e2cc08711acae26f7e7ef85edd667359fcff4fcc20dc9529b043fc4b6d058a4f,retained-unmodified-source,individual-semantic-review-pending
src/ogdf/geometric/GeometricEdgeInsertion.cpp,e0b327058e141fc9ca212c7e4e7ccd5cd7bf41a3,1a174277ae9ac9d2733f8c6a16d6306c1b69de5aeaffec25b24f9f73049c0304,retained-unmodified-source,individual-semantic-review-pending
src/ogdf/geometric/GeometricVertexInsertion.cpp,219f9ec4750e859482ee923bfe0f132cedc65a00,2b08f04ebe37934d2ee3d62b183152590579cb1f63818351e91bc259078d10e4,retained-unmodified-source,individual-semantic-review-pending
src/ogdf/geometric/RandomVertexPosition.cpp,41981ccdf10e1e57ac9b72766ee2965f4c26ad01,4eaf5cbf1babe1d23dc792dcb7fef0a9c7f326c28f62e06d7cb0e96cd08c4cf1,retained-unmodified-source,individual-semantic-review-pending
src/ogdf/geometric/VertexMovement.cpp,45ecef999871378645b8b42f89e438705b46f6d1,45fff6e70477badc969e375fcb06c8e8f934b8747ddbb96b711df1291d5223ce,retained-unmodified-source,individual-semantic-review-pending
src/ogdf/geometric/VertexOrder.cpp,ec3f110be7bf3c326d95e805f3530199ba393b81,71074db5aca471ad87510169c9e95d135ceea1a7d8cf34fefe5d388f6c8c42f3,retained-unmodified-source,individual-semantic-review-pending
src/ogdf/graphalg/Clusterer.cpp,5c980297230d396ac8f14131f41d09ebc3c17fe7,102266ed8db63a9ba0baf817425375e01ff229ea719cdb0b28aef823dedf996b,retained-unmodified-source,individual-semantic-review-pending
src/ogdf/graphalg/ConnectivityTester.cpp,fcb3f7d2464a11b13b0e5bb501e5d83ddbf1e317,5b66b6f953976d8d00234d4eb2a687a626b43bc5dc5e8a0d6af52cf1ef33693d,retained-unmodified-source,individual-semantic-review-pending
src/ogdf/graphalg/ConvexHull.cpp,efa73a76496072204a5990e39567c8d9ffcbf34c,8a650dfbd5700fa50434700ed96f45cb1ffab1e67e90d4815b07f40269b03129,retained-unmodified-source,individual-semantic-review-pending
src/ogdf/graphalg/EdgeIndependentSpanningTrees.cpp,631ad696168463604f1ab630d6593f9a1f3369af,19c68ea79d70fa6b9245c4d5dd897a3b6683d9ab751f5321e1c9640fe3111baa,retained-unmodified-source,individual-semantic-review-pending
src/ogdf/graphalg/GraphReduction.cpp,966a792a9e73cd665aab5b117837c6980699e576,a217dec91412a034dcadcf1088e75e25ddb9d86196a86443215ede6774773e30,retained-unmodified-source,individual-semantic-review-pending
src/ogdf/graphalg/Matching.cpp,7028e9d44db9a733d89ef403620610813f2a9a80,803c1217229a25265cb497341bc6546619f0b9b7518dfdb359a0883c2fb8f2c6,retained-unmodified-source,individual-semantic-review-pending
src/ogdf/graphalg/MaxAdjOrdering.cpp,17fbd928935df6d12460cc5860389d205b97ef60,66000386e2addbdf41f342699019d65b2ad497d0c1df1c8cd844f08ed79f4212,retained-unmodified-source,individual-semantic-review-pending
src/ogdf/graphalg/MaximumDensitySubgraph.cpp,063b1649329a6b3a84bd921d9bd99295e4687c64,5516380743f4195a6223478e9314c967978f5d03660be42f88f6fb06c99425b9,retained-unmodified-source,individual-semantic-review-pending
src/ogdf/graphalg/MinimumCutNagamochiIbaraki.cpp,368f7ced4b58615a0e5072da863c2f0ba3cb0129,8a7919f87318543a0109c7e6adafa394350476ed91cc0180d01d5b9527d7de34,retained-unmodified-source,individual-semantic-review-pending
src/ogdf/graphalg/ModifiedNibbleClusterer.cpp,265631a4225b4dec3859c32a51baade100021c05,7663baae99fe65f4c601d1d1323770767dfccfbd06a4801da22e814d4271b762,retained-unmodified-source,individual-semantic-review-pending
src/ogdf/graphalg/NodeColoringBergerRompel.cpp,e906730fb8a7a297edebc93c19b182e290184708,a029135c1f71be87904ecd1ce71603af5ca98697ef4fe95c7236ace05b187653,retained-unmodified-source,individual-semantic-review-pending
src/ogdf/graphalg/NodeColoringBoppanaHalldorsson.cpp,97087945351b47ba791b2d51d15dc5286058cc8d,9ec00bfa6a7d3e8d473c87d558badafd802262933a8d7f46ce5999135bd09627,retained-unmodified-source,individual-semantic-review-pending
src/ogdf/graphalg/NodeColoringHalldorsson.cpp,97688c02d78d7efa7ae593f85d0f7db1318f4911,723618272b50174f7dc3e1b7fda6cea07b14b1e9639814150921599957aa52f6,retained-unmodified-source,individual-semantic-review-pending
src/ogdf/graphalg/NodeColoringJohnson.cpp,3da3aebd3d3905c9a52580acfe8a121b603ba126,f2d1d71acff40c68032d571b13d9fd67a1420b7c607753b8fd5849056d043d79,retained-unmodified-source,individual-semantic-review-pending
src/ogdf/graphalg/NodeColoringModule.cpp,1d6c31a3df259635ab5d380c8f123a25b6e476c9,c373f8d21f644e305e19a3c3cb62ae5ddd1c69f772078ecf1ced7a0b3afd49a3,retained-unmodified-source,individual-semantic-review-pending
src/ogdf/graphalg/NodeColoringRecursiveLargestFirst.cpp,c303b5fe6c8139a610248c013a3154d63c4a8d83,72e1c435906ad39828fca7b42187b16288925a65d040761fd6b5d1293225cf4c,retained-unmodified-source,individual-semantic-review-pending
src/ogdf/graphalg/NodeColoringSequential.cpp,efc96f3d8fbf75715d9ad0f0fdc33f5dbd88020c,ddcd4918034c257493f2ee5390380e23c4a29768fb37c0aefde012d3ba41305e,retained-unmodified-source,individual-semantic-review-pending
src/ogdf/graphalg/NodeColoringSimple.cpp,56f3d3fcfc821629e4e895f7615a9ee5d365a53a,31ac43642596895df9eb12597e026d93a2c01da4237cccfa8312d22110d4228e,retained-unmodified-source,individual-semantic-review-pending
src/ogdf/graphalg/NodeColoringWigderson.cpp,42097e56c845704697035832d528545e1220d614,28cd2d1e2aa0caa4019d29ab0db9c7c4d4562070aeb211c097de9aa548fd9462,retained-unmodified-source,individual-semantic-review-pending
src/ogdf/graphalg/PageRank.cpp,505e58bc9c2b963ce3cb1c0b58f5275b10755071,a9cbc8579fb6c22f77c8f9de1bbfcbe29e78d3679cb9de86999662819d3ce1df,retained-unmodified-source,individual-semantic-review-pending
src/ogdf/graphalg/PlanarSeparatorModule.cpp,df388cf00cb963be9d95b7e3030050c15c8ff0d9,299425a7cea52f78c2b0eb78fb8b7e3b872aa5600ce542419e744464a99d1f26,retained-unmodified-source,individual-semantic-review-pending
src/ogdf/graphalg/SeparatorDual.cpp,735d38b69d00488f6d40c92b8e18b81e5a22fe43,825c439311d9030485713c9678965d7d22aabfdc36034ae1c600e8670f1b5da2,retained-unmodified-source,individual-semantic-review-pending
src/ogdf/graphalg/SeparatorDualFC.cpp,5f09ee9e84404e1998eb5687796dddf805057ed9,530dc72597d646789fbaaf02121067f092afd0ec4c1556db6558c2499a956be0,retained-unmodified-source,individual-semantic-review-pending
src/ogdf/graphalg/SeparatorHarPeled.cpp,8e4aea0acd2ca092ea4f472605c9a6ecf98cc362,2494c8047d597c5192f137a23d0ae9a91289d0d39f1115caa5b6eb3974179532,retained-unmodified-source,individual-semantic-review-pending
src/ogdf/graphalg/SeparatorLiptonTarjan.cpp,3ef21810aaae283cd8e95b56ff4cd3617bd0eaa8,482b7621caf1a78d3373062b4bfe61e7816d8ef0086a3de55089df678c868c7e,retained-unmodified-source,individual-semantic-review-pending
src/ogdf/graphalg/SeparatorLiptonTarjanFC.cpp,d082301066ed077aa3bc06beb5779414e9d79499,b415b73d453eaf3c76e67209829fef17ee6f67c3857d4dfbea38db86800e45a3,retained-unmodified-source,individual-semantic-review-pending
src/ogdf/graphalg/ShortestPathWithBFM.cpp,e27f94a76d3a11c42037243b0ded860a5ef2d473,a11b54b4d5dc31cbfe7e51e30bf381385a0eba45140630e9e4ac021687f606fa,retained-unmodified-source,individual-semantic-review-pending
src/ogdf/graphalg/SpannerBasicGreedy.cpp,84dd8b28a6403261ec026750b86ee836ac6c24ed,5e5fb96dc1ac46f5f1340bae8fbcbce2daa9a4764755f4d731a710caf93f16c8,retained-unmodified-source,individual-semantic-review-pending
src/ogdf/graphalg/Triconnectivity.cpp,fb037b41bc0f2442951e82ac137705b9af5108af,cbf47a65e4352db38e7901c781e826cee215bc54967ab6853795a8bbbc5acd12,retained-unmodified-source,individual-semantic-review-pending
src/ogdf/graphalg/matching_blossom/Cycle.cpp,da391593514187773e2bce85ca05edd58db92cbf,6fbac35215e057975527926a2c5030c40b2901b08be982c7571e7612e8d675ed,retained-unmodified-source,individual-semantic-review-pending
src/ogdf/graphalg/matching_blossom/Pseudonode.cpp,b2879c57bedd5d272d17d1a00b637ded1a7cd866,f4bae46088176629fff1b9bbfdbff04fcbdc57f3ae6b4ccdbc3f3ae3f6e4771c,retained-unmodified-source,individual-semantic-review-pending
src/ogdf/graphalg/planar_separator/SeparatorDualHelper.cpp,e7c1b74ea3fcc0557cadb641d7e702ad870e6833,a3933828542e5cb4499f7c06bbfefbe8a420e9169d06dffa6b5931d68873c972,retained-unmodified-source,individual-semantic-review-pending
src/ogdf/hypergraph/EdgeStandardRep.cpp,0a9367648c4a0224229114403a93816a4600e05e,f0a0a20bbbd0d4d464b8a0e8375d5c46f4085520828d41f82cd789cf2c33b2df,retained-unmodified-source,individual-semantic-review-pending
src/ogdf/hypergraph/Hypergraph.cpp,f7008f8eca6e5d151ae985aeb2b482edd794f397,4631f38835a42ae9957c175bcc2f7e02a6160e990e0d3d6536cbc443c7504338,retained-unmodified-source,individual-semantic-review-pending
src/ogdf/hypergraph/HypergraphLayout.cpp,8f7c0d465de1fa430e7bccabca32d95dfc546c39,29d71d1adfa25d4b12b400dc06fa78cb0d0eee191c1ed4fbbc2b37ab8faba139,retained-unmodified-source,individual-semantic-review-pending
src/ogdf/labeling/ELabelPosSimple.cpp,1c555f1689fc97c37fc177469a6833e6bcdbc220,86da7de1c7a250423d04a46578962d1b8d8d4b731002dac965806989d02ebd7e,retained-unmodified-source,individual-semantic-review-pending
src/ogdf/layered/AcyclicSubgraphModule.cpp,bdd287403f228346b7e8825c146ea24fbbd4a284,88c1c93fb8af080e9761b3fcaa6b61cf1f11b8d67642a9a527493cbd20de6419,retained-unmodified-source,individual-semantic-review-pending
src/ogdf/layered/BarycenterHeuristic.cpp,0855216e5b16fb0808bb162b9ae480e2325cdfef,b2038f03c4b93443a477da2fd48ae40a159cc04847f4bfe78a69748a5617beaf,retained-unmodified-source,individual-semantic-review-pending
src/ogdf/layered/BlockOrder.cpp,d4f53fef490a7621ce47dced800afa92d6e818b0,54c3bc621bbd5359589bab0e69bbc067b229231d0f56bd9ab38e0eec4f71fb9a,retained-unmodified-source,individual-semantic-review-pending
src/ogdf/layered/CoffmanGrahamRanking.cpp,4fdfe7e3e859663037f5b7516977faf8e7d08886,18cbf53e0f6c019a02aa8285f0e4e04aa3f1a65be9ef59dc402d456409d88cd4,retained-unmodified-source,individual-semantic-review-pending
src/ogdf/layered/CrossingMinInterfaces.cpp,703f18be304884aa5ff7df680f69d7064b896ab0,9689373296da2977d954ade3266475f20c1ddd48076ffb6eee609afb8742a120,retained-unmodified-source,individual-semantic-review-pending
src/ogdf/layered/CrossingsMatrix.cpp,55d94e91a1f53a6512646ac3ceb15aef9a8a8c76,a0fde4c43dc7fa0faae368b8b42fff580434406380e30ec67bd46f2c1741cf00,retained-unmodified-source,individual-semantic-review-pending
src/ogdf/layered/DfsAcyclicSubgraph.cpp,d41b7c18e7d225299cce43c80d9c9ce34f1d8892,d66dc2add1ac2da40bcf1978de8e33526c0df2e1ba6bc92d21fd850c0e2917d5,retained-unmodified-source,individual-semantic-review-pending
src/ogdf/layered/ExtendedNestingGraph.cpp,73f010ee0d124eef36380022af17af15c221822a,a4638c448de5b4e19d643abab3732610c5ef49ba9187de9453c0e96c8301f3e9,retained-unmodified-source,individual-semantic-review-pending
src/ogdf/layered/FastHierarchyLayout.cpp,22c7806fbeae2a3d73697afebea6624fefa31974,c38a7400908feba6c53f1fe7be122c0cd54af77e23b91045b5881808782a1ccc,retained-unmodified-source,individual-semantic-review-pending
src/ogdf/layered/FastSimpleHierarchyLayout.cpp,f1ae8d8b6d413c14f0199eece6b6927a293637bd,f4293c7a5d7cda6a7b1cd7a30403cb85cba1f16fb50b8aed7a8125c89213c26f,retained-unmodified-source,individual-semantic-review-pending
src/ogdf/layered/GreedyCycleRemoval.cpp,b59415904e030a41c1eee1d2e132a0a5989c4f9b,2a785cea854239580484ca1cce3a9ccf779e3b9fd830c13e2afadc09158a34a0,retained-unmodified-source,individual-semantic-review-pending
src/ogdf/layered/GreedyInsertHeuristic.cpp,6da68b1153d19e4ed8c8a657b51225d5da55ff06,26bd627b1079520bb05ad1303f6783970da0d72b26cb17b0c5e50ebf3b598ec6,retained-unmodified-source,individual-semantic-review-pending
src/ogdf/layered/GreedySwitchHeuristic.cpp,54301ce262f2b27180a80e2113720724ef46affd,1b405581924792ed8e1ed0a58bee7fd73ccf17a171712d71b180708d893f847c,retained-unmodified-source,individual-semantic-review-pending
src/ogdf/layered/HierarchyLayoutModule.cpp,52050994f7be29fd1cee56c67e49dd3c71b90fee,ab3dba49ef59d8a5c99d9bb22dadb5a57c04b6e5734dce931706e76405d5d580,retained-unmodified-source,individual-semantic-review-pending
src/ogdf/layered/LongestPathRanking.cpp,3f40838dc856431e47a9a77cd66215fdc9f33e94,8f718f6149a54721e8a6fd6823cf52ba3c952b56894bcde9c695b2a14337e232,retained-unmodified-source,individual-semantic-review-pending
src/ogdf/layered/MedianHeuristic.cpp,12cb8ad95970ab832ef3a48e0de1cb8b32fe018d,6424f3368353b3bca6570fd9516b96111bcce18035ea337afdf86fd5412327d4,retained-unmodified-source,individual-semantic-review-pending
src/ogdf/layered/OptimalHierarchyClusterLayout.cpp,b8b6f96a6f6e75f91a51bc55792aca9c0e2a344d,d3fa6832bc8ab9feda6794cdfa1877d7dab967e2aacf21a23ef34e1353177bf9,retained-unmodified-source,individual-semantic-review-pending
src/ogdf/layered/OptimalHierarchyLayout.cpp,631db258e84c5dd17063a812dee250bdc6da941b,63d00593b2403e3ee8f10cb6e4c5fd9524b2de571b3b0689dc991457080f00f8,retained-unmodified-source,individual-semantic-review-pending
src/ogdf/layered/OptimalRanking.cpp,86c56a67abdbe06a7e784823c2fac21a67da7425,33b3e65f0dbbb181ef91539d82da62ef394c7b9ab1fa9396a027f75ef96b17aa,retained-unmodified-source,individual-semantic-review-pending
src/ogdf/layered/SiftingHeuristic.cpp,ff0cdb19cd1c13a519443ec08b742c46ef58a99e,1109453569daef33839f35ce909a6c24bf6ec3035d616bd3c61de9e2be404bff,retained-unmodified-source,individual-semantic-review-pending
src/ogdf/layered/SplitHeuristic.cpp,aedb5713d2686c9dfab05505533a3af4a078e0ae,a0980bf973b071b1f84f596e4a254cb58e159882467a4d3f63fe52ca6351e93c,retained-unmodified-source,individual-semantic-review-pending
src/ogdf/layered/SugiyamaLayout.cpp,1ca8f109203ad5ab052a5c7f27c470449653894a,0e938169fb3a094b03ef27a0064785684749b51511f25662993cbc2da27aac83,retained-unmodified-source,individual-semantic-review-pending
src/ogdf/lib/.clang-tidy,9f73c9bd69a1861393f0ec02c750e89992dd2b9a,c66adaf29d5c5ac2582f966f613cc1570d49b20bfce64ba7195d7251984df883,retained-unmodified-source,individual-semantic-review-pending
src/ogdf/lib/abacus/aba_constraint.cpp,17bd09f5f2a785cc2f0a5c4863a6d1192cc6eb93,2175f022b3e699c22aaf5479d8a8b715125bda683c952e165994a943a5352f7b,retained-unmodified-source,individual-semantic-review-pending
src/ogdf/lib/abacus/abacusroot.cpp,91e2b0413eccadcc5606fb6797189f308804b651,4661ae454710582048faa69244b752f5ee7af45740bbada83742fbb9382ec64c,retained-unmodified-source,individual-semantic-review-pending
src/ogdf/lib/abacus/branchrule.cpp,1fd8c84a3c5f792208c2cd7b36886b2830d6cb87,94a6f3366a842eb01e2eef01101db7ed08d2b6dc2ddb13dda7fa6e363d9e789f,retained-unmodified-source,individual-semantic-review-pending
src/ogdf/lib/abacus/column.cpp,d64b321760bf6118db47b441cea70f44b3f28677,b97bacc98c1d8456bb80bde43ea54497c072d7c576e6fb6351e4bf2c3d8bc81c,retained-unmodified-source,individual-semantic-review-pending
src/ogdf/lib/abacus/conbranchrule.cpp,3e3de94b7612a90af15e1de6caf749aeaa0a186a,4ef7efa4d2d48af9b370cc621f6836a102c41d385cd411b932d7884dc403fbec,retained-unmodified-source,individual-semantic-review-pending
src/ogdf/lib/abacus/conclass.cpp,8bd174f5b813edbffb2734254425aca8a1fad19f,f389ac113c4fd112aa04027bc306d8cb9053b014f9583cade91f9dd30df0d55a,retained-unmodified-source,individual-semantic-review-pending
src/ogdf/lib/abacus/convar.cpp,f8d1386276b7eca7760a17342b336b419eb9316d,23aafb61c12310caf3075c10680557d68adc58e7768c06ff46397c24e240faa4,retained-unmodified-source,individual-semantic-review-pending
src/ogdf/lib/abacus/csense.cpp,453195ea01d4254852b7d2c78423ea153f831ad9,ea41cab7a54473712425df2984a88cdd5f70d1dbd48e9cd387ce358b371fc427,retained-unmodified-source,individual-semantic-review-pending
src/ogdf/lib/abacus/fixcand.cpp,398b666b7f4b643bcc4dd8ccb6cc378e046938c4,3bd8f98ad35bb7447153aa7f685f74bcfecced1b38649d1bde6e7a2a5fc40a10,retained-unmodified-source,individual-semantic-review-pending
src/ogdf/lib/abacus/fsvarstat.cpp,9537ef128e108ca8b991a1c2072f0090796859e2,bb9223c0297f5822c3e982b91c8d9d64285a79d2ad4d0b3823dde4abadbe5459,retained-unmodified-source,individual-semantic-review-pending
src/ogdf/lib/abacus/global.cpp,b22638e01b7bff14ad13868f934eaa749dcb58a3,97b5ee016a407b6c60d5d93013abb7e50f6f3911f5fb702acdf6410c47b41049,retained-unmodified-source,individual-semantic-review-pending
src/ogdf/lib/abacus/history.cpp,5e94d9d7e69072fa7eb75c0283d86be5546423ff,95c65b571748bd332d3813505ebf9e7eaee0cd9eb687b5aee92fc4ad07ec4904,retained-unmodified-source,individual-semantic-review-pending
src/ogdf/lib/abacus/infeascon.cpp,f47aeaf08396dac5ecf7f62f8c507a76fe758c3b,7c1568f67937ea7a3877b72863b5f6da3729510070d1b8d711c57da68c7a400f,retained-unmodified-source,individual-semantic-review-pending
src/ogdf/lib/abacus/lp.cpp,d87a61178570fc5ed2b8ca8bf7bc5274c65078f8,48e1f4074f579160f805ddb5baa12abc185cc69365e9e908981957692685073e,retained-unmodified-source,individual-semantic-review-pending
src/ogdf/lib/abacus/lpif.cpp,b89cea5dd3e0d25d8feefc5732a580ed6c1a81d6,dd96564e9b1f18e07522e41a4268cc35853a61ac65b6990ac18093fbd8b5b590,retained-unmodified-source,individual-semantic-review-pending
src/ogdf/lib/abacus/lpmasterosi.cpp,e15b56228808bed5fd818d59e4a3aff538f5dffd,2e33d1f1cc935cf3a889ab19fd49a88d8c82442a3df7ac51259fe8139f8e7052,retained-unmodified-source,individual-semantic-review-pending
src/ogdf/lib/abacus/lpsub.cpp,0fd6dd3f86060d8839524b83aa55cc122a5c74c1,89f9109c7ce23e258ca8674677979ee73e73cc32c3ecd39d41795034a70f1dd5,retained-unmodified-source,individual-semantic-review-pending
src/ogdf/lib/abacus/lpvarstat.cpp,a22516a233ac6a077413c1009ac196bc81e372c8,aa3ac8df5a0f850876688c5428939bf5eabad05b416cf0511c9bcbd7a30bae0b,retained-unmodified-source,individual-semantic-review-pending
src/ogdf/lib/abacus/master.cpp,1f8aed0149298dc84fba3659158ff7d5952e4717,791c49a9601971464fe00357362806f650fca8ad47965867e9a4174bc00e3e47,retained-unmodified-source,individual-semantic-review-pending
src/ogdf/lib/abacus/opensub.cpp,a18a3fe3bb0eb3c820a303116d14af8efceb4d61,5f4cd2787a33ff3a8d033594f0703882b8dcd810f3b0926d941944ffaa1b2e5c,retained-unmodified-source,individual-semantic-review-pending
src/ogdf/lib/abacus/optsense.cpp,2c44a86b7c83f37610bde6b00e067d319271ac27,7e084be780a33bf7d49427432bdcf0d073c10dff3aa655d4e0785f33396ba852,retained-unmodified-source,individual-semantic-review-pending
src/ogdf/lib/abacus/osiif.cpp,7767a6e46ab0c9c65a32adc0ae532dab3822349e,1025a2a56c3476f21993fd22846c09330d353003eba1fd98911869adfe09ab05,retained-unmodified-source,individual-semantic-review-pending
src/ogdf/lib/abacus/row.cpp,a0c9490eb5ffbd3024b4491dda6703d2d72a8d27,34be30e1c3beeb1d322e0908faea4153490c4fe4b5f8a2c3e8beaeb5f0f184a2,retained-unmodified-source,individual-semantic-review-pending
src/ogdf/lib/abacus/setbranchrule.cpp,64c5a767803c1c38fe26eca07551eaf58ef17b8a,7d138710315fba2915fab0f70dfe6d6d4bc67195ec3372765a85580becd5aa84,retained-unmodified-source,individual-semantic-review-pending
src/ogdf/lib/abacus/slackstat.cpp,0148fa623647c4678d26c2db71d8a96fa2b04424,8747456a215f0a6ee973fa5cdef1ad44415b134873e27ef56e3a67390c6f56bd,retained-unmodified-source,individual-semantic-review-pending
src/ogdf/lib/abacus/sparvec.cpp,a4532056388e5ba78f36bcd872d3b201e2bce6ae,e677e3a4fed33d2a1ef4b26983fe4d534c0987128be85a5350a56465ced79f21,retained-unmodified-source,individual-semantic-review-pending
src/ogdf/lib/abacus/srowcon.cpp,ae0846b0fdf77dfd3af7cf7b0d1a6db55a134a90,0c527a837a0c677bd6bdbc8bd6701f2826b07f86d34d5a566b04e6b94dce1b0c,retained-unmodified-source,individual-semantic-review-pending
src/ogdf/lib/abacus/sub.cpp,72e5ee53a6e361af87bfdbf774038c01deab7e84,55d648635ce7b753be7b20595e57bc890695e052dbcf249e10eea946d7d7bfaa,retained-unmodified-source,individual-semantic-review-pending
src/ogdf/lib/abacus/tailoff.cpp,9632ec57eb87ffb91f6ee422fa1350e8f1889399,8d576dd6ef33b4f76ab20c1a9a05175196cf1f4e4b35a0952d156ceb3ad0f5c5,retained-unmodified-source,individual-semantic-review-pending
src/ogdf/lib/abacus/valbranchrule.cpp,5ad5c73bd406325582a1402b33cee3e54b701ada,d016c975e88768682a09c5c0fe8163b53bb929ba015b27541863b631993dc049,retained-unmodified-source,individual-semantic-review-pending
src/ogdf/lib/abacus/variable.cpp,e8bd730f8af5e3f3c2608647d46992c777e1cc37,7503a67f2a8858d73ce5885b47f8cbdbfbaeb373bcfba3b838ace98686a419bb,retained-unmodified-source,individual-semantic-review-pending
src/ogdf/lib/abacus/vartype.cpp,9facff9fe992166e91230dfae41ec1b5db36a9bd,f4479c9a00681ed6b2a01c416398dfbe66031aa44a49b60ce9c7014795def90e,retained-unmodified-source,individual-semantic-review-pending
src/ogdf/lib/minisat/core/Solver.cpp,f01e6b8fa11b2ed8d25dcb0f0844da0d8409cf9b,e4e84916e5c0225bb661d1e8050e09c51b2b688ed6a51694b3b885ee62b4fc2f,retained-unmodified-source,individual-semantic-review-pending
src/ogdf/lib/minisat/doc/ReleaseNotes-2.2.0.txt,b27c1203d35e7d647da4e2e8b18d8f3d75b64e27,03f189bc88c376a157ecae28c88f77ae46154b80d35535baf11c4276ef13e2b5,retained-unmodified-source,individual-semantic-review-pending
src/ogdf/lib/minisat/simp/SimpSolver.cpp,8844098e26f19d4e1b4d5c47fca92750cdee87e5,14880c36cb88de038c8aa443113eb6369b2265ff7e0e642e806b06cab5117bba,retained-unmodified-source,individual-semantic-review-pending
src/ogdf/lib/pugixml/pugixml.cpp,aa24e331835a5ab1c51d043d0efe3bd5c7723cc3,513d2abb040c38308e37a1c7772ccb64c1771f3498570698f49ff3f674c5403a,retained-unmodified-source,individual-semantic-review-pending
src/ogdf/lpsolver/LPSolver.cpp,7a4ef4ffd238fb64f892485fa1ebed8cd902d14f,ca69e4a2c5cfd7491eaeaa320a6f9e4865a13d32b1136501920c4d06375716cc,retained-unmodified-source,individual-semantic-review-pending
src/ogdf/misclayout/BalloonLayout.cpp,ba908d9daf9491f78a710389905543879ef3bf9b,54623b7e3c7088a112aaa61083b1e5ce300a59df3c988d83d7648f5950627f95,retained-unmodified-source,individual-semantic-review-pending
src/ogdf/misclayout/BertaultLayout.cpp,4d0ec41b0b42865c79c890a9a6b8f8ecfdb57d82,89e1b4443f4066c0b6d9778bf1f1e3362d093a2dd7609db2a9c869ad395ed6ee,retained-unmodified-source,individual-semantic-review-pending
src/ogdf/misclayout/CircularLayout.cpp,299d15928b711877588f23c2677d820d3951c2fc,47667cfc48011a87b1ea3a762932d78c66e906e41ecea3e1a477cf388e95b823,retained-unmodified-source,individual-semantic-review-pending
src/ogdf/misclayout/LinearLayout.cpp,98551427fdc4fccfc4a547edff2dbfae24e72fb4,8e5da4e7ed4686e8f69413acc9219e14ec10b32bc5dbedb1a1c8cbda12e55a90,retained-unmodified-source,individual-semantic-review-pending
src/ogdf/misclayout/ProcrustesSubLayout.cpp,5b6b086f9233ca2172c62aa545eaa62b8c78dbb4,e900c7e78888a10718679568fd78b165f08713de4429d4fa591c7a5fa490adcd,retained-unmodified-source,individual-semantic-review-pending
src/ogdf/orthogonal/CompactionConstraintGraph.cpp,956113027128d5fa7cd25915787db7c3e0d24971,d9beed3bd9435f432aac2a0a15ebeeefffd974501ab0ba6d999d89b2e65a97fe,retained-unmodified-source,individual-semantic-review-pending
src/ogdf/orthogonal/EdgeRouter.cpp,a6786ab41c2e6dad5506698f815771c7a0c52ea0,4129b0bdf3ac1b13b0506817a4b87bcf8108bb056fd98a56c41bf1822d1916e7,retained-unmodified-source,individual-semantic-review-pending
src/ogdf/orthogonal/FlowCompaction.cpp,b45c9e820572bba2771017ec15773944f2d1de51,b4d16d7a2b35e99487f4cf335860eeff3e569e0870618b7a2fc9ea2e01434653,retained-unmodified-source,individual-semantic-review-pending
src/ogdf/orthogonal/LongestPathCompaction.cpp,621b49a1c6d9cee65f083ef915a32db1526c6732,11051d29033d0971efe5a610a70bee1c38c2b023d343c2d86f8f3f67483779d0,retained-unmodified-source,individual-semantic-review-pending
src/ogdf/orthogonal/OrthoLayout.cpp,50def7bd852b4ff3ef3fad6781f031c1f53548d0,bc430e27615c320b80b7ee8b20871664e2ca2ecdc71c9687056aa3aec58efa24,retained-unmodified-source,individual-semantic-review-pending
src/ogdf/orthogonal/OrthoRep.cpp,8dac335ec065dd5b4b547111fc033791bf2fef1d,885143efc174d4c179005015eff0242eef0b6928fd587a68b8a7d815df42c936,retained-unmodified-source,individual-semantic-review-pending
src/ogdf/orthogonal/OrthoShaper.cpp,a8051c88b4c8c272216857a962ff0324507872ab,39135df2b0964766dd3652a1c22b8c373d9cc01a3e86535acbec13a0a6efb462,retained-unmodified-source,individual-semantic-review-pending
src/ogdf/orthogonal/edge_router/NodeInfo.cpp,69275894cea8a95f82d54e641d49f4751ec7cc09,768e6a0e4c82aea2672881d7f01cd4c7aa80db326e66d82d5c82a1635ea55188,retained-unmodified-source,individual-semantic-review-pending
src/ogdf/orthogonal/internal/CommonCompactionConstraintGraphBase.cpp,6f23218187de3a6af2adfec25025ccd20c3576f8,6f17375c16c13394648cd9b57f788bce954b187246839e916e437a948751e0ca,retained-unmodified-source,individual-semantic-review-pending
src/ogdf/packing/CCLayoutPackModule.cpp,fa45ebe74fe676a33fe2080bf9c8cf95a45f47ea,4a963d377ad9ae3459650f580bb8389cfd2c2a74c5ace2710c8dcebc11f00748,retained-unmodified-source,individual-semantic-review-pending
src/ogdf/packing/ComponentSplitterLayout.cpp,f664663c787a355f7f5e91e07541c7652d149b8a,3ea3aa20210cc4b32c7f8354089446221d9903d547b782054f53f25216fbafe4,retained-unmodified-source,individual-semantic-review-pending
src/ogdf/packing/SimpleCCPacker.cpp,2aa2d6cf1a6be4a2991a5ed797a1a762dfd960ee,5f6c20c3e199d42898d9d61157bf2b4662b9072391d6ffb8b63edb7f0ca6b707,retained-unmodified-source,individual-semantic-review-pending
src/ogdf/packing/TileToRowsCCPacker.cpp,5932277c204154bbc3eabfc2004a322ffca7f50b,2770f295f0a0b3d07424266323745bc356a33c8572a5284ce6a3711c42815d56,retained-unmodified-source,individual-semantic-review-pending
src/ogdf/planarity/BoothLueker.cpp,cfcda77e3324c103d677a778d7a8fac3f8c70471,5e5316fa3fa17f76f0936dec027a85bdc18494770f4aa5c53da79dae492e6192,retained-unmodified-source,individual-semantic-review-pending
src/ogdf/planarity/BoyerMyrvold.cpp,42cf08458cd9ef862fe240f9be045ed906fb5222,b67d73710d8ecda25ceb6c510417bb8d941262a702d560571d4c044e0e9bd9fa,retained-unmodified-source,individual-semantic-review-pending
src/ogdf/planarity/EmbedderMaxFace.cpp,5668ffa6afbc4a5a928af64ab69063a3b0bfc55c,444c7d2f9968064696a7c824e9497b44ce9e8590dd514559411ba92f718dfbdf,retained-unmodified-source,individual-semantic-review-pending
src/ogdf/planarity/EmbedderMaxFaceLayers.cpp,5bdf4bffc7e1823951ba80dd045cee45397e64c6,ee5f9a0d64415439597a5acdee6c2615b00d7ce6d89975996d930add721892f4,retained-unmodified-source,individual-semantic-review-pending
src/ogdf/planarity/EmbedderMinDepth.cpp,cf90bea3ee6a304ebe5c02430eb11845e2d3097b,2271200afd8a0ec5704f9a1507ab085d5b7068ef0358688e43607db362c1f3f0,retained-unmodified-source,individual-semantic-review-pending
src/ogdf/planarity/EmbedderMinDepthMaxFace.cpp,f4ff6cf60a72e085d2906d60d6e8c31d141df3a0,a6ed2e6aa303353cc2b4766a9581e67dafdffd2f8fe73d9831c9469a4a18b686,retained-unmodified-source,individual-semantic-review-pending
src/ogdf/planarity/EmbedderMinDepthMaxFaceLayers.cpp,8df66a152e5a732b61edd9be8d392db6eef9dc81,f88bec5446000625eae6b1eb9a8ea91f8dddb903a11305d24fd0c948c4b8df3b,retained-unmodified-source,individual-semantic-review-pending
src/ogdf/planarity/EmbedderMinDepthPiTa.cpp,338c27c37533310402cc7eba9304bf1c5b7e3371,6dd620631f680a4fdbc53999f43d9d3b2c04810c6fe421a2354ff7a2f37c1704,retained-unmodified-source,individual-semantic-review-pending
src/ogdf/planarity/EmbedderOptimalFlexDraw.cpp,3b5c4beffb55d664ea04e4b7dcefdee339d0df49,897392a1a4e9693600e0d15fc9124ab1ca908cd4243ea74301012aa7766d2eac,retained-unmodified-source,individual-semantic-review-pending
src/ogdf/planarity/ExtractKuratowskis.cpp,4ed25284b3c308682cc41df379b22c9e1451d12f,369e356840de4f366dbe1a03933d0e16324270f25579a5d751ab90e0413fa4c7,retained-unmodified-source,individual-semantic-review-pending
src/ogdf/planarity/FixedEmbeddingInserter.cpp,ae813279d175490d402dd532f354989fbe10c0a0,e5b132c737e9bf4b2e6d426ca574978d4eda38556aa8f75f74695741908c0ac1,retained-unmodified-source,individual-semantic-review-pending
src/ogdf/planarity/MMCrossingMinimizationModule.cpp,6a053eea71373e892d2c6070e00a0373b32c9e0f,f9dd30707003df8e48087d2794ece02ff4987bdb2c73f33ffe70f5128c08a96a,retained-unmodified-source,individual-semantic-review-pending
src/ogdf/planarity/MMFixedEmbeddingInserter.cpp,c33155d6a6939c5f67f50a1b1d399c87f3ebb420,85bbd8feaf6e50f2e8fe4ae73913dc95a7991c847a3f14ea085f4a7e77e0a6ed,retained-unmodified-source,individual-semantic-review-pending
src/ogdf/planarity/MMSubgraphPlanarizer.cpp,58b5482ec9c4627cbddf7fa8a6090243585e367f,5f3a74792dceb3037a158898d46c91fe5fd563d7e4878a516c010492e3e63719,retained-unmodified-source,individual-semantic-review-pending
src/ogdf/planarity/MMVariableEmbeddingInserter.cpp,5a09e02ad0e0f7ea339102baafdadc59b1504e8b,8ac4b578838e51a9ff02d04d6098cba3107165e39e14caea03cdd78dbe90e6e0,retained-unmodified-source,individual-semantic-review-pending
src/ogdf/planarity/MultiEdgeApproxInserter.cpp,427605d6edc31cd692e63b68f5e227da2b070e3f,9918c4e7da5e0b1d13a9850cdc6ca898c3bf1466d3037d6d4c5f9369623f81ac,retained-unmodified-source,individual-semantic-review-pending
src/ogdf/planarity/PlanRep.cpp,b0af7d41f8547d54b8f2126e26d7faf1389a66c6,53ebd2dd4c55d23864f7f7a1a8c74df4a429a9a9658a91861c62c60695ffef06,retained-unmodified-source,individual-semantic-review-pending
src/ogdf/planarity/PlanRepExpansion.cpp,07c0f3e010b5bdd5f89405131280f25a3f30c2f7,43b9621a5011653889abfaa300e8134e9380420f3acea162cedbc0b0c30cad92,retained-unmodified-source,individual-semantic-review-pending
src/ogdf/planarity/PlanRepInc.cpp,435467798808347ef8d8495a68d3d12d492a9d03,25ffc497712eab364c8023543e71953c5778663bac93fee3624d4a3d5679cd93,retained-unmodified-source,individual-semantic-review-pending
src/ogdf/planarity/PlanRepLight.cpp,c87d88033e8aefb8097fecba07801d44fbe239c3,9e121874aa89df976e108b2cee741da3533a363643f6266cf5ad5d60d4ef786a,retained-unmodified-source,individual-semantic-review-pending
src/ogdf/planarity/PlanarSubgraphBoyerMyrvold.cpp,fdd2ba76ec9bd60eb725b34e2089cd56b0a9e737,ae05f2b214219c531147534c8f5f58d3906e3caed2bd2330c19d07579d18eef5,retained-unmodified-source,individual-semantic-review-pending
src/ogdf/planarity/PlanarizationGridLayout.cpp,7cdbc7f2766a49a5b5809d67cf4e663f778bb6f8,024656395faf44119b272f93097ce71ab0ad14fd390f880710517c2f91a1d11b,retained-unmodified-source,individual-semantic-review-pending
src/ogdf/planarity/PlanarizationLayout.cpp,ac71b523bafe8050d6e2f7bd464a5248af52e25d,62ddd4403a14f7ee640a61c6fbefc3132eca245a3d541e125223ec47a29b267c,retained-unmodified-source,individual-semantic-review-pending
src/ogdf/planarity/PlanarizerChordlessCycle.cpp,7e0928393e26b9b6e0ba0491dbd86c329a0f9b6e,f42f8ba0be8bfd8daed81d2073cfc58ab0e4cd070319332c0c131e10d621395a,retained-unmodified-source,individual-semantic-review-pending
src/ogdf/planarity/PlanarizerMixedInsertion.cpp,c9d92eaa1905d767725c79e9da781cb91e3a6c18,c76eae5163e4057ec1820815bcd34b538fa641a53586b2780e909fca3be29f97,retained-unmodified-source,individual-semantic-review-pending
src/ogdf/planarity/PlanarizerStarReinsertion.cpp,fa84f7d7e9c3c84571a4e24c03595565566913c6,ef9f5373c7f0323c10b475fb7fd66cda294da40ceed85432c93cc1ba6fbf417d,retained-unmodified-source,individual-semantic-review-pending
src/ogdf/planarity/SimpleEmbedder.cpp,d31fa7d935fd7c814774455f895c14dc47ffd051,af8fb394cb36034ca4ccab9edf41c7ec779e09bad7784c78ddd3a33e39a52515,retained-unmodified-source,individual-semantic-review-pending
src/ogdf/planarity/SimpleIncNodeInserter.cpp,37585df544e844918bd86f5a24645fd3e753bea7,4e0c79fe230765c4377f5a1fc7f06caf24582b4ffabce6b67a8b085fc44f2180,retained-unmodified-source,individual-semantic-review-pending
src/ogdf/planarity/StarInserter.cpp,92c5d51eb7c19afabec9735892c2a5cd3707ac3c,fd1a1fa0d03439bcd7180027d7d6925c8dc58149fe3c2443fdc849f7b82c92d2,retained-unmodified-source,individual-semantic-review-pending
src/ogdf/planarity/SubgraphPlanarizer.cpp,b2bf60d92a213ddd2e8ce39977c1aecff62504dc,0a670c436bb0bc0586a57f68c0c109f65429149b6e7de7d55a73a316476e108e,retained-unmodified-source,individual-semantic-review-pending
src/ogdf/planarity/TopologyModule.cpp,417eff8f1216bd0a2a54891a642889eadd63bc7c,2df4e2e165fdcdad3615c152bd769590e93ddc29be1e8d21a064e5e248c60169,retained-unmodified-source,individual-semantic-review-pending
src/ogdf/planarity/VariableEmbeddingInserter.cpp,4de94c6db83cf1e5e7b4fbf44217372075eda930,f78b58dce8e1b53adc47d0ac8bf7ce23372b8843c929b2cb27ab3cf921bc17f2,retained-unmodified-source,individual-semantic-review-pending
src/ogdf/planarity/VariableEmbeddingInserterDyn.cpp,5d9050591771aa7badef482b7a03b895f681b63b,1050fbc551c7368833c2adb59047f1b525b33303bb76ff141b9a55b415a89b54,retained-unmodified-source,individual-semantic-review-pending
src/ogdf/planarity/booth_lueker/EmbedPQTree.cpp,5cddf93cec4905a2771cee29a904baaa5c2cd6f7,298674bf8c681d7fa674c6ca76e9bb4e86fed51fea9061825f7eae989b19b9d6,retained-unmodified-source,individual-semantic-review-pending
src/ogdf/planarity/booth_lueker/PlanarPQTree.cpp,9924d40c537f1e00ef858e508789a408bfac4751,0d49ed5b27d6149ab40bcf010dd33f71bb7022fb322e916fdf2807bbee8dd857,retained-unmodified-source,individual-semantic-review-pending
src/ogdf/planarity/boyer_myrvold/BoyerMyrvoldInit.cpp,fe5bcba3c223632b5a6bae15ea5849576dce66de,7e1923e0ed2418d10c752a153e3a9e1c9bac94e3ac9bd2cdd8e9df8822cf9b37,retained-unmodified-source,individual-semantic-review-pending
src/ogdf/planarity/boyer_myrvold/BoyerMyrvoldPlanar.cpp,b3942c6f410c90b1f51c50693443cfc9b8e07024,b86bd312baf722cecde8bd406dae8a0fce172665c21d34ea5af39cbbc698896c,retained-unmodified-source,individual-semantic-review-pending
src/ogdf/planarity/boyer_myrvold/FindKuratowskis.cpp,276edc5ca25838f86a9a103f77762000b7ed8cf4,a5ab1736c2b7e89c2e26d0b013fbd74cdd863d2e80638c50397188ba937a8424,retained-unmodified-source,individual-semantic-review-pending
src/ogdf/planarity/embedder/CrossingStructure.cpp,34795ad1f942f52e189d7053ae75321a300ae6f6,605d38cfd9904731c0a18e9787f0190ee8ef198279ca96960d18995bffeeb014,retained-unmodified-source,individual-semantic-review-pending
src/ogdf/planarity/embedding_inserter/FixEdgeInserterCore.cpp,957b205bdf4e006dab7902b3c2cb758a2dfef57b,b4dfdb318894413b1daddaf63ae2f35c3522a0a6158dcc1cc2dba0be836312c0,retained-unmodified-source,individual-semantic-review-pending
src/ogdf/planarity/embedding_inserter/VarEdgeInserterCore.cpp,5db2db078354e72ab43155a2f224b5bf4d755516,eb88413739f3af070a7b3f4ccb873d789b4af8a95ef616a7785bea9e50e1c806,retained-unmodified-source,individual-semantic-review-pending
src/ogdf/planarity/embedding_inserter/VarEdgeInserterDynCore.cpp,3a8449ef594e75f08ba18cf94df327998a554052,82e370e1a5e00a9127dd1bad669a59cde64bf28e206a4caaf62299bf5edea137,retained-unmodified-source,individual-semantic-review-pending
src/ogdf/planarity/planar_subgraph_fast/PlanarSubgraphPQTree.cpp,3ed57a05a37261e311269917a07f4fafd8778fe5,ae2bc176ebc1032d51ba8c606fef8069005523596d9ea7b7c1fa181b15f2856a,retained-unmodified-source,individual-semantic-review-pending
src/ogdf/planarity/planarization_layout/CliqueReplacer.cpp,e5f182c7380d36c248b802c840c71f43fce775aa,811a7035c4a89fde012268dcec8bb4c466f882bdab2ca8b547a9e3d65dbad826,retained-unmodified-source,individual-semantic-review-pending
src/ogdf/planarlayout/BiconnectedShellingOrder.cpp,276d16b2ec084b4306da3b1d36da0436ad4434ce,559dc2a72ee6860fec2022453d26a8dd21f9c4bd93bfd1e6c9e506f0d81565a7,retained-unmodified-source,individual-semantic-review-pending
src/ogdf/planarlayout/BitonicOrdering.cpp,e09f1edcf988ea6102606f5b7e97c72cca66d909,ea830a33811dd1091d716b1b4994da5833ed64c345703ed8840b8afbee127c59,retained-unmodified-source,individual-semantic-review-pending
src/ogdf/planarlayout/FPPLayout.cpp,b849ed06e19c6f50820284e6e32c353963ebc37b,f70f9468aebfd43a60a00a273d17f61dd2f8aab758566a5146f0f50cdfb5da5a,retained-unmodified-source,individual-semantic-review-pending
src/ogdf/planarlayout/GridLayoutModule.cpp,b9a586078297801591110f742fae69b40568597d,7303cb3d44f9b249a8da834c7d6944ef25a76cdb8acff8aed731d4e53eb03c90,retained-unmodified-source,individual-semantic-review-pending
src/ogdf/planarlayout/LeftistOrdering.cpp,f5d7dc06c3cc28b34d5ee0df95d1e3aea1536f47,43ebd7f88483a4b40de627fa8cdf9d73f58d8b7a1ab1ecf72aa53379be066b04,retained-unmodified-source,individual-semantic-review-pending
src/ogdf/planarlayout/MMCBBase.cpp,d08d81cf98269486b5094f3df56f033ef7817708,03e8b1f62d2164d0a99a5e1ce65cf3f690940912ac583698b7bfb20a3998df56,retained-unmodified-source,individual-semantic-review-pending
src/ogdf/planarlayout/MixedModelCrossingsBeautifierModule.cpp,e756465f5df693bb0f403581ea27aca2f3ea5dbb,84bb94b753a665812a895268960bb06ea02489dd1bd8b446313cba94d4b0e65b,retained-unmodified-source,individual-semantic-review-pending
src/ogdf/planarlayout/MixedModelLayout.cpp,930d0c5a87b300cfc826c81e533594ee44d5e931,cb00380884ba7763f939d1a52bfac66a61cd138a0244b15984521cca29de1f56,retained-unmodified-source,individual-semantic-review-pending
src/ogdf/planarlayout/PlanarDrawLayout.cpp,6780f6ca0f3dd8c11a5fa78e95b308c6a65460f2,88d3e95b9d61ee967725863378ded400fbe0a39e24241ab8aec59dd38c80848c,retained-unmodified-source,individual-semantic-review-pending
src/ogdf/planarlayout/PlanarStraightLayout.cpp,5762a63eadaee0fe8cfed4c11c912e08aa04ce1c,53574f0751f620d27fa1be05b98812fb5a13cb45b13a01f1bc777f84f3b77c78,retained-unmodified-source,individual-semantic-review-pending
src/ogdf/planarlayout/SchnyderLayout.cpp,43e776aff60a0f8a27bd173c723f7720ff8c4616,dd1e20a314c8556f8a2975c37cac5644520f92dc96bed3c47797e4ed7fa7a777,retained-unmodified-source,individual-semantic-review-pending
src/ogdf/planarlayout/ShellingOrder.cpp,516cb20a85fa25268eb24e32e4f56d0a16b1d015,e81a07a6e118a49b28cd33180a95aff33fcfdce714bf9599f1e9af7d3cf2e708,retained-unmodified-source,individual-semantic-review-pending
src/ogdf/planarlayout/ShellingOrderModule.cpp,4148d9d735d46859d8809155ad51a87b5d614fb7,87b4b50c5180f54376f6e4c2d0f06d939af158adbc6d3bf1608faf16e539ce5d,retained-unmodified-source,individual-semantic-review-pending
src/ogdf/planarlayout/TriconnectedShellingOrder.cpp,a7510a1a6b68f95fcb12b1b398f269f4adbd9dd7,82e5d5c9f127e36caf803bb5d263cca0ee2b38b3eb8702059b6b9fd48ff58805,retained-unmodified-source,individual-semantic-review-pending
src/ogdf/planarlayout/mixed_model_layout/IOPoints.cpp,8827cfe1f80c0397ed58237185869037d1d9e2a9,45bd05b712acb399e0f3908a54e4108f5978a345dc200a9b0f6932d0d416423e,retained-unmodified-source,individual-semantic-review-pending
src/ogdf/planarlayout/mixed_model_layout/MixedModelBase.cpp,5140b23aaac49841199503edd57c3bab5359a0e7,554887a5b6afdfbf87c95d0eba9dc3181b4454c71dc06b3813c898f5ecf28f20,retained-unmodified-source,individual-semantic-review-pending
src/ogdf/simultaneous/SimDraw.cpp,cf899f7161c88ceeb0d1ce31394e29d2a01bc041,4ba62e96d67c119a3c1312a4348f85c20982dd48ec86c754c44733d4f00eb02a,retained-unmodified-source,individual-semantic-review-pending
src/ogdf/simultaneous/SimDrawCaller.cpp,c7a9a2c4cea81b9ede8b1fef0fe4bb5f4b85803f,aef19feb1d4f2d35f0ec38c76b7aabeec356cc637dcfafae87cf631034bce1f9,retained-unmodified-source,individual-semantic-review-pending
src/ogdf/simultaneous/SimDrawColorizer.cpp,df28e4f57b47c9dd55d08f16866bd6e89e7e199c,1e5993667684872bbd0b9ff81d9ee765dfa00665b54d3fa4ab4d2f8bc721c762,retained-unmodified-source,individual-semantic-review-pending
src/ogdf/simultaneous/SimDrawCreator.cpp,13aa08d70e4ac36137bde3f1dca5b941624fb98f,129715a0d3412c717e905c7889780ee65682461f38805456709624e3d3d1c190,retained-unmodified-source,individual-semantic-review-pending
src/ogdf/simultaneous/SimDrawCreatorSimple.cpp,89e40ebb5fc1a56c2fd93c7de6fb7f0ad412edae,232896a78bb0aa6c45c7bc2e5a1abdf663c5f67ac6edec9ca56e5dd9e4fa8a4e,retained-unmodified-source,individual-semantic-review-pending
src/ogdf/simultaneous/SimDrawManipulatorModule.cpp,101e6a474d178952e6589d017939019b9b422d7e,a4a3fce3391b565131a0ae7b2e781108a1e3857e312ef12d37266ac0e2ebe266,retained-unmodified-source,individual-semantic-review-pending
src/ogdf/tree/LCA.cpp,30e5f9430cadede9acb34bf2369084b3dcbdd4c3,a36fc6249aba3e731cf0165fcba5c51f11c4c8f4e0db50eeba0ce7f0e7038daf,retained-unmodified-source,individual-semantic-review-pending
src/ogdf/tree/RadialTreeLayout.cpp,5ce6c512894c1f9cb7e6abb31ff921429df043cd,4f24c2ceb870e2ad91930b288be45e67fbe54ea9a1dfbdbcd1bc65a8a4dbd601,retained-unmodified-source,individual-semantic-review-pending
src/ogdf/tree/TreeLayout.cpp,91fa9b216b55d3d9c43780dc0cc5d0ce2105a7f3,1663ad17aa3e9138088d5d1f70fd43c575950382b8de6fd7f31c9f6d72c9813f,retained-unmodified-source,individual-semantic-review-pending
src/ogdf/uml/FixedEmbeddingInserterUML.cpp,c9d8715c4403a33b81f4b11918c6ed998f79e1a5,68dd52a41b3e532891ead5da367a0e24dee7f47a7c59a2aaaeae3d5d812eff40,retained-unmodified-source,individual-semantic-review-pending
src/ogdf/uml/OrthoLayoutUML.cpp,09403ba272af9936f3e6bfd807a80f1cc855f2ad,83ea6b8653c89e1860633fca40b4825d6cc13bfca864e9ae1469a30f315bf402,retained-unmodified-source,individual-semantic-review-pending
src/ogdf/uml/PlanRepUML.cpp,d3ab572034d36fee10b7192b8596425b9e14bae8,1a5cde9e32c0fb943b2e202940bba6cbcc22f44de3588f30c9b5fdbba7918988,retained-unmodified-source,individual-semantic-review-pending
src/ogdf/uml/PlanarizationLayoutUML.cpp,ed34073acff1fd22e90584f4de18cf547e1dfb75,144ccd98944e885fe0a88f20b9ca6ffb3271e37136e6697e67cd40fe09f9dfde,retained-unmodified-source,individual-semantic-review-pending
src/ogdf/uml/PlanarizationLayoutUML_inc.cpp,35e75a6f1125d66f6bcbd5819caaf545f958572b,626f954f4d39f3bbf9b67f0c955d6d5f040d0da5596d7c54aa8a79fd4c8b63c1,retained-unmodified-source,individual-semantic-review-pending
src/ogdf/uml/SubgraphPlanarizerUML.cpp,5cc16c2d0b92675c20f2ba09c775fed2888b9eb8,99e91a39ce3c770addeaf11ab9c49bfcac5dc1122f999eb8473bae65d8b1faf4,retained-unmodified-source,individual-semantic-review-pending
src/ogdf/uml/UMLCrossingMinimizationModule.cpp,d582dce530e7d5e22864b8ca539d73b906dfe399,40c97c58107642aeae9db8320f11046d7d89c96ac9a77c9f877485c7b5cb0aea,retained-unmodified-source,individual-semantic-review-pending
src/ogdf/uml/UMLGraph.cpp,a8d7f0dea571a4d4797663484aadd6b7465c81db,7b9dbe968b9604d51ddebaea109c98cf3c242971f9cdba15b4980e45ad1028b3,retained-unmodified-source,individual-semantic-review-pending
src/ogdf/uml/UmlDiagramGraph.cpp,fcba958203de487a9379938c6daff26fb1ad8eae,f7d5f5a213f9b19d83044c4d418fba3b4869f02d86a8290d0dde066cc9632a33,retained-unmodified-source,individual-semantic-review-pending
src/ogdf/uml/UmlModelGraph.cpp,c3c79f1f0274ba0747e992a5de12597809455dce,8d73392d28b1418e4ae5cd12f1b866f205408948fbbc17c547bcd19bf73ef79c,retained-unmodified-source,individual-semantic-review-pending
src/ogdf/uml/VariableEmbeddingInserterDynUML.cpp,e357bc976df42981681fec35dcd4412b917f8abc,0c2197a61fb757cb18aabdfffd2e65f0fb8a1dff7f0c35bb3442936d560df921,retained-unmodified-source,individual-semantic-review-pending
src/ogdf/uml/VariableEmbeddingInserterUML.cpp,97839cb965e2230255ed72f02a60f8bcfba95606,56d5a7bebb1e6960b7369302ecfa8739f4e9496982c7ba451a9dabeae41b042c,retained-unmodified-source,individual-semantic-review-pending
src/ogdf/upward/DominanceLayout.cpp,53825f392e4acfa24db5a6098da4da451343f329,49d8627e17f68633399fc2e37cc37a80b0cbb8bb9bb0746632d221c835e1c174,retained-unmodified-source,individual-semantic-review-pending
src/ogdf/upward/ExpansionGraph.cpp,82b1f40b39262506399ab1adec6eecd10aa8ea33,91a290aa9a3fdde0df459d89c193c9e015cc62554a23266b6874394c9e57828a,retained-unmodified-source,individual-semantic-review-pending
src/ogdf/upward/FUPSSimple.cpp,a072047c013354c6ad1a9fa15718fe6d8d66bbc2,61a3aad60f67b39a623026e6e14a89bf4c9fe33d50dcc01245c836eeeca1c2e2,retained-unmodified-source,individual-semantic-review-pending
src/ogdf/upward/FaceSinkGraph.cpp,c16c8f805bddf85ca9ec347988dbf8a7840dd47d,0919cc4d3203b1d723138c3e6b73cc9ade3cd31edc74d57e4ad9bd38df10ec13,retained-unmodified-source,individual-semantic-review-pending
src/ogdf/upward/FixedEmbeddingUpwardEdgeInserter.cpp,e7925e9329d7dc7931271b40c98d21a5ff9b2e92,6c488ba3a9c4947af6afdf6232018de598983f42ba684fa6ab3a52e47061619f,retained-unmodified-source,individual-semantic-review-pending
src/ogdf/upward/LayerBasedUPRLayout.cpp,a07303e50ecb77374f626ae12b6104f24637efb9,42bc63e9d359afd757db53eda7b88d4879a4ae0078b4eb20f0a89c0397db5d9b,retained-unmodified-source,individual-semantic-review-pending
src/ogdf/upward/MaximalFUPS.cpp,6be222df969f3ee69a2cf26f7045822192f2561d,3189ea4c24ed36153d18eac35a2e3c89eb1db9281f1990f323ed9c12d0e26334,retained-unmodified-source,individual-semantic-review-pending
src/ogdf/upward/SubgraphUpwardPlanarizer.cpp,5ed9d3765c24f467c50b57ce07c066de2894955e,62800b889d300a63b2255f7760dd639a459b56feb4c2e98754c3bb12f711d428,retained-unmodified-source,individual-semantic-review-pending
src/ogdf/upward/UpwardPlanRep.cpp,c29dc005db92ee0a7aa368d55dc5793ae0ca69ab,d2a99022e36ecdfd80ee7371477bc349694bef6e30a5faa90c1a5457c69990f7,retained-unmodified-source,individual-semantic-review-pending
src/ogdf/upward/UpwardPlanarSubgraphModule.cpp,9231bd7b2b16682d6a3615d1c4c99a8df34dcd71,1eec223772fd7e6542990c3fc57acce109613c6e4c47bcf46f1ef27836399dae,retained-unmodified-source,individual-semantic-review-pending
src/ogdf/upward/UpwardPlanarSubgraphSimple.cpp,b4587eb3b132d228f72ea84d0c2ab0a7e0de17ab,21ce59b2b41b4f508a0e898ef1d025a641ab01b796885ce6cc9cd7d81a0a52c1,retained-unmodified-source,individual-semantic-review-pending
src/ogdf/upward/UpwardPlanarity.cpp,c9eb7e1ca1814983270002bf3987b2dcadf01d97,1bc9b98e8638b61a4f5cfa7d385e3eb310c9671bd7992e5686a416d3b0a4058d,retained-unmodified-source,individual-semantic-review-pending
src/ogdf/upward/VisibilityLayout.cpp,f561fd7331ebb144fded1ffa5fb2fff3feba16bb,5bdbf7ba44fc259b57ee0da7e0943cdc5da502237c1f8a3020ab268b2c683411,retained-unmodified-source,individual-semantic-review-pending
src/ogdf/upward/internal/UpSAT.cpp,c518166428d65b298c1343ab68cf8fb46c814f1c,9f8076fd28914b3dc5ea180c9a0c2e12d8920031c8cf9289e180fd1593182989,retained-unmodified-source,individual-semantic-review-pending
src/ogdf/upward/internal/UpwardPlanarityEmbeddedDigraph.cpp,7e4117b8ebb0cc0f8097409ba4aa38a366d7d4c7,a776f5eeb4a41d2549494f82aa3a34e1e84a7d7e696ffe2a3a75e2389dd0f632,retained-unmodified-source,individual-semantic-review-pending
src/ogdf/upward/internal/UpwardPlanaritySingleSource.cpp,c8a0c4393daf50aa17f3caaa17e7c340604c0ead,914815ebf6060d4a9f36c2475554ec40ed23c8ab83b8419248aa755aba7f74f9,retained-unmodified-source,individual-semantic-review-pending
test/include/bandit/LICENSE.txt,0a53790becf7d2b70275e1d8a2913546f05ae4cc,2ab4a2328e5dda7fca0bdcd920d784105edbc7a5170ea7b25f52148e86bd2873,retained-unmodified-source,individual-semantic-review-pending
test/include/bandit/README.md,5453a79ac186cf4b1a866a112e7bd30e0a9fc85b,fc4c7c7082f79b220cad9bd98c32cda7ba1fb1cf6462ff8e124b730447d595a9,retained-unmodified-source,individual-semantic-review-pending
test/include/bandit/adapters.h,85f1d26cd14f8dfb7e5c5a9bacb858e7d09c50ce,1a457e73bfcf9b9c3157cb4a221ddaa1f630a0a9fd99a4795b8c8558329611ea,retained-unmodified-source,individual-semantic-review-pending
test/include/bandit/adapters/interface.h,d3714d11b32fc3fc4d398160949a6d13cccdf06e,580666a8fb5dc80a60bcdf232f2025425494ad87812d964213aa07eff4e09c3e,retained-unmodified-source,individual-semantic-review-pending
test/include/bandit/adapters/snowhouse.h,f3d9fdea939129a7ee8c271032895e405922bd77,b6413356e3ebbbfc8fc2c970ca67d757e6e19ac3d71c163702bfaeba9aab8003,retained-unmodified-source,individual-semantic-review-pending
test/include/bandit/assertion_exception.h,d9201760e2aefd21816a6c71ae20432175df7efc,207f8422f247bf0fab5523b9d87dd3050855a9796783797970cb12574ac9cb7b,retained-unmodified-source,individual-semantic-review-pending
test/include/bandit/assertion_frameworks/snowhouse/LICENSE_1_0.txt,36b7cd93cdfbac762f5be4c6ce276df2ea6305c2,c9bff75738922193e67fa726fa225535870d2aa1059f91452c411736284ad566,retained-unmodified-source,individual-semantic-review-pending
test/include/bandit/assertion_frameworks/snowhouse/README.md,fa9667f37a5c6c748519689a71673936e0400d4b,1593876b8fef1a8949e3dd7c5a38f6d2574dedbe95947d6c39bd6a8a6a01b995,retained-unmodified-source,individual-semantic-review-pending
test/include/bandit/assertion_frameworks/snowhouse/assert.h,dc76a8f9ae70f806312c7382795bb0b8414e261f,687206f57291356b143faf737e7541688dbac9e15f429970ab6fdb41b86df5cf,retained-unmodified-source,individual-semantic-review-pending
test/include/bandit/assertion_frameworks/snowhouse/assertionexception.h,1db8e358feb785d8cdea538b0c2bfd983e950b92,3c5760ba9b82d64ded1639cc13f72207485d0cae89be886f95daff3655a6ea5d,retained-unmodified-source,individual-semantic-review-pending
test/include/bandit/assertion_frameworks/snowhouse/constraints/constraints.h,839902ba5fa906d2ffc2b5ab075bdee4423d0846,2bb7411dedbb272e14761976fe68737692bc4a6414cd29acdad53e93638d8913,retained-unmodified-source,individual-semantic-review-pending
test/include/bandit/assertion_frameworks/snowhouse/constraints/containsconstraint.h,8715a401c5a928689b13118c4ebb805bcb0ec34e,2ada17aab9032fa7c47a0cbc8f59d0b8638b47eee844a9a7f5be142189ac9ac2,retained-unmodified-source,individual-semantic-review-pending
test/include/bandit/assertion_frameworks/snowhouse/constraints/endswithconstraint.h,192dcf4f88460502ababc3abdd5d3f755af02529,140d696f9d75185725d21bc0db211513df8e18ceb59022d51d3f30529f8898ff,retained-unmodified-source,individual-semantic-review-pending
test/include/bandit/assertion_frameworks/snowhouse/constraints/equalsconstraint.h,c7300979cd0ecef93154af5d6260abe9ad9c8371,5327f1165c388deba75f7501a625e268b90e367feb7a30e6e77c0d5a68e6ac44,retained-unmodified-source,individual-semantic-review-pending
test/include/bandit/assertion_frameworks/snowhouse/constraints/equalscontainerconstraint.h,ee47c6fd8d5280af217342b76e49c13bad8aa6d4,c0cf88de3220cf8e869250f87aa32a175e484bd63157ee7090c43787daa6b240,retained-unmodified-source,individual-semantic-review-pending
test/include/bandit/assertion_frameworks/snowhouse/constraints/equalswithdeltaconstraint.h,b3d8c56a41db0cc5cff9793c431cc8a217182f86,8d1e273bb2d07690f7ef87b9ea227f95feb0a893e97b094d78aa23b86692bade,retained-unmodified-source,individual-semantic-review-pending
test/include/bandit/assertion_frameworks/snowhouse/constraints/expressions/andexpression.h,370bab6e47dabe6a0a0b8f4d9860f1a0b99c1542,c6164c649962c922f4ecdf5c6b976b383d1ed3ce3de5f41e8f4c63cde5dc0c3b,retained-unmodified-source,individual-semantic-review-pending
test/include/bandit/assertion_frameworks/snowhouse/constraints/expressions/expression.h,1e26976d944759ea47b6b9295ed5efc295e8ceff,51e2e2df3ff46d1dfce60323ec37117aff4dfe480ab839651af68a1fff3c6b04,retained-unmodified-source,individual-semantic-review-pending
test/include/bandit/assertion_frameworks/snowhouse/constraints/expressions/expression_fwd.h,91fbc6f8296e6c0407fa4c971e02cec13c361c95,388c24cb62b77f862f25d5d0f7f64b291f3c19d6dd0237ab6ceec2d153924583,retained-unmodified-source,individual-semantic-review-pending
test/include/bandit/assertion_frameworks/snowhouse/constraints/expressions/notexpression.h,cbc76f1ac709c9e5422b5d70a36440d63645c24b,0db05ec52f6263d0b2e018ab2a82b84ad58d170ab3a5d93d96e27e91a9f9c330,retained-unmodified-source,individual-semantic-review-pending
test/include/bandit/assertion_frameworks/snowhouse/constraints/expressions/orexpression.h,7caabcdb68dda034c97a06f188069b8c27563519,a4a624f3aeb4e5a2e0df76f4f84172d69bb350ab4a6d76b72e58fa272af38692,retained-unmodified-source,individual-semantic-review-pending
test/include/bandit/assertion_frameworks/snowhouse/constraints/fulfillsconstraint.h,00c21460fb871f5dfd4eabc7c107edfb17f89d27,16a053cbc4c9b85516d8323755bbe2693903bd2f29f21a2fff2e884787ceb122,retained-unmodified-source,individual-semantic-review-pending
test/include/bandit/assertion_frameworks/snowhouse/constraints/haslengthconstraint.h,c318a0d2bbc2171dab4d0801b64305312ac41506,a78704adf7ad4094b2eb2d158d41a0b2af6d22ce6ba1eff2efb8a2730a203bfe,retained-unmodified-source,individual-semantic-review-pending
test/include/bandit/assertion_frameworks/snowhouse/constraints/isemptyconstraint.h,9774fb7d8fc23724246365b4e08cbf8de24d6649,7043ba923bc3afb4145ad6c058de2119a32823ed54f6f9d1777f12e338deed71,retained-unmodified-source,individual-semantic-review-pending
test/include/bandit/assertion_frameworks/snowhouse/constraints/isgreaterthanconstraint.h,3f3586ca18b778c8dd6be7907ec680719678255d,8839faaa93674e79161c078ac4d368d34755ee1aa819d1c0045c3ac2c09d6dbf,retained-unmodified-source,individual-semantic-review-pending
test/include/bandit/assertion_frameworks/snowhouse/constraints/isgreaterthanorequaltoconstraint.h,8f08aa8ba0af3af630bc37f8c77c7b695cf26abc,9ec6f29bb3d319cdc1984171b58fbce689edaf2ea2294c1425b25c9a0552a670,retained-unmodified-source,individual-semantic-review-pending
test/include/bandit/assertion_frameworks/snowhouse/constraints/islessthanconstraint.h,889378010cd50f05f8301d401c45650fbf827c9c,6cd61889a92539763306c173de982b758a309913bfacdc6b3909604995a53289,retained-unmodified-source,individual-semantic-review-pending
test/include/bandit/assertion_frameworks/snowhouse/constraints/islessthanorequaltoconstraint.h,5ba07e0e4a72d7283d2ed3acf20925b7036f6e3f,106959b1547e59efe1e70afcc5dbf007ca47ebc0c6ef164654d99701dbca759d,retained-unmodified-source,individual-semantic-review-pending
test/include/bandit/assertion_frameworks/snowhouse/constraints/startswithconstraint.h,9cb0e136bdfbb6b942e2d5eea5cd775466b8bc5d,ad2dad93044101fab48d15db7f0291815adc905ff659cd598bf97a7f46cc8d73,retained-unmodified-source,individual-semantic-review-pending
test/include/bandit/assertion_frameworks/snowhouse/exceptions.h,2a93a7a63ac810111ac7b5298ea0b543c9a412d3,79e8c42ddde82488bbf57be8f2c5fb89b7e031db7f3968c72ec23babc4e81534,retained-unmodified-source,individual-semantic-review-pending
test/include/bandit/assertion_frameworks/snowhouse/fluent/constraintadapter.h,a4aca952b2de6d5d4c5c674831a561ec693e4af3,3322cc5c07d4d5246cfb5088e916171fb59d6c0f9a7fce9c1d6525d3c9e65d96,retained-unmodified-source,individual-semantic-review-pending
test/include/bandit/assertion_frameworks/snowhouse/fluent/constraintlist.h,33e7a1843d2aadc275c4f37371fd9a237464835d,17cbb60d20718598ccfa04780eec71f6599945b00441adc6f55ac59b23f495e0,retained-unmodified-source,individual-semantic-review-pending
test/include/bandit/assertion_frameworks/snowhouse/fluent/expressionbuilder.h,cac2b6d36d28c0f0e967aec284e3c8da604188f3,9f3abd0851efda70b523a04f9a05b2ee98706c31d7a9e9f857a9830e3dcd0f9b,retained-unmodified-source,individual-semantic-review-pending
test/include/bandit/assertion_frameworks/snowhouse/fluent/fluent.h,1a0d3270c2d4de17b221696b8c4132dce02c72d6,94f353fdaed9160b9e36a2b41890c01de0cb1e847a34254626a5a5d2447395e7,retained-unmodified-source,individual-semantic-review-pending
test/include/bandit/assertion_frameworks/snowhouse/fluent/operators/andoperator.h,034d04db544ea015a35cc894751dd9cd4bc927b1,3a7b2c7d5929d6603616e2fb97ec7f2c921bd1b4b0584928a68c803d465f9e1f,retained-unmodified-source,individual-semantic-review-pending
test/include/bandit/assertion_frameworks/snowhouse/fluent/operators/collections/alloperator.h,4f487da4e8e01e2d384998599b36fc2fe6400f4d,d0828685eafe1bc40e8cbd1ad5f561c89dd3c72d8772bc98b592666f517a4e2e,retained-unmodified-source,individual-semantic-review-pending
test/include/bandit/assertion_frameworks/snowhouse/fluent/operators/collections/atleastoperator.h,89b20e0913f4064fc96324b0232d91d78a635aad,779e6f4e372cfe31f7431b57684b2e692fa2b57f33439719e93c25533c6341f5,retained-unmodified-source,individual-semantic-review-pending
test/include/bandit/assertion_frameworks/snowhouse/fluent/operators/collections/atmostoperator.h,1649f8874e03acd589fc1a8318159e1dac2570e4,49fe567b5f83d6b44ae68c9ba945385aef8e0ea32897c208b54699e555038d23,retained-unmodified-source,individual-semantic-review-pending
test/include/bandit/assertion_frameworks/snowhouse/fluent/operators/collections/collectionconstraintevaluator.h,e67dd7873b6ba7247e26430f8f0458573326e79b,40e38e27ec6bd7a03e18754565694dc4be74f5ba3c3cbf423c0d5f3108715481,retained-unmodified-source,individual-semantic-review-pending
test/include/bandit/assertion_frameworks/snowhouse/fluent/operators/collections/collectionoperator.h,43e9185ce299069f4496af3499d24c188aed8a46,b3c0575f9b0625fe6a0a103786469c20bbe9cc2f7281a91bb3d0d2b72aabdd7d,retained-unmodified-source,individual-semantic-review-pending
test/include/bandit/assertion_frameworks/snowhouse/fluent/operators/collections/exactlyoperator.h,06d03f967b33c868615a58f839d86171a7d95c18,0e0acab08df0b78af97a72476c73944d29006f608676444a6b19f2cf6a0da6fb,retained-unmodified-source,individual-semantic-review-pending
test/include/bandit/assertion_frameworks/snowhouse/fluent/operators/collections/noneoperator.h,121dbce57b04b002076dd037cd4a587e0a9f33eb,7ef94e436808a17acf9da364a4e770ad347d9b54537982d122e5203c4b3ffeb1,retained-unmodified-source,individual-semantic-review-pending
test/include/bandit/assertion_frameworks/snowhouse/fluent/operators/constraintoperator.h,12830a5f2c174135caeaf1d2fdab6178eb880282,df4fab0630a393d14b8f43e42065cde297227a12c280712f3c0338b438c1ec30,retained-unmodified-source,individual-semantic-review-pending
test/include/bandit/assertion_frameworks/snowhouse/fluent/operators/invalidexpressionexception.h,975e97014738a22bdd398d6b91c6f03a1d9c8b30,70f5056b244f7c1409f2a3022c2ea77973204dac914b3df8697dc5b062a53232,retained-unmodified-source,individual-semantic-review-pending
test/include/bandit/assertion_frameworks/snowhouse/fluent/operators/notoperator.h,1af9b7db2f8a64ea993d5b10d35fc298fdd9fbfe,16c1c38db6f506ac1ceae83b78deb9abb975d15652cf0eca2798056a7d316728,retained-unmodified-source,individual-semantic-review-pending
test/include/bandit/assertion_frameworks/snowhouse/fluent/operators/oroperator.h,0b64854f160ae0517809311d1abbc023efa7bbc7,5a7a6597ee46252008ed10f623a0aad2a09e01d0cac86fa32dab5bc11b985ed7,retained-unmodified-source,individual-semantic-review-pending
test/include/bandit/assertion_frameworks/snowhouse/macros.h,b6854f5010eef84db8e15993e537f4b74e3b5db9,8362fd91485492f301af91d72fd3e13a7d31c68f3acb67e24905b0bd65ccc738,retained-unmodified-source,individual-semantic-review-pending
test/include/bandit/assertion_frameworks/snowhouse/snowhouse.h,cb9b03463b4562202fe44f7c43595c1140cee1e2,e17e8556896de82e39063b48b0a0e0fe0fc91dd443625fdad514c247513f16b4,retained-unmodified-source,individual-semantic-review-pending
test/include/bandit/assertion_frameworks/snowhouse/stringize.h,157bc9748431a008f38d53cbfc19449e33607b30,80800327b6f6cecf1819e4838b5f925e3e6c55fa010d772cab9955585cb7a573,retained-unmodified-source,individual-semantic-review-pending
test/include/bandit/assertion_frameworks/snowhouse/stringizers.h,ae10d4990321b114b87d7245690b21eec03ab6de,bc7aa9fa84ddb4fa6bdc65151f43b7613993f9a9b83512e906b9426ca06f450d,retained-unmodified-source,individual-semantic-review-pending
test/include/bandit/bandit.h,a5013463c169fbea656cb41fa971e92162f65098,4701b074a6f368f91b2c03244dd544dba3d30bc29f3839f52fdd39bb99769b43,retained-unmodified-source,individual-semantic-review-pending
test/include/bandit/colorizers.h,903c2214a7430ec2b7d36e63506f970f2b30a25a,b09ab95e1f9c62adfb0a8f8ca7b1b2ee545c860a91f2e5be4709d30bafd2c7f1,retained-unmodified-source,individual-semantic-review-pending
test/include/bandit/colorizers/backend.h,6838078ec56802ba2e011e6c8e06833c7c34181f,94eb54fba19785f8d483fd0346a7dfbd696fd82b699477d1aaf3754afc1b0648,retained-unmodified-source,individual-semantic-review-pending
test/include/bandit/colorizers/dark.h,a8a4e06ef3147a63e53f781135a8fc8d1aec3856,2738d315f90cee4d233a5f5e35947fad1ba8d0f5725984595e6e04aecd03a5d2,retained-unmodified-source,individual-semantic-review-pending
test/include/bandit/colorizers/interface.h,beb3d6e24ae1aca2416984e6ef92fc357a8c4d3c,e01001a77791b24a51a72cc3631bdc9f22bc49ae758916ccdb5f2d623c25078a,retained-unmodified-source,individual-semantic-review-pending
test/include/bandit/colorizers/light.h,2f3c1b669f919c7fab800e7af9ebac77e2dc153c,1943e9f45ff45fdb75b90971129c5533e85c4b4cba3082ea33cbdba486f8ffdf,retained-unmodified-source,individual-semantic-review-pending
test/include/bandit/colorizers/off.h,1cfa6f42d6c54d1fde96d32e6d7df1b5129a808c,54b6be5b072c5a1d827275a840ee769d37440c6d9bb6fe6aa98091aea51a61ad,retained-unmodified-source,individual-semantic-review-pending
test/include/bandit/context.h,c14838881e4835ba1808eb85f32c82641967f0fc,2f37db61a5bb03a2d7b48828fde4b41be3ea44e2a1f42ecf54ae447c7374796e,retained-unmodified-source,individual-semantic-review-pending
test/include/bandit/controller.h,fefb248740d6356c45423f300ba3e665eadba4ca,acf0b8042ecb963f3998a9ff0b986fd6a22492afc30045661a189eef0657cfd9,retained-unmodified-source,individual-semantic-review-pending
test/include/bandit/external/optionparser.h,0878c665ca835e252c75bc5eaf3f4569c570e1f7,a60d4396ec8f93d3c2a09fdafa7cb394025d5a6055071c5b263f1c5da2d20457,retained-unmodified-source,individual-semantic-review-pending
test/include/bandit/failure_formatters.h,e8b550ee4798f07a01bbe2c9d5602f3a96de38a5,f1121fabd1b69658566d5babf6d38a1741b380f579d5d41e180f8df54e8d097f,retained-unmodified-source,individual-semantic-review-pending
test/include/bandit/failure_formatters/generic.h,d4d58ff9a7bdf1f40b3d0201d83bae6b74a4e2c4,a149708e5727a73e73bae8a009cff8b7002e0b4c2c8e48e03d598d92b144c578,retained-unmodified-source,individual-semantic-review-pending
test/include/bandit/failure_formatters/interface.h,cf59786283a6777fb6356d5e56295c8bd697329d,34a2225985ae048166abc4389ce146e5297a7d4499004eca9d37c6631e425225,retained-unmodified-source,individual-semantic-review-pending
test/include/bandit/failure_formatters/posix.h,3e9ed1b0642693d9f91ad988a1b8bfa3ff0adb73,c23af25f1dc8f5f499dcb25d6688a6a3b9487c5eeb0a83db3507aa6bc1ef8100,retained-unmodified-source,individual-semantic-review-pending
test/include/bandit/failure_formatters/qt_creator.h,4d74fe2905e7e9dbd1710be20899456c3879c1bd,e3c89c2748426b5aab61e790fefc8de57c451855d08dab1128c24219839db626,retained-unmodified-source,individual-semantic-review-pending
test/include/bandit/failure_formatters/visual_studio.h,063113c0dd68e21d6f250ad6e400edfb4a52ae42,c4845ac88f55d563a661b11b637f418a81e208e23c24e6c57b766aa1d6d6db82,retained-unmodified-source,individual-semantic-review-pending
test/include/bandit/grammar.h,1fbdc4549e69a384b167047a77b07e498cc865b2,91f02b2d101d4434c06f31779893a644c9c74ee75f6cd6e1b7323041e676cab2,retained-unmodified-source,individual-semantic-review-pending
test/include/bandit/options.h,b0611177461ba6d6920ce2f319306f93b82af5d1,362500bf9414942ff21bf9b6a879bf0111c0766a539604d2d118e5326b010cd4,retained-unmodified-source,individual-semantic-review-pending
test/include/bandit/registration/registrar.h,780e577113356111b645f9d41082112b884dd4f6,2ed0f4abb7bfd4a51f95020951283bade23cb47e66c2c7cc7ca99c238d01987b,retained-unmodified-source,individual-semantic-review-pending
test/include/bandit/registration/spec_registry.h,393ba308b99610fb4065ffa6d7587df4c23e7870,0f2b8290b026328fa6d979200d336905e01c3bdce40b6edf21ab5e6987b7bbe2,retained-unmodified-source,individual-semantic-review-pending
test/include/bandit/reporters.h,b15ca01ed3cf9f804f120bc3091332a64058b27e,a36dcfb73ed034d57b88c286737fde1b0de2a1691ac6c166015b410354c1aab9,retained-unmodified-source,individual-semantic-review-pending
test/include/bandit/reporters/colored_base.h,b5752af7b287f502b3c248ff3b343cf0ea22a38c,25d767f5231196483818c51e57d19460432ad524d27dc23d0f7f906b0a9f105d,retained-unmodified-source,individual-semantic-review-pending
test/include/bandit/reporters/crash.h,25d778ee96a6ab96fd57d49c62208e0c75701f4e,bca9064ef3121feaa7c0c249ee39780cc4933fc502965f22f2a5609765063cb4,retained-unmodified-source,individual-semantic-review-pending
test/include/bandit/reporters/dots.h,dc9d079dbd2c24698a8066c101ee08170a13756e,20e6dc090e7dc4a30f4ddf2ae090211037855cfa9562130a3724336f759fe0ec,retained-unmodified-source,individual-semantic-review-pending
test/include/bandit/reporters/info.h,7b151d2093ad58bc27374a33a162c5a509f61013,e55719eec253d721333023562422dcf7f7e944ceabe7ec1b4bc52956b7e58a29,retained-unmodified-source,individual-semantic-review-pending
test/include/bandit/reporters/interface.h,33cd2af52344d7f4ecf709c912ee904b7287601e,699f715aaa23da30d46207a82bb67a402c3693ccf461d55cafeb3986f22b26d6,retained-unmodified-source,individual-semantic-review-pending
test/include/bandit/reporters/progress_base.h,8530ed2cebfc790a8d20d5fccd29d5ac6ee56dab,0519599a8d916729912cb5bd72c2a2feeb3cac20a45a39d36301beee9b5b0e01,retained-unmodified-source,individual-semantic-review-pending
test/include/bandit/reporters/singleline.h,407de714106ea821ac9f4e07bd95647f8c8281ca,9a3af7d0d2406ded1840b403109e9eae3f2c9a02ff6338be76d08ae43377a16c,retained-unmodified-source,individual-semantic-review-pending
test/include/bandit/reporters/spec.h,6906d32fa18333714dee84707da209b9cbb04a0e,fe86279712fdd010cdf2a72028a593162616532513695874d862b329a613cfaa,retained-unmodified-source,individual-semantic-review-pending
test/include/bandit/reporters/summary.h,0520935e5bccc91eb9a948e0f8f032562ba5f071,c07e12cd6d9a0251763da8a7a6f64b00abed250f83f16cf6192d8d98b80a1370,retained-unmodified-source,individual-semantic-review-pending
test/include/bandit/reporters/xunit.h,e46cfe671b216accd74bc16e3ab2115d50b0dfef,e0bb0903198467177cf5318b075710d5d621cb79dcf8f0a91931270357358557,retained-unmodified-source,individual-semantic-review-pending
test/include/bandit/run_policies.h,28a3941aa8467771022eee36bde1a780dfb08687,dc3c5938a9c7a26219ed7fcf9ceb3d0b1155ca4f355fa60c123868ad8c4f7247,retained-unmodified-source,individual-semantic-review-pending
test/include/bandit/run_policies/always.h,e90d37468c821d33ff9e033c2ac64f7ccf654a36,dba37c545ab3b59a569a626357f3a223598c175634d10629a2aa28f4540e3980,retained-unmodified-source,individual-semantic-review-pending
test/include/bandit/run_policies/bandit.h,2ef6817dd2ebb3e90832313f98639fe03fb1d999,3b1f4ce446550d49a643c9874c7b65a0d022fd343d34c185103c4d1394865e74,retained-unmodified-source,individual-semantic-review-pending
test/include/bandit/run_policies/filter_chain.h,e5efa42462dd8da2ed04e436cc194207b70a6318,7612190b704473a6526198adb3d82b2fc54000d9e796382584132cb2c684917a,retained-unmodified-source,individual-semantic-review-pending
test/include/bandit/run_policies/interface.h,26a028ff550f0db564adfe7d43b622f62416cd78,bd48e6f6a667458e62f3b96828fe48ed3bbcbc43a19e420237a0084ee13ea3f5,retained-unmodified-source,individual-semantic-review-pending
test/include/bandit/run_policies/never.h,52e0ce5118a8fd9ec8ff15a1f13ed0174ed0d64f,a9e8dbae7b887e7dca6ccda82921cdac0ae467ce7c3f4bdaa4e9d317a4a53dde,retained-unmodified-source,individual-semantic-review-pending
test/include/bandit/runner.h,3eebea35ec65453a0ec630bd2505d48ffd039657,99c86ff83812e1db4ca101a98c8c9cb18278e6db11f1dc6d5ef1f69027422bff,retained-unmodified-source,individual-semantic-review-pending
test/include/bandit/test_run_error.h,efb3b2afc1eb082504c47718924cb700e3cb18b6,23d7f4a43d0b63c3774d5af62ca318cee50e91787e51faa9680b2acd8295dc26,retained-unmodified-source,individual-semantic-review-pending
test/include/bandit/version.h,a81d246f22e45ef9d82b953855319dc5fdef52f8,11f0f00779679565dc4b5067aa49e297dd3a1b32aa7237e728a47f7c8a5e5448,retained-unmodified-source,individual-semantic-review-pending
test/include/graphs.h,99d85f490c5678fbc5e72d8576a468bd205db910,6562125bbed44d241b33005d5e6efe8ee1a15da520341950a85203ac7a740c68,retained-unmodified-source,individual-semantic-review-pending
test/include/resources.h,f65176981bb17108bc5333b922bdea70fd5767b4,aa2aaf5dfc9219f3d9076ce6d98a8149fb15bbe22c6b55682add8ba3a13a691f,retained-unmodified-source,individual-semantic-review-pending
test/include/testing.h,c8e10619c9073df69857cd4ae247f96050018762,8431d5f28b590ff2fd5b96f1d0898407f882dd855c765abc7b51bcbcbb296e5a,retained-unmodified-source,individual-semantic-review-pending
test/include/tinydir.h,d8197003c15ab004e923f26cd40355811d84689b,402f8fd04e0ac9ed3d1c28e12b2e87656b11cc96c8783c30a555c88a3d4176c7,retained-unmodified-source,individual-semantic-review-pending
test/resources/fileformats/chaco/invalid/invalid-node.chaco,8c14946df7447c6bd1491121052bfc12c8d0f147,54cf93976c8449ba9ad660e5de09675d9fda4b012370723bae4ceb2e9effec5f,retained-unmodified-source,individual-semantic-review-pending
test/resources/fileformats/chaco/invalid/too-many-lines.chaco,d1eba3358a41336c6398af79565644aa1a011345,9d3c459e09b65d564ef7185bbf0b2b10abfcbf3cc156921e52a805c4778dbb6c,retained-unmodified-source,individual-semantic-review-pending
test/resources/fileformats/chaco/invalid/wrong-format-stp.chaco,8f0d6f3e9ce052d1a7b0b0bcd1a68604683617fd,5c7c61039dadc82ae234815b4eb15e8b96708473bda3e39d1d4f620335896233,retained-unmodified-source,individual-semantic-review-pending
test/resources/fileformats/chaco/valid/commented.chaco,467a570ddf7670dc33108f0d90cca4f282d7609e,46024d5ac2ddf5f1676b36685cd35fbdc604307952c1baddbd3e6f2c767f878c,retained-unmodified-source,individual-semantic-review-pending
test/resources/fileformats/chaco/valid/numbered.chaco,a688f505df6dea0253b1c744ecf11cd5aeee2c22,ab804cbd2d162611ea2da2e337d7ded2d08e72eb85322c9cc7508eed52cd4b11,retained-unmodified-source,individual-semantic-review-pending
test/resources/fileformats/chaco/valid/simple.chaco,1a5cc45042b687981c49e4bc9d4f36ded8532519,3bda75dac97c7f1117afd08f1e772ce05e2a18d4b81988044f722ae4f9eab704,retained-unmodified-source,individual-semantic-review-pending
test/resources/fileformats/chaco/valid/weighted.chaco,97e2fc7a0501bdc49b000e2d2a4033d0413de55c,73f9626b38104e95849463733c2110be6aa00c6341893ef40a12cd4847ca13df,retained-unmodified-source,individual-semantic-review-pending
test/resources/fileformats/digraph6/valid/doc.d6,2b771c5c39993158858facb71693a569be313e1f,642ef8f73ef88772a1ac1687c47fd1cf225fbb62fb350402c5205b2ca7ca09da,retained-unmodified-source,individual-semantic-review-pending
test/resources/fileformats/dl/invalid/broken-edge-list.dl,c77e0540ba7c0cae404231152debd102121b74c2,dcd4fca23d3b8f18569bcab800b18967c9746ab8a59a9d2f64d3078851b4d381,retained-unmodified-source,individual-semantic-review-pending
test/resources/fileformats/dl/invalid/invalid-matrix.dl,f4efe5f1fbb1e980e67851401f968c8d61362d63,ecda9964ec985963bc9e4a5b66a46a36fabecd057516007243d39df047b9d3dd,retained-unmodified-source,individual-semantic-review-pending
test/resources/fileformats/dl/invalid/too-few-nodes-list.dl,f5e40189795ea3223657d51d2e5372c0ed42396e,1d28eb73034835e0c17773a1360577077220e22f595a0708ffe6f1b71c76fffe,retained-unmodified-source,individual-semantic-review-pending
test/resources/fileformats/dl/invalid/too-few-nodes-matrix.dl,b007b51e6736dcaf3bab2383025b1f03ae90a990,c3b4f6d1748760d96886cf29211bb3b7d14a0b63e830b85c8bf58c9a4efdf777,retained-unmodified-source,individual-semantic-review-pending
test/resources/fileformats/dl/invalid/unkown-label.dl,5df602f246704d6ecb4ff3dae1fec0c2c2be776f,fb16e886d824ed9584a995d5621a60c32da1abdc464a29c013b3f392d86fced4,retained-unmodified-source,individual-semantic-review-pending
test/resources/fileformats/dl/valid/edge-list.dl,135a688d288ab55612f01f4a3251372f3e21d270,b5b44f6e3d94da1329114331beff8903b74cab1f4284ed0990b937eee1b6c0f7,retained-unmodified-source,individual-semantic-review-pending
test/resources/fileformats/dl/valid/embedded.dl,a30db0e0a6b5826a8477ea292c7769492b820283,3bd515cefde0ff91e06dc5706e75f475b90ced9b10f3435230d690392dab6fc8,retained-unmodified-source,individual-semantic-review-pending
test/resources/fileformats/dl/valid/labels.dl,e291078969ae922a861a6f4408c305a623a82aef,efe2208a46971585d4f7e83a8b9aafa482636e8ea95a21f4a22f953ea1e5781c,retained-unmodified-source,individual-semantic-review-pending
test/resources/fileformats/dl/valid/simple.dl,f67e7c5433c38dc807f583b9d20855096bac409f,a83923f610b1e9ef4dc76b36dfd107ac16336ce95ea3822419bd7536a381a9c1,retained-unmodified-source,individual-semantic-review-pending
test/resources/fileformats/dl/valid/weighted.dl,01bc0a945af86bccc58e6cf427a8dd1bd4c4c991,79855060e26a0ff7bd62ca1105d6db195e071edb9971e83c14fe037765d78d63,retained-unmodified-source,individual-semantic-review-pending
test/resources/fileformats/dmf/invalid/broken-edge-source-index.dmf,456aea22851c9b8407ce1b694bc60dcd5e0c066e,d2707d60cb9ea76f4c7a0964e89fe150d8481e38743c9f250aa7ffdbe56ba359,retained-unmodified-source,individual-semantic-review-pending
test/resources/fileformats/dmf/invalid/broken-edge-target-index.dmf,d7ccd36ee44bc88d318b944d7a4f12cbc80d2098,5d1cfef50bfc93f2fe4d01f9ba1bcd510c870e7e50e7a09f03cae5de616e2dfd,retained-unmodified-source,individual-semantic-review-pending
test/resources/fileformats/dmf/invalid/broken-line.dmf,09b8723a20a3f891b4296f7d023c65e3947d9e10,e07e83b9e025da61b90df3a6bdcb96ecc72795a7927dfafbd677d06b51cc9f4b,retained-unmodified-source,individual-semantic-review-pending
test/resources/fileformats/dmf/invalid/broken-source-index.dmf,bec281e214332ffcb02a6148587bdf4f0da8ff7f,a33a6cf8f9897a26f2ac7e57bc673287ef7e0a64d82a2cfc7d29fb959dd4b977,retained-unmodified-source,individual-semantic-review-pending
test/resources/fileformats/dmf/invalid/broken-target-index.dmf,0437d3926b2e7c80623daa8408aa97de0deae923,8a97419b1c00195028b0111e86f013c5a32e7d7277c61ca16ff9120ecf24181a,retained-unmodified-source,individual-semantic-review-pending
test/resources/fileformats/dmf/invalid/duplicate-sink.dmf,1dd92cce5c3a4cb473279ba4281a7f5564555664,fd5434245885c3940a7ddab9204875929643f8fd4911161a690296e3e4a4eecf,retained-unmodified-source,individual-semantic-review-pending
test/resources/fileformats/dmf/invalid/duplicate-source.dmf,7d13417fa69c9dc59e2104d9cb31b4a2f29efca7,83f8a53d9257f4cd98e0f500410ddfa74ea724f957e44358b79314a97b16ef35,retained-unmodified-source,individual-semantic-review-pending
test/resources/fileformats/dmf/invalid/negative-capacity.dmf,b03c3e02e6f03443e4b2f4226709e5f3c70b8409,6e9859d9a7787ce91f62e2978c28c379cd11d03199aa09dae155644db81b7eb9,retained-unmodified-source,individual-semantic-review-pending
test/resources/fileformats/dmf/invalid/source-as-sink.dmf,d0c3cb97b16f7cc32c9b1b5fbbf8a121e3d4bcff,bba0f53ebeecaf7e2e7f3f1ff2282e664a8f042989da7ba78f98a2ddb0a18039,retained-unmodified-source,individual-semantic-review-pending
test/resources/fileformats/dmf/valid/comments.dmf,aed4cc5efd8916cc64326f781c965a7f4ab24eeb,a25536afb28e15ab23d779819ed296617bd10cddf572f459680d0f5c62a0c432,retained-unmodified-source,individual-semantic-review-pending
test/resources/fileformats/dmf/valid/simple.dmf,4f851851abaaf5c07ce2dd6bfc02f7d700db7395,b15c5da7c11208e18a755da58c2232a7ced3ea257bb426c2ac5518204f39d330,retained-unmodified-source,individual-semantic-review-pending
test/resources/fileformats/dot/invalid/broken-attribute.dot,60ec7d6f9ab8d6c623e5338a1937c1b9044d760e,ae76bddb771a0c92e186d46ab14b28510014d2de50d0d64743412b3cc5f2b19c,retained-unmodified-source,individual-semantic-review-pending
test/resources/fileformats/dot/invalid/double-name.dot,9cbbf996adf5194dbee0d429dec73d0d9d2fd833,26734ea19bd1d4d66a33cb8f8166344fd39fb548c380912d1c9fab17cba15dc4,retained-unmodified-source,individual-semantic-review-pending
test/resources/fileformats/dot/invalid/missing-node.dot,dd4781f84591a76656940ae2f39a08b36c9ffbac,32aeaec39cbaee3cfe414959bac4c2063639788c5a7e6188e3ee4459b9479087,retained-unmodified-source,individual-semantic-review-pending
test/resources/fileformats/dot/valid/arrowtypes.dot,13b20f24abd586d11e16a10aaa3a1cc58f3abe54,b539f45fcf672b537b373b6c082136b898b37678e9261b481eb2476cbc36f024,retained-unmodified-source,individual-semantic-review-pending
test/resources/fileformats/dot/valid/assignments.dot,0dc6e556a1d59923c80ab5ebbd0d3996a9608d49,c7fc072075a4c916c9aecd5c136209cb98229a2181b8be6816218320a413838f,retained-unmodified-source,individual-semantic-review-pending
test/resources/fileformats/dot/valid/attributes.dot,d69b84cf35519388bd07e75104fe9fffb05198e2,ac3e10474c636aacfe6c12e995f79f9a8d4e0e9862bc082fe25595fab335a2c7,retained-unmodified-source,individual-semantic-review-pending
test/resources/fileformats/dot/valid/cluster.dot,56dfa14b5a2223c08db5da21fde0b70ac1de01bf,e2422dbb2cb8721353feb4a07585623d8bfad763dfdadb4afd79ea1de978e7da,retained-unmodified-source,individual-semantic-review-pending
test/resources/fileformats/dot/valid/comments.dot,9f371f99413eae5c9bdb68db9e3cb1502c6b649b,2585367a30257bbd96cc3b9308f20dea18a8a1f2797a5e6411406182adb8f9d1,retained-unmodified-source,individual-semantic-review-pending
test/resources/fileformats/dot/valid/directed.dot,b386f81ae22b0e8d7e1cfb4782a1fc940fc4caee,6fb5f943aa0f0dd33a2c6d5ba671eab0246dd0a70599cc27383e95fff7aff8b4,retained-unmodified-source,individual-semantic-review-pending
test/resources/fileformats/dot/valid/named.dot,923fb9ad27624d023066e92cccf7ab55afae019c,46ad1bbb21b53a2f9cf3a405d33cb07a001df673abc2c8babcdc2f87a103ed23,retained-unmodified-source,individual-semantic-review-pending
test/resources/fileformats/dot/valid/no-semicolons.dot,ed78dcddb98000ab3bdc8813a2b85b5cedd25782,2f2efa5251ea8dc2845b2cd41d83d881424e1545f7f5c17d188f7de31c5628d8,retained-unmodified-source,individual-semantic-review-pending
test/resources/fileformats/dot/valid/simple.dot,aeaa03bb4d77ebf5bd1761aaef9e05f9a9b21fd5,aad3d90b27142b57ff80a3d21870eae72256e12ff475e60ca8ca4a0dd92bb5e5,retained-unmodified-source,individual-semantic-review-pending
test/resources/fileformats/gdf/valid/attributes.gdf,b5b850db8c5cff88c50352f02c2dfdc0c77e4229,c65531062df52a2edba37734af8cdb2603bc24ec3cfd096a89a82e99e2983187,retained-unmodified-source,individual-semantic-review-pending
test/resources/fileformats/gdf/valid/quoted.gdf,5fabe3988784992fd32cb1471ff40f5301a6e15f,c855c7eaefc27829592d4d5a191b29ddaedf3bb7f8fda4b042ecb71bb214a605,retained-unmodified-source,individual-semantic-review-pending
test/resources/fileformats/gdf/valid/simple.gdf,15acf49fcf389e50d4cd29c6db33e967a417c0f2,efd5ea90c73c74f7143d3e7e4ba512d4a0570b83014e91d937be04a3114a1d43,retained-unmodified-source,individual-semantic-review-pending
test/resources/fileformats/gdf/valid/weighted.gdf,ad70fc3c2d50ba6387e8dc6176bfd80ebf36bf85,0ba10b01e5b8333e8c21f1ba2886829809357c57e8bae9a201cccd4b565bd818,retained-unmodified-source,individual-semantic-review-pending
test/resources/fileformats/gexf/valid/color.gexf,c2054eaf77bbe17936c23ea9c289e1400043033a,cab6ef9d8e7011899a1ee5a92a91e4ba2455fbbe9b483fecea8b702dc8333bf7,retained-unmodified-source,individual-semantic-review-pending
test/resources/fileformats/gexf/valid/metadata.gexf,406061e3f496802e0206caafc3ddd3cbde16a9a7,7b7419c6ee16dc5821542971d485294c487f170036bf4fac88eb2ae3973283bd,retained-unmodified-source,individual-semantic-review-pending
test/resources/fileformats/gexf/valid/simple.gexf,388109e525ed06f88204b2266d767c5c471bef69,aa3f5a0e277d9bdd4a1978a4a3d5fdce28d24ec5bddf12c9a147b93a08d1a2f7,retained-unmodified-source,individual-semantic-review-pending
test/resources/fileformats/gexf/valid/skip/hierarchy.gexf,bdd49f88f0d646e3243fa58ab8729d3c6306e359,a0337be69193becd4d51233c422e7da3499883f7d95c5e84969039733607f90e,retained-unmodified-source,individual-semantic-review-pending
test/resources/fileformats/gml/cluster/malformed-node-index.gml,250317000d08252de310022f7592b6cf85aea753,dbad7b1abc7705ffcc26b0ff44d6464f2994bb59d9dc26e8c66ca424edae3057,retained-unmodified-source,individual-semantic-review-pending
test/resources/fileformats/gml/cluster/node-in-two-clusters.gml,a0a0ae27fb74c77b7f759dbe30647790e19f504a,b49240af78302058f399e4e4983412b1c17e81b4e206590a6561fa7abb104145,retained-unmodified-source,individual-semantic-review-pending
test/resources/fileformats/gml/invalid/ambiguous-id.gml,dfdf77d802b2b0f337c683a1b9883a3085d34522,b942a0831c43be607564623ca6e8cd048aed4738db1670be1a212dc49d2a8384,retained-unmodified-source,individual-semantic-review-pending
test/resources/fileformats/gml/invalid/ambiguous-source.gml,abcfed1dd9b0c14b1ebf89d838b6846a75595fbd,5ae92bca1ef129c6b97feeb610ae9555e0c40d5a9a4ef3f53aee8d84863105ca,retained-unmodified-source,individual-semantic-review-pending
test/resources/fileformats/gml/invalid/ambiguous-target.gml,4510e454fe9120dd56ff274c666b4d82fa3fba50,9f89db80806350d8790f78ca7fabcc84b03826098036d6f41d384627a15fe18e,retained-unmodified-source,individual-semantic-review-pending
test/resources/fileformats/gml/invalid/invalid-integer.gml,e0bc5d32743988881c4b3f2443f13b5aa98c9bb1,cc327d4a9fe6a943f35556a188574894084ced067d0a5b74418f88571baf8018,retained-unmodified-source,individual-semantic-review-pending
test/resources/fileformats/gml/invalid/invalid-node.gml,a0de6e407a62359de93bd4bd918a366ae723ca6d,ec1d91bc51bf672c5d2f3c4aabac287feb1deca896cd1d0acb0b4289e441cb03,retained-unmodified-source,individual-semantic-review-pending
test/resources/fileformats/gml/invalid/missing-id.gml,104878973d277dfcf312af9415a792031cc9242e,7e5c53c9c1e863f905d2c2109fbb166404f6b3d7e2faa0617369968a164304ba,retained-unmodified-source,individual-semantic-review-pending
test/resources/fileformats/gml/invalid/missing-source.gml,afeb42e6abf0798e5ae85e9a29c905fab72f7d3c,954ad0988faa63d484d7d52102edd55182f79aff3e4a75965c812a8a49361dc0,retained-unmodified-source,individual-semantic-review-pending
test/resources/fileformats/gml/invalid/missing-target.gml,e2468522f974cfc99c7de18ec43970dbfbfd23d7,07c934387120daa9487510a02e8a8c79adaaf466770aa73beebc2c0cb1dd833a,retained-unmodified-source,individual-semantic-review-pending
test/resources/fileformats/gml/invalid/no-graph.gml,01d82ea503c3993734be3e7076005ed7cc4fd424,7869ac9f3071a006c6857ff1b0ff678188509277138b37d6e0d6a3e78aecdbe7,retained-unmodified-source,individual-semantic-review-pending
test/resources/fileformats/gml/valid/attributes.gml,7d1c032f5748363e8f28acf24842e8d84836e472,244f8be68c5d9ce7392efe535d9e57ba175be4bcd008a316642d859e12fa8af1,retained-unmodified-source,individual-semantic-review-pending
test/resources/fileformats/gml/valid/simple.gml,88eca3e27e97bde39f021027cb51e1e86d378be8,f68c4011a8e88ce85619d26d399dc1e9c352ff572a1ba1f72e2286c8d172e03a,retained-unmodified-source,individual-semantic-review-pending
test/resources/fileformats/graph6/valid/k33.g6,f0f3240083abaffed7805da3bc3e9cd2b0884955,ecc2fb417cd30a1c7a955450c5074e147b8c7e006182579ad5726827258ac83d,retained-unmodified-source,individual-semantic-review-pending
test/resources/fileformats/graphml/valid/additional-info.graphml,9af18f6f75ed9b43b46b33717dbeb58c8555da62,8c4bf05cee3503484b873b9ab1f0e1876c103b34114470e254016eafc1763c0d,retained-unmodified-source,individual-semantic-review-pending
test/resources/fileformats/graphml/valid/attributes.graphml,a87446160d9b6aca8cf20b5fbff0f15d06c1c12d,8d498d14bc868004acfe76e78ffdea19ab559f10de6bdceea0d7c61fd4fe7402,retained-unmodified-source,individual-semantic-review-pending
test/resources/fileformats/graphml/valid/hyperedges.graphml,871455172442f9b98ea77772f3498dbad13a9b33,29aabcb31f3a83e08264d4a823f8c5da385b3c89865519bd61813f06ff740e98,retained-unmodified-source,individual-semantic-review-pending
test/resources/fileformats/graphml/valid/long-line.graphml,79b9db8a61752d48fa64f29b88bb0b8a1441a1b6,ac2c1ad6847a99c4fbed7e06ae984b1b563bd38428fcc9b8227ccd5168d5990a,retained-unmodified-source,individual-semantic-review-pending
test/resources/fileformats/graphml/valid/nested.graphml,867674e07e96c72449f87c6abb94730104c09d5f,e8cc1950b8b01da0a674e753f0b8c7a7fd45ea56f3e86ee0999db6a23de602d1,retained-unmodified-source,individual-semantic-review-pending
test/resources/fileformats/graphml/valid/simple.graphml,c3ce36c4c54e52fc114f0ffe057658baf728b6cb,7ca09cbacdb36f21e943e71b198fcd52a2477540622f23425fc53988a0d55d87,retained-unmodified-source,individual-semantic-review-pending
test/resources/fileformats/leda/invalid/invalid-node-index.leda,d01ec545c459d0113b870e990ba2d935c236170b,1aa7bb5cd521df980be2b68b16290274a1352922397f1f6775864b86ea126211,retained-unmodified-source,individual-semantic-review-pending
test/resources/fileformats/leda/invalid/missing-edge-section.leda,aa7b411fe8dcefdf18265ee0c72ef670ba67ee2e,fa3cecd72a1d65077801c78a38d72c9a4f052cf94c4d75a6c33734c0c541b0ff,retained-unmodified-source,individual-semantic-review-pending
test/resources/fileformats/leda/invalid/missing-header.leda,09172ad3f81e3307ce8220f5a1d02117a96492a9,29d8e663922faa0194e7402b1e2e555b6e58c28d82269942300bddaca0a27f32,retained-unmodified-source,individual-semantic-review-pending
test/resources/fileformats/leda/invalid/missing-node-section.leda,756561c13e315f15b884211ae75d39ad5c283367,e341c8d7d7ef7653b70284c16fec61904b78cbdf4168bb727b3ebe3ad1bd02ae,retained-unmodified-source,individual-semantic-review-pending
test/resources/fileformats/leda/invalid/too-few-edges.leda,603ba87963f5592195ba8ec28304227c5da7d87b,54bb2486123774671b7443c5edf0b26df6a66e7c3eac112d0759b7bc5cc27494,retained-unmodified-source,individual-semantic-review-pending
test/resources/fileformats/leda/invalid/too-few-nodes.leda,b167c220533abe0ef83f87a3290229934477790c,6deb23c4707f4c116da15a1875e31c386277a3992bdf203820ca8c18a9c7e74c,retained-unmodified-source,individual-semantic-review-pending
test/resources/fileformats/leda/invalid/too-many-nodes.leda,c61965948d7c7546080ba66998138107ea4ba03c,479baeccbe526876af6b5195c3af6352f760bcf0ebc416555a004c926523b04c,retained-unmodified-source,individual-semantic-review-pending
test/resources/fileformats/leda/valid/simple.leda,2d0cbca162703062e8be1870b828c9d1a72e4f01,4d4f87c87eb38627832c00c99698acc054c8bf18f57a69cb0e20c04e691c1499,retained-unmodified-source,individual-semantic-review-pending
test/resources/fileformats/sparse6/valid/doc.s6,b8cc4fb6aa59189e51c55360c5b6e8d9334bf8e7,e083a57d1336bb4b84e2b60b2f504fe3d5083ea1e187f4a3612dba5e14ec7823,retained-unmodified-source,individual-semantic-review-pending
test/resources/fileformats/stp/invalid/invalid-source-index.stp,ac09fb41e667381216e29887f3c495f751174f82,8993748507cf1af513b3b6e000a19454cfa32cdec201516a7ec83bc060622552,retained-unmodified-source,individual-semantic-review-pending
test/resources/fileformats/stp/invalid/invalid-terminal.stp,f3c78e730f8511cfd6afdb70d05f5e5ff12a0602,42ba3ba9699ae32f0df0f46cf66e03de4bf9719ecbe05b0c8c28fa4fd7c80795,retained-unmodified-source,individual-semantic-review-pending
test/resources/fileformats/stp/invalid/missing-graph-section.stp,8f0d6f3e9ce052d1a7b0b0bcd1a68604683617fd,5c7c61039dadc82ae234815b4eb15e8b96708473bda3e39d1d4f620335896233,retained-unmodified-source,individual-semantic-review-pending
test/resources/fileformats/stp/invalid/terminals-before-graph.stp,f2325340548d25fdfd30fb0f92213baaf7772dac,fdebbe0d31e55cfa2653d1fa47dd6e2d39f83d1a7044514c37c78c5339b9c627,retained-unmodified-source,individual-semantic-review-pending
test/resources/fileformats/stp/invalid/too-few-nodes.stp,76b56129c1318db2f722fcbb32375fc46a57d006,eb405fafb500dc8ce17036e314cba597eb2f4f8e3194b42fbb901057316f2c50,retained-unmodified-source,individual-semantic-review-pending
test/resources/fileformats/stp/valid/1r111.stp,10e229497fff1df5e875efef7edf2c4d193c9c36,9b9c81d2e2295831404d203ced74e12eb0c3a377032bc7d874d001539a95effd,retained-unmodified-source,individual-semantic-review-pending
test/resources/fileformats/stp/valid/directed.stp,2625c3f32aea2b56c33d51bc9069e189c7eed61e,d4cc55791795ccb6e29fd7715ed74373a26d8977fa368b595af16fe091bd1b72,retained-unmodified-source,individual-semantic-review-pending
test/resources/fileformats/stp/valid/dos.stp,de8a31a274e46da1e4e39aad1e4e141bcc5c41fd,15cd88501d5de4c53475a76cc5eb33128043614bc2cf1fee5173fc36e909a0dc,retained-unmodified-source,individual-semantic-review-pending
test/resources/fileformats/stp/valid/es50fst11.stp,5aebf705f5adfdd180f31928a1d861cbfdac2036,2c67615cd195d677648b099f96854084460d8aa393b550801e0c2d31f38437b2,retained-unmodified-source,individual-semantic-review-pending
test/resources/fileformats/stp/valid/i160-203.stp,2337ca5173d40d83e15aad3acdf94fb58553df19,e70294199da82713d214566a40063296b94a14da7eaece09c86a3da4635d6dbc,retained-unmodified-source,individual-semantic-review-pending
test/resources/fileformats/stp/valid/oneD.stp,e41359237c3bd89fe1b3e6cd936828bc290e7152,0057484d3fa5ec46b26866322075f3fdd97099c820e3634c49f01e2f996403ba,retained-unmodified-source,individual-semantic-review-pending
test/resources/fileformats/stp/valid/simplified-format.stp,9722cd108457bdaf188c4db6ee5da0514c411a78,31cbed6363ecfd8fc3ea29b5d45c00c397030cb8704e53dd62a1351072f256c7,retained-unmodified-source,individual-semantic-review-pending
test/resources/fileformats/stp/valid/taq0751.stp,f78e8a1cee1380d2fff7338aff7cf0f42ab1bdfa,52e5abdbf4ef4268ffe9875a9ad9a28d4c0ce598120f1a7710d61778c942503b,retained-unmodified-source,individual-semantic-review-pending
test/resources/fileformats/stp/valid/threeD.stp,18fd572b67f9f50247e8143b5f1645bffe448e8a,d337b9aefc3d74b7fe5723fa77831a73f0acd76fe49d39957ddbdab32befe4d0,retained-unmodified-source,individual-semantic-review-pending
test/resources/fileformats/stp/valid/wrp4-58.stp,02b789eefd365083da519d19c583d31076256481,5974113304fef50fe8bee97b7a9b88699002b5632a1366dbfe7e4e4af009b9eb,retained-unmodified-source,individual-semantic-review-pending
test/resources/fileformats/tlp/invalid/ambigous-node-id.tlp,8a609dbfc3ef885a9b0a71465d575ad8f80e66ff,ec8b2c8479e4e8bd7aa1e809a46888a5a0d943dca6b4e6bd71370139817d759e,retained-unmodified-source,individual-semantic-review-pending
test/resources/fileformats/tlp/invalid/ambiguous-edge-id.tlp,0e3300e435212ac4c010766c6046bf9f5aad5d04,37526a7d71daaf7cfaaf6ccae069077c219ace1698613bb534d4727b05cd2f76,retained-unmodified-source,individual-semantic-review-pending
test/resources/fileformats/tlp/invalid/double-node-list.tlp,5017222f05179ac4f11cf000de3aff439b7774db,a2a1ebe6838334219668e96e3d3434c7d1bf0cddcc5d4db82d16b10027f47cb2,retained-unmodified-source,individual-semantic-review-pending
test/resources/fileformats/tlp/invalid/missing-header.tlp,f5f5c433c0519a5d977cfc5e4821fad8eddc8491,d6d7fd90c3e40087142d80b89da999b968a7cd5b60d983ece67d88cf355f5362,retained-unmodified-source,individual-semantic-review-pending
test/resources/fileformats/tlp/invalid/missing-parenthesis.tlp,c6c0dcf94ddeba36cab3d6f30bb58d928a7946f4,112ebf7de82fe8798c285b5964c6a1f19a31a08453046bf872b96bf2f173b6cb,retained-unmodified-source,individual-semantic-review-pending
test/resources/fileformats/tlp/valid/simple.tlp,bc08f54ac0e293da618bc562e083cd591ff8ee98,b95f05c890e60c43abca1684e1655b318c9480f80ef9ffe7419c0c3778586c86,retained-unmodified-source,individual-semantic-review-pending
test/resources/fileformats/tlp/valid/skip/clusters,2cb665cd942de99681c0d00721c635d8edb4ece3,a9c19460fdbda2a804951313757d21c94eb096e5c7ee5b467c68a26879dbaef2,retained-unmodified-source,individual-semantic-review-pending
test/resources/fileformats/tlp/valid/skip/properties,2c5d1611add2d5494c83ae87384cdc223cd597bd,03568e157c461acd44576423dc81dd3a4287422ee5aabcf75ab4bd656fec284f,retained-unmodified-source,individual-semantic-review-pending
test/resources/fileformats/tsplibxml/invalid/invalid_vertex.xml,eea35f5dd861aa553ea79202d60dd722d0097d60,1e0e9a0a48ab49fd3553fce2934158968534fc826011b4c876036802609e26da,retained-unmodified-source,individual-semantic-review-pending
test/resources/fileformats/tsplibxml/invalid/no_cost.xml,68ed8d8b16a345ebc385a72c03a22c30491a69d4,7f8d90af72b9587d3d990c9929f4ed89756d61deaf1b920a9e05579a32b58355,retained-unmodified-source,individual-semantic-review-pending
test/resources/fileformats/tsplibxml/invalid/no_graph_tag.xml,e075834fdfd96446816d402299c4f42ba39f903c,17ea487f159783c02f7de5a99be32eb2795173cf8a04afb36c3ccee6c34f3c25,retained-unmodified-source,individual-semantic-review-pending
test/resources/fileformats/tsplibxml/invalid/no_root_tag.xml,7ea521b80057bc0f9c2957a7e4521b0907f170b4,7d6ac45bcc0d284e50093bb3b54a55e2b11493e11d28b815e78824c85dda4c36,retained-unmodified-source,individual-semantic-review-pending
test/resources/fileformats/tsplibxml/valid/4cycle_directed.xml,8414e9896f311eae18ca7754dcaaa5923d90784f,1b700806350779863216a4fdc206f30b0e82ac6a326cb5f72d82740787d39ca6,retained-unmodified-source,individual-semantic-review-pending
test/resources/fileformats/tsplibxml/valid/4cycle_undirected.xml,8792039011a3763d67d16755ce06755f073778af,a43aa4167ae58235a4af7809b406a6338d877de685c66e1f903d29ed7be06a8a,retained-unmodified-source,individual-semantic-review-pending
test/resources/fileformats/tsplibxml/valid/complete_directed.xml,5fc1e303c4a7bfac0c67bae355566867e8eaec0c,ef3fd0c11e8632ffb9b673fe1cc38846b46245041287a87b2ea3f80b2257bd8f,retained-unmodified-source,individual-semantic-review-pending
test/resources/fileformats/tsplibxml/valid/directed.xml,437c73f6d300a2a26a41f921027d115cef90228b,e1bd9010191a5b60073c67c65aaf9a2aa41531beea993a89b7be00536d950b09,retained-unmodified-source,individual-semantic-review-pending
test/resources/fileformats/tsplibxml/valid/empty.xml,d346000432b586b109dbcc4529b5889bc763f827,b773462c2edb22fda7a926f61a755125453e831162465f06132f0de2b8c58875,retained-unmodified-source,individual-semantic-review-pending
test/resources/fileformats/tsplibxml/valid/selfloop.xml,cbbc0bd4763cc81f53ef780c397662f467d97244,99bc71739a867fd0bc0ab70fd77dde58f7344efe189d955c617153623c7048c5,retained-unmodified-source,individual-semantic-review-pending
test/resources/fileformats/tsplibxml/valid/undirected.xml,59f79126b482f6fe0b7a1517897cbecc157c4bf9,fa7dddd929efc641813d0c99f7d74f07efa2b96b5b0db4f574f0676fd4302181,retained-unmodified-source,individual-semantic-review-pending
test/resources/geometry/example-00.gml,5ea27f4a7458200dca34127e589ba78abe394942,93c5bddbaf086789199ad3ecae76725b70d85e4e7d28fd492125fda66ee5ddcd,retained-unmodified-source,individual-semantic-review-pending
test/resources/geometry/example-01.gml,7484385b8e9d8d8a160a6a26d729d7f61c8edb8c,5f6789c8670756dea6246c351ed22a1767e8fcdf05627df5d111131e46172f5f,retained-unmodified-source,individual-semantic-review-pending
test/resources/geometry/example-02.gml,0278bcb4f2836ea465b238c236f291846d95b33f,b0afc7de35a57d87cdc5954dbac7faa9a47609c50387d4d06595264482e85f94,retained-unmodified-source,individual-semantic-review-pending
test/resources/geometry/example-03.gml,851e4a24a1ee9ba0a0357a8fccc2467096381306,7d923d011e5da60e0005fdbf03a1d3b5b273a657f779416e84d27eb84da9c518,retained-unmodified-source,individual-semantic-review-pending
test/resources/geometry/example-04.gml,245dcf301cdecb72291d4c8fafdb35bb08e658f0,2efd207427988b79c169c64fa78cff5f6c076d395755a10dc9451a1039cc582c,retained-unmodified-source,individual-semantic-review-pending
test/resources/geometry/example-05.gml,882b7af29d3d3675571a960840d3d3c3e7184800,b7db341758610fec7a8bbe5ece9cc048ad132830a037a6baba6de9856ddb7ae2,retained-unmodified-source,individual-semantic-review-pending
test/resources/geometry/example-06.gml,a1fdcf105b78217af9842587c1c6f2219bdf5c51,3138206c69ecc0d241794c0b72bfb272046a644af8c50eb66c5aa11813489735,retained-unmodified-source,individual-semantic-review-pending
test/resources/geometry/example-07.gml,19406b85f2f81ed2625a6afac780c8b58627dbb1,1993abfb6df184a7306c2c77e8ac8c383ef1c75c88388d1c67c674cfdefc3238,retained-unmodified-source,individual-semantic-review-pending
test/resources/maxflow/disconnected.0.dmf,658fcf4c01ea1163e114b324c0664ba731e22f0f,827883a6495e1d038bd4f510b5ad0d34fd1752502650c7d7b74b3f6a52d7ec43,retained-unmodified-source,individual-semantic-review-pending
test/resources/maxflow/easy.4.dmf,900ffd2e99188d055f59825e9fcdcbdac36ebc64,91145731fd1bcf752d45d2994f8a18ebdb7d3f8757b07b4ecb7325436ab7d877,retained-unmodified-source,individual-semantic-review-pending
test/resources/maxflow/hard.6.dmf,d063037dbf2809b8f1489f312ad0eece2bec252d,6e1297e45b4b8381929a8f2c30daff05f213cd7721c67e08f7c1c336e24317fb,retained-unmodified-source,individual-semantic-review-pending
test/resources/maxflow/planar.19.dmf,b7ec4dad9e971e6baa10ac5334a09583173cca6a,f31205705e638a01a3dcc7346b5eb93fbd3960ce94885b72963cfde9797ca50e,retained-unmodified-source,individual-semantic-review-pending
test/resources/maxflow/s-t-planar.3.dmf,f9127e2ef8d55b1f35af25ced31c147d3d8c9354,6a07c370671bc441c5fd6a43ecb2f24c5a1326726b6d94fa087b817b4f99db8c,retained-unmodified-source,individual-semantic-review-pending
test/resources/minisat/satisfiable.txt,2037380f916a1905572d6a66462e938ff32201f7,79a7fa5743ce265a72e00014e486f55622be641c26a98836baa06da68b814d59,retained-unmodified-source,individual-semantic-review-pending
test/resources/misc/ht-err-minor.gml,d97a9128656eeb7a033ecffbe8b0629a090c6c66,6f9a30127ad676fb5c41a284ca4f34519b442d6bde0241a67fdafaf118114893,retained-unmodified-source,individual-semantic-review-pending
test/resources/misc/path-like_tree.gml,4bc43fabb3e4f56958427b463cf4c954a8e31bd6,8d8dc5a5be44cd2498568b09b26956c1331626a654f590ade56ca88a1e29b817,retained-unmodified-source,individual-semantic-review-pending
test/resources/north/g.41.26.gml,0106c7f7f8a70895a4b881329f110ca391c3ebe8,1f1f26970870a38a52f0c17931d1ce90ec0dbdcfaba0e2aff0b7fbaa2db8ea39,retained-unmodified-source,individual-semantic-review-pending
test/resources/north/g.61.11.gml,985881cbebb8ac5850ddb68dbfeb7e84f6128bd4,47c6d5c8e996d08667812255fbac5afbed65e93734bff30b713d0293aa1e97a8,retained-unmodified-source,individual-semantic-review-pending
test/resources/north/g.73.8.gml,3cf431d9bd4618ac1c9adf3391da91c85c4c3e1b,70ea6ce3a389a492174625fc2b25f9f3349101f129bc87cb6e43227ede98fa38,retained-unmodified-source,individual-semantic-review-pending
test/resources/rome/grafo3703.45.lgr.gml.pun,f0afdfa5376ed5724813bdda97350fe3b4f845e0,6c15c450dda77b38524771c1fe51775fc347b49ecfacb952bc7eaf9895d2e64f,retained-unmodified-source,individual-semantic-review-pending
test/resources/rome/grafo5745.50.lgr.gml.pun,49ac64881f7dcef22dd5e847b14f740af4d601c0,8a81d3bb2a59d81dabf1566aac119569132c02ace22df00009ddd6b1211a0f82,retained-unmodified-source,individual-semantic-review-pending
test/resources/steiner/goemans.9.stp,1e22db832f850f6dbaa533d3501ba3a52c679d40,fd0be7bd16d32eb6e2b5cffed1cab12c454fcb2c57d764fe4305b87a1dd89e9b,retained-unmodified-source,individual-semantic-review-pending
test/resources/steiner/many-leaves-tree.20.stp,f94da8241c60d039e4e9218ed890772f448940e7,a9306cda09903eb2cdd9e7f576066debe6fc18138c7fd7329e3ef2b76b19cfd1,retained-unmodified-source,individual-semantic-review-pending
test/resources/steiner/multi.1.stp,194797a2f22deb81da512806da4ac0e79535a646,9327c35f73c305bf5bc6fdf5a1ae84c25fb72fd9958604030878be2d1c38ddeb,retained-unmodified-source,individual-semantic-review-pending
test/resources/steiner/odd-antiwheel.7.stp,6371229894d75a90ab0d1facb57d7cbe8ad7124c,956df70f0d1c7042188513caa8427a80ab7b236f1db7ea0f77b0c15886bbf550,retained-unmodified-source,individual-semantic-review-pending
test/resources/steiner/odd-cycle.4.stp,5b7ff08458bd95546e5fc74cde06dd4cf5b8cb9b,40b2a9bc55d2dafd44bee3a2bb5c495a38a3ef6c57ba19a84c1d3c548af329ae,retained-unmodified-source,individual-semantic-review-pending
test/resources/steiner/se03.12.stp,f8257dff4ad8727cc9dc9f78de91cde1faf4df82,aa4ea2b296396321781bdd5fada646e1fd423c519bb0b944dcf023b7f3fecc71,retained-unmodified-source,individual-semantic-review-pending
test/src/.clang-tidy,db481bcca751eaba0bdb6e364a8829e767a2c29f,050124ffa1c08b4dc7acdcde787d619def29997b1e89cb3aaec295f4f65d0ca9,retained-unmodified-source,individual-semantic-review-pending
test/src/basic/adjacency-oracle.cpp,ae8a74644ecdcb330ac13652cf8fbd2a44ed5e1f,680d5456d9e04cc65dd523a5ae534d943164ac5e41af0d8dd358814c6cd51987,retained-unmodified-source,individual-semantic-review-pending
test/src/basic/adjentryarray.cpp,e9660d69a8c32c19f5ab45fd57c03ca6228040ef,f2b1b03e1982f06e68dd034024a22cefc3d2da84802a49ce0e3fafd963107faa,retained-unmodified-source,individual-semantic-review-pending
test/src/basic/array_helper.h,3e34023111ea0d58bfa269c65bccbf74d264a4a2,5ae69078dba9cf5448d971ee4ff77c680c139f5cb2d56a59b9daffd9e7f2591f,retained-unmodified-source,individual-semantic-review-pending
test/src/basic/assert.cpp,5ed83313581bf4afda93a1c051d8e41594c8dcd8,42eb26cb8373aa7e8b8743125699d52ffc7bd69376cf34a978cf86c8fc827e11,retained-unmodified-source,individual-semantic-review-pending
test/src/basic/clusterarray.cpp,031aaf272c7947a71ed2ce86c02b9f6dea78410e,aeddfde94fb8c836ccc03be108e8058ee10386aa955f5fe2cacbf8e0d6fa0af9,retained-unmodified-source,individual-semantic-review-pending
test/src/basic/clustergraphattributes.cpp,400858fa81e8d5a0e6ee4cbbf811e01bf7761f84,054c4a689ee39b836d0295f86249d1f5c913ec50c97ba961f90f825a617e2628,retained-unmodified-source,individual-semantic-review-pending
test/src/basic/combinatorialembedding.cpp,8639b42e370e8fea6ca4d12d90f3dfbefa5e9c86,47bfe08280aca04ce93513f993e04bfa1a295a51635294083fc34dbae243625f,retained-unmodified-source,individual-semantic-review-pending
test/src/basic/connectivity.cpp,6bce33b6f443acb95c2442db932473353c9290c2,96a5b441bae3169e838331ed4be52e22596c8e061ab63f59cc0f7c174899504f,retained-unmodified-source,individual-semantic-review-pending
test/src/basic/disjointsets.cpp,1785e1c49164cdba7cf8ecdb7bb2962467cbf61e,1a1cde8104483b2d25a9c5f2ef1496d51b9ecdda0ab21f891a4b9c13c983482c,retained-unmodified-source,individual-semantic-review-pending
test/src/basic/dualgraph.cpp,0d50a6e78493a8a548a01457eb9924800c554217,a1cdedba48a6c2103ba559b174ab46c7300bd99c99da85f698188de3c11b2105,retained-unmodified-source,individual-semantic-review-pending
test/src/basic/edgearray.cpp,de150f4e2467e13deb62ec5745a30df74bb16325,f61971b7fa0efde7870361685f09cb84821c01c39722fe058aa29456b981a63e,retained-unmodified-source,individual-semantic-review-pending
test/src/basic/facearray.cpp,7fc876600862523b9bd0ba1b68d60f202144564f,6273097bfc834eae11a8429ed708042e496f548ea3d335896fd0a31f581d8043,retained-unmodified-source,individual-semantic-review-pending
test/src/basic/fileformats.cpp,271a092bf17f4079420f2080d668e6ff0e2e963a,186ea21b3b0e36bde14e01858d8a4db77a6eba6d1c55426931d83be687c23bec,retained-unmodified-source,individual-semantic-review-pending
test/src/basic/generators.cpp,a10da7ff9a66a630897573bb86071777900a7281,2cb3445d7389382c1f070e4ba81a7d862ad8a33b4edbe309cb9d275da0e79f66,retained-unmodified-source,individual-semantic-review-pending
test/src/basic/geometry.cpp,c5005a34ab50a5686e45b4e98e5a001f1cf840cc,4cbd1361343db2f7bebfe8a1da58083506684da5fe87836a14b74c970f3bd1d7,retained-unmodified-source,individual-semantic-review-pending
test/src/basic/graph.cpp,bd336a219c0af3b8cca5d8fda2ce4866efc7e47a,0948600c8b15bcbc7cc4cc73fd78e5214b295e91498a50cd4b2d93731c6407de,retained-unmodified-source,individual-semantic-review-pending
test/src/basic/graphattributes.cpp,a09d74588bcfcd13ef29337a8bfdc6fdcbc9c345,5ca32ff58a4cac8eaa1d7097498058f04c58fad1d55bef0a9107a1efa1056d68,retained-unmodified-source,individual-semantic-review-pending
test/src/basic/graphcopy.cpp,52b71c485d07ac77696045ad8ba90299b0256d7f,7f8266f5cab5b9918af827255433f7a49e70deebbcd78a28c4cafb2460df4c62,retained-unmodified-source,individual-semantic-review-pending
test/src/basic/graphics.cpp,729f149080d867a953545bd25ca9ee7383791f9a,2b4b29a9910a1d0e079cdf3c3f644f557387025218a9bfa5a2df981a6aae304c,retained-unmodified-source,individual-semantic-review-pending
test/src/basic/graphobserver.cpp,98b29530b022b4afd0555ab2a38c81a2979f50f9,6188fac9602c0cc033cda4d28bca800747ebf0d3533f965714a6a970f5f1c87f,retained-unmodified-source,individual-semantic-review-pending
test/src/basic/heap.cpp,21ec3f6dd52d8ed9d124890677e7c8dc79e4ba52,70c5a7c1e26d125074d275d7da0247774b795a2b60c1b4d1758a7568b2280bdf,retained-unmodified-source,individual-semantic-review-pending
test/src/basic/hypergrapharray.cpp,eb26a4dd98fc120c1901e1d704ff63862c066b68,b3bc85ff630003fef75818434da9e77d3032e3574fcdf83641b40ebfe2251c3d,retained-unmodified-source,individual-semantic-review-pending
test/src/basic/insert.cpp,6f73d3822237b3e24915be6afbc8077508dbc6b6,eecf555720a43a27b99b19a3dfc0ba0bccc92c618d6e9a29a52bf2c0fad96ba5,retained-unmodified-source,individual-semantic-review-pending
test/src/basic/math.cpp,9c2a94be458713c7b64370ead94ea7dcbdfa5c05,9bbc34d27222b7d83ba89953b9ddbfbe4dc42ea85df005dc02447ba441eb093c,retained-unmodified-source,individual-semantic-review-pending
test/src/basic/memory-allocator.cpp,cab91b64f51c3a0356e03ddda95d926f9ecaf614,5f22840c24e0d9e319bbf1a4acc317a02e81d7a6c5e32c6613dfe2e2fbcf18b4,retained-unmodified-source,individual-semantic-review-pending
test/src/basic/minisat.cpp,e5ddc6f9dd2f411c475eecc77020371a64f8c765,f92946fff3639ae7861301d2400e268739355bca9f74619c2a76e6bc361bf13a,retained-unmodified-source,individual-semantic-review-pending
test/src/basic/nodearray.cpp,0e0991868c471905ad0fd27e0aa2b37bab176cde,b2998d0b47574a87f72fdb4949475e06238e8804e9b37107fa3e866d662c648d,retained-unmodified-source,individual-semantic-review-pending
test/src/basic/operations.cpp,012858d2f6a1fb1ab6653b3f52619664ddab440e,0f9be22d0907cbd13c0ccf5ce1cc28d293049b317db0e7f4421694345f1d4568,retained-unmodified-source,individual-semantic-review-pending
test/src/basic/pctree-auto.cpp,20b141f06f04a4c6b6ae3d7f8a310a57de582011,1673b0c3c40bdb8e1df9a74a4b5f25d6ed015bc80680dc4dab8a96b63445034f,retained-unmodified-source,individual-semantic-review-pending
test/src/basic/pctree.cpp,b4ce81d13c78b85c47ad97a9368d769da613ac47,229edaf0290cb55bdecc859523c57a1cbec8aa499282f3683493d30ad304d8d4,retained-unmodified-source,individual-semantic-review-pending
test/src/basic/skiplist.cpp,f29446b25f3a6ef3dde23596e6649879c19e6228,951ac8d8557aa67dab0b57095e792117df0c59f9e5b68e8f54c6a31a1e1ce093,retained-unmodified-source,individual-semantic-review-pending
test/src/basic/svg.cpp,e4f9e1962b68994d3937010dd374efd180cd4ff6,f72eed1280ba0522fe88dc4d9dd5151da22683c8e38c5b2ad072045d3fdc74c5,retained-unmodified-source,individual-semantic-review-pending
test/src/basic/tikz.cpp,10c2995cf6a4d8e26af6b8cb6baeee1583898d14,615ffebc89854f049e64cb6a57283a6b0d9f512fcb0e8b8fda158cf7fa4c7f46,retained-unmodified-source,individual-semantic-review-pending
test/src/cluster/sync_plan.cpp,be2d6a1a8ef4be21908167e231308e1205c286f2,41c7786cdeee11085c87e53477742e45f4a902f146a168936ce817c57d6729c0,retained-unmodified-source,individual-semantic-review-pending
test/src/decomposition/four-block-tree.cpp,68183e0aded3617a51bbff5d0c1b67b23c5322bd,e77707e6ea048c6b82dbe15737ce6bda115fd733314c51d2551d85eabd9bca2d,retained-unmodified-source,individual-semantic-review-pending
test/src/decomposition/triconnectivity.cpp,66fe44260daa77784d9f5791287093e5baff0781,bbe2de06a53d7663264d339c3244fc086240fd0aeef1cef346be102b040fd77c,retained-unmodified-source,individual-semantic-review-pending
test/src/graphalg/a-star-search.cpp,1493ff88963dd84a4cc34221b9e9f2da33b311c9,306d1ed0ee4330f175b7b7176a6562c1b30ca9a963792fc1605044de46467541,retained-unmodified-source,individual-semantic-review-pending
test/src/graphalg/clique.cpp,ed43565e6ba2faf78565398f971fd16af48c0478,ddf2892b1145b6d8ef6081e4760351738404bf371af0b5c8d7a46ad8216047f3,retained-unmodified-source,individual-semantic-review-pending
test/src/graphalg/dijkstra.cpp,0f7d8e88c62d0e47a46db95c240a2eea86643d4c,9bf46bd2e0eabd32a9c07926b74bc8e78d22fe2f5cb7b9941232255a85988349,retained-unmodified-source,individual-semantic-review-pending
test/src/graphalg/edge-independent-spanning-trees.cpp,b3b28ef490ac35c56bea69c44c43f0022c3635b8,229fe36207923bea1bc286e4a1efdb8375db0e1fa320926d7b4c885fbcd6922c,retained-unmodified-source,individual-semantic-review-pending
test/src/graphalg/geometric-crossing-minimization.cpp,e7d77615fc72dd0ab10220d383622427b58a3819,b4f20e75281e085302677dd0cde08e3b00a278057559f2099a82eea3cd949b83,retained-unmodified-source,individual-semantic-review-pending
test/src/graphalg/lca.cpp,d76b82757e2a0e85f3ca16c44b175fbc6dca3537,238455812e7902588e138c0452a20d11d744be820ba0815d3a604d35b708ca43,retained-unmodified-source,individual-semantic-review-pending
test/src/graphalg/matching-blossom.cpp,4555059015a027c8bdb99d53a81483ed7b4b6131,a7d1cc304e8aae568ab619d5ccd964992ee307d9e081added2cd6f85f7b87714,retained-unmodified-source,individual-semantic-review-pending
test/src/graphalg/matchings.cpp,080b8890a4ad704232db081798e6bdcdef8fc836,3bc1c23eb5ec750c1641c2f51e5da0a320ee31e3d0a4e0e457eaca6b201b706c,retained-unmodified-source,individual-semantic-review-pending
test/src/graphalg/max-adj-ordering.cpp,81bc18f4500cdf3c9fbd63cdec6545fec747e75a,fdfb0eaf3d7d2ec22a21c9d694a11744091ae4063226c9732f92c9e8d3f6aa26,retained-unmodified-source,individual-semantic-review-pending
test/src/graphalg/maxflow.cpp,42180a1603b8139ea8a40080c26a8a4f9f25bc8e,5071534505aa079068f1353cfd5dca26764688c84bf27f3dd54abd24239cc93c,retained-unmodified-source,individual-semantic-review-pending
test/src/graphalg/maximum-density-subgraph.cpp,4fbcce0b5cb3f5d17586e412a67bfa3719b1ccc1,d48e14419e24fabc9a66e4e36a1f3d1a3dd006a62a6a3fbc5e69d06f2ea55bbb,retained-unmodified-source,individual-semantic-review-pending
test/src/graphalg/min-cost-flow.cpp,f75850ceff0b051de339f7cc19f7a469ca375983,ab6cad8344259759d0eb8848458f355116b438f0a477906ddc5b4002b05838ec,retained-unmodified-source,individual-semantic-review-pending
test/src/graphalg/min-st-cut.cpp,cebf6ff9de028ed93b32524e434c39f399bad9c5,1851b6f11bfbc62e2a97aa82efd82461cfc9cfbef1d7e00373269d96c706f37b,retained-unmodified-source,individual-semantic-review-pending
test/src/graphalg/minimum-cut.cpp,fba4df0374b26727e488642732398f2131bf1eff,8ea4a35f9c6c6f05eff8558eeec8cd65b2a0f3f9a3a40b8998203497d1d7c8a9,retained-unmodified-source,individual-semantic-review-pending
test/src/graphalg/node-coloring.cpp,49f0fdb2127fcf18b1fb13c5077497ced3d98d6a,124c4f1748b4e5eb2dd858da500d69ded670b094a53a5c4c07a224056d880dff,retained-unmodified-source,individual-semantic-review-pending
test/src/graphalg/planar-separator.cpp,0cfed0d490a9a3976713afa02e6ea96d8374a39a,6916608f4b05fe3cdef22d72808a89d17b541dc0e24a686af7f49cdb7f499317,retained-unmodified-source,individual-semantic-review-pending
test/src/graphalg/simple-graph-alg.cpp,6c6717ceb34152ce4dcab883d87419b154765e4f,cdafa5b515dbdce709c1e0c3923f8e48f564c967a2a0479657cabee27cbd4900,retained-unmodified-source,individual-semantic-review-pending
test/src/graphalg/spanner.cpp,404866a441a256c3ba7cb3b1cacfbdf5b3553c51,87f9d4a8be6233b20b2b39ebb576cad0b9524b209f87e69b9d14770e80588935,retained-unmodified-source,individual-semantic-review-pending
test/src/graphalg/st-numbering.cpp,deab9509195098573a42d11ea1eff728fd5587b0,1ae1eba7361221f690e7a1291c5dda1291ce10a1d0c385d379e6fcb48b475b9b,retained-unmodified-source,individual-semantic-review-pending
test/src/graphalg/steiner-tree-auxiliary.cpp,e5d4d3d77a87bc5db2f9e32c3c5c293afcb27298,69e2afcab635a04302bf87d9b62d3933101c4bbb801c31d14784c07762c132e8,retained-unmodified-source,individual-semantic-review-pending
test/src/graphalg/steiner-tree-preprocessing.cpp,f422856d964c2ad96f9a0602cdc1b6da45dc5b2e,a7d1c43e23ade86faf14d08d4d559e2b68d77ac043c8287fe2a3d090a5b4eed3,retained-unmodified-source,individual-semantic-review-pending
test/src/graphalg/steiner-tree.cpp,57d232b3e779d20ce289f5e9221780b90bf08cb3,2e80653a415bd4b4ae3f68db68d8250aefbaaaab40814a9536da84ccb30e92af,retained-unmodified-source,individual-semantic-review-pending
test/src/layout/cluster.cpp,940c044e9dd622683c6ba008f97969af83a32e47,ce02ae4ccbf0ae2ab39059639e0c95dd11b43c66229deda7478c6cdaa767f317,retained-unmodified-source,individual-semantic-review-pending
test/src/layout/energy-based.cpp,26058b0a89026b2f1c7e3b1783159b0e0099f868,3ba9ede2480aa710722a74146b69816eff2d98cb9af272bf05290b7e77b55ffe,retained-unmodified-source,individual-semantic-review-pending
test/src/layout/layered.cpp,a5d2afaac04906f8eeeec6d10393d787ce340627,9b2fb7bfb7df6821ed834032e30768b133bcb21fbfd30c4f3d004ae40b0254f9,retained-unmodified-source,individual-semantic-review-pending
test/src/layout/layout_helpers.h,b138d5830db33e64b4ceb4e7b55b945417a40a5d,3554d5767b392dec2b34c7f096e5efa3c36a7dd6d7e798f1dc9fed5214a17586,retained-unmodified-source,individual-semantic-review-pending
test/src/layout/misc.cpp,ca87b557123df04d6b3fbbec7bc5da79ef826d1e,24098aa1d13e4612f4f2d49ab641686dc9abc0261acad6528ba9fa297d45baa2,retained-unmodified-source,individual-semantic-review-pending
test/src/layout/planar.cpp,911b9d84658587028a9b74b95b701b0de97ebe51,09b24c6da4f6867b0a614e29511b9a609526d24c3ba5c2a3757deb542beba63a,retained-unmodified-source,individual-semantic-review-pending
test/src/layout/planarization.cpp,990c0df0aea56343ffc0ce5f2f51849186fd17d3,5c8b62b59b8bd00cfa38138a06bed22a487d200fd0932043451f05da92ebcb3e,retained-unmodified-source,individual-semantic-review-pending
test/src/layout/sugiyama.cpp,4e7e432dd9659141a5891646ed9f6501dcfcdca2,1984e336149002ae92bcc6f0ad0b37f8c8cd7b25dac731ef377cee57e93a3483,retained-unmodified-source,individual-semantic-review-pending
test/src/layout/uml.cpp,cfe77e652a336987cc54ac652da91d5314fb6be5,b2b46fa3eb43863b9f2824245cf3e4b9dbefac150494198ff96567afb05789ae,retained-unmodified-source,individual-semantic-review-pending
test/src/main.cpp,1d7bb56055611f54a47250db365ab77ccbbbd1f1,2522df206e650a30ccadc51ee924dbf571b7675e0d18db6f9846e8a9ab39d66f,retained-unmodified-source,individual-semantic-review-pending
test/src/pack-resources.cpp,da2d15c927cae01a6ebdece88e4df7fed6734c52,200eb093076d953a23686354d74f1c306d17b57c36ebd11c03091943ccd4079e,retained-unmodified-source,individual-semantic-review-pending
test/src/planarity/crossing-minimizer.cpp,92ee8a522eabf505dacaf79ac27a262049234e31,410f4f8b5c4a9271013314368a2a5ad92e6a109587262dc7cafe82111f11eebe,retained-unmodified-source,individual-semantic-review-pending
test/src/planarity/embedder.cpp,24c4419f18c7426e0cd0e1771ff1ef013fe68316,2cc5665145abd4afb19f116465cf147654f25bede2f653762a4937e416696822,retained-unmodified-source,individual-semantic-review-pending
test/src/planarity/planar-subgraph.cpp,aa01ff3d711b549054eaadd8adfff7b2cf4a9bbe,1093888630502c378e4bdcb47e5b2d54431e439f17bbc6da6cd71262ad044192,retained-unmodified-source,individual-semantic-review-pending
test/src/planarity/planarity.cpp,3dfeb9082bf71bd7c0051ebbfee2aa54cc4addd6,5883c918be184fb499d1524764dd18ac3ca36529177b676e1d20b0f844ad607f,retained-unmodified-source,individual-semantic-review-pending
test/src/planarity/upward-crossing-minimizer.cpp,57fdd0ba06a271113a1b8f62f772540e9129015f,de5dd58fba68d92f97bcce97936b9e656fed838dcad50bc17840d74ba0b54ec8,retained-unmodified-source,individual-semantic-review-pending
test/src/resources.cpp,84810e1e084b7cb2cb37f2dbc25490bc7fd0479a,90fdf607bb3933c5cc81e44f4a2f3fdf6af309bf13107181942d055457f8f414,retained-unmodified-source,individual-semantic-review-pending
util/build.bat,576ea7dc6db09e53ad6762475868aaf8490fc0c4,61017dbe9dab7b7d1335b6919676ca0b563e7c7769d7ed9274a08ebf4a34def2,retained-unmodified-source,individual-semantic-review-pending
util/compile_for_tests.sh,ecc2c149b18f85765d9c0ccfc63a61d935fd1df7,19f8ae2de1c517cf472ca36ba09abd1c96ad10754484b8936aa638d4bb07b5d0,retained-unmodified-source,individual-semantic-review-pending
util/cpp11check.cpp,6f5167838bc6a64d4038cdbb552b607011bf1006,56319faddb6322fac2379e336263ac0e3da0f74fed3509ef24cc94fb08ea3cec,retained-unmodified-source,individual-semantic-review-pending
util/docker/Dockerfile,5999348e258db114c749d1716905e3376e38622a,3d1a0e3f3b510f8eae2c7172f2d4269dbfed2b2eea6e01803a8e4cde499688a0,retained-unmodified-source,individual-semantic-review-pending
util/docker/README.md,78db5cb142e8f3a24835ff5286966bd19757c01a,3eeb44917e29fd65a4ecc030aec58bd85339659478d2f02fb83b62d437aa1b97,retained-unmodified-source,individual-semantic-review-pending
util/docker/build-all.sh,f63e9bb05984d5f15d362ca14b54bbd84d018443,05c9fd5293125e87aa3b551d72ba88812bff0d5b565ec39749785858bfdf4300,retained-unmodified-source,individual-semantic-review-pending
util/docker/build.sh,001f9f4982d4619cf076a73f1f51100d704928f2,ee482e704ad5d765319b84b453afb6dbcbec3f2498017d6bd50f52a1a4d1c930,retained-unmodified-source,individual-semantic-review-pending
util/docker/clang/Dockerfile,77c3774151d82db5f9185a5776ab5a1f07ffc858,b784cba74f53268c442049b6164988dd57c8f547afc6ba8f7e02cc75b7787161,retained-unmodified-source,individual-semantic-review-pending
util/docker/ogdf/Dockerfile,08e33adc6ea76162f9b4c41cc841657c6a962e82,415330a3ed6e3d39d09ea499e51e171704426fd62ac32bf5db18b6df253146dc,retained-unmodified-source,individual-semantic-review-pending
util/fix_includes.sh,617a69aae860540ded01105ecffe2027d610b30a,9556ff35514ea5fa6962f9ae4ae46f734b0f90c1d42b712241b541fc118e956c,retained-unmodified-source,individual-semantic-review-pending
util/get_macro_defs.sh,5fe64a6a95ff76a8bf857e0fbbaa398bbaa11eaf,1132a2aefc4616547eefc98f2679be3720f08ce30b4187b8d74da581ce1eadf6,retained-unmodified-source,individual-semantic-review-pending
util/git/git-ogdf-fix-commit,6a937a34dee37ac3fb551683065b65ada1459fb0,8da467817106cbb1b9805251296947860d4b6dd3be318ef8b95bf9bbd5c86b26,retained-unmodified-source,individual-semantic-review-pending
util/git/git-ogdf-move-to-new-branch,c8a5b885b2b526303ff09e67d48d43709112e434,ba093727ff2a2c6a2c3ef842b5840ca2efabe28fccc0de75d3194d620f8ac45f,retained-unmodified-source,individual-semantic-review-pending
util/git/git-ogdf-push-new-branch,ccb6e39911f3d72134d8cec09d5ecce71cdf74bc,82c0156174922cc5e00ba8fd3839c6ae315d58e94eb61a02bc54d1ff9eed925b,retained-unmodified-source,individual-semantic-review-pending
util/git/git-ogdf-remove-merged-branches,9c38f81c8330e3104fa237d75d5fa6fa10d96c09,1fbdd1956bf403c7a8d6d59ef8357be6f7495204b7333e8aef01088fbaa60caf,retained-unmodified-source,individual-semantic-review-pending
util/make_release.sh,31cda5a831ec2e4accef6f7b9e530280d8af2813,df24139ebb9c4da3d956e4d19b23aedbef6cb1ba50047e1fb510ce5d3b3c51d6,retained-unmodified-source,individual-semantic-review-pending
util/perform_separate_tests.sh,6d135df0e05303675de081b8d9ce12eb055dbf43,d380f90298b0ea54bd887c1930f82fea8558915ceda976b16bc6adaae12ef75e,retained-unmodified-source,individual-semantic-review-pending
util/run_examples.sh,137dc4266dd00fca36627ccdf392027922ca0532,ddcb2c6eb030b52167b4f50e8552bddb7bb46a4a80bc14ed76d6f80d348702b4,retained-unmodified-source,individual-semantic-review-pending
util/self-sufficiency.cpp,9806cd36f64f23eb8b6c3ffe741e2ecbf07cd3ca,ea276d776951bc422f8533b873bd919cf4fbee33e2ea409e922f1463f23bf840,retained-unmodified-source,individual-semantic-review-pending
util/style/indent_comments.py,2c6727209065a65350ed7a8bda9413ebe7563025,6433b85abe4fc1266388eaa1dc265946a0abb1e72ac4b63e81055bc4c660ac5d,retained-unmodified-source,individual-semantic-review-pending
util/style/test_all.sh,d5e9bbc76980b132231893f4f4cd1b227e0fbb08,98513f22bf0f54e642ac6ddeb2693a1a6d42977cd891bf46c7dd78ca42da5b4f,retained-unmodified-source,individual-semantic-review-pending
util/style/test_clang_format.sh,b894bef8f397185363529f726f4d04b317a76246,c917928eaca1b173066bf865c3af086d2d01ee76f4c03052657d1ec88fade81c,retained-unmodified-source,individual-semantic-review-pending
util/style/test_eols.sh,31f898778c5d198d39f783dfa2e51873c4a209ef,57e2064bb6269dea295f0ba5d363e1581f1218d66fd4b419a2ed19aa6e08031f,retained-unmodified-source,individual-semantic-review-pending
util/style/test_indent_comments.sh,6e5711c83c443a6aa9811228c5ea55a031713d64,d8da3392abc286441f6186902121c8ade0b0f8d30cac366492b53420989c4552,retained-unmodified-source,individual-semantic-review-pending
util/style/test_license.sh,73359c310c6a9a525cefb14ec25f0c17ecb31fc1,845b48aaa7308a6113e705a0aec00edceebf9242d4262bb00b62e006a97d2664,retained-unmodified-source,individual-semantic-review-pending
util/style/test_line_length.sh,7bf0bacc4d66b3aaf884d42007fa4f849e023a20,c9e119e71bd64a9dd9a2236c39a4f0d17149f5d249ef3a70ee74be612ea29dc1,retained-unmodified-source,individual-semantic-review-pending
util/style/test_macros.sh,32ed899a123e2c3eeff878875545cded7f075b5d,8cb5fee4e61ba614f0dddbebf5a7d801f636b5b269021219578f2a8d4ed489d4,retained-unmodified-source,individual-semantic-review-pending
util/style/test_no_enums.sh,dcc2498c6d29e913ba1a9786f611b72133f70ff6,c634c195f852d8ec6f1d14eff0527761f15df3272e8e39535f57e651a12c7142,retained-unmodified-source,individual-semantic-review-pending
util/style/test_no_typedefs.sh,e9f3762b006b8ab26c859c2759f9cfd691e71677,baa95333f84b9eb920c57822c739077940e742af51f1b4f63d6c75d6c8db5b73,retained-unmodified-source,individual-semantic-review-pending
util/style/test_number_newlines.sh,c4668208d630e5c8e6eaa6c87b169724398e4c04,76ff863e9e477204a9cd0107cd9c4bf09ea9e919b86c3d5cc02a8413f003221f,retained-unmodified-source,individual-semantic-review-pending
util/style/test_tabs.sh,52e4b1ce2f3f067cd0e562dabac6cc196970b12f,4dab11e495ba883b6134c7aee1da5d637c41987bee89374e69aa5746975d1131,retained-unmodified-source,individual-semantic-review-pending
util/test_build_and_run.ps1,73b348585fc2c9922426abd343fbac774348cc26,f657459d48bb3405e05ddd94275a4a46c51b51aa48487bd11bfbd1528e492160,retained-unmodified-source,individual-semantic-review-pending
util/test_build_and_run.sh,bc6687375cd5b01fea32398ad1ddbbe3293cd3a2,22058b0bfbdbc5ec112c9af1de6736c3178a38f9cfeb4d25010450507b0c29fd,retained-unmodified-source,individual-semantic-review-pending
util/test_coverage.sh,47139a03c3241261d99722d42ea4e1c51e2974b2,f4369517211c4ddefe65552e7efbde1d2055c3dc88b8fee4c8ed34b605dbd358,retained-unmodified-source,individual-semantic-review-pending
util/test_directory_structure.sh,36db7e4135ca1143ac8b09d6afd6a96b7a831cfa,1582beb13601cd725627da66129f0dfb2768812c33d43687cc06688540d9fcb5,retained-unmodified-source,individual-semantic-review-pending
util/test_doxygen.sh,27db1d9691d3f3ec7c972b3ec71f9da6dbc61ca6,d8f2566f7619b06b1848d9dd71804c046b64c79312675dea15e497a16813110b,retained-unmodified-source,individual-semantic-review-pending
util/test_includes.sh,4f3a98cf0ab0fab0c607449883a46be41e5109ae,a21581142156bc5b33f69c2ca5036ea608ada18cd7108740ef9b4c88f8807b38,retained-unmodified-source,individual-semantic-review-pending
util/test_self-sufficiency.sh,5abdec398ddcca53f05456ddea680e0e1576f942,3019ee08071e01e6014d15c5bc4d5f3114850e73d581f1db29e757401db8f2d6,retained-unmodified-source,individual-semantic-review-pending
util/test_static_analysis.sh,7c09354d8e1af65cab4a1caa249b959465f57256,b141f1ca3b5d36afed075559ca69e1f73e3deffe050e7005f972a744add3e013,retained-unmodified-source,individual-semantic-review-pending
util/util-functions.sh,efccf5516bcd17e241a6349553b6489fd0c3f93a,07f4de952bd7dac50051e5a17514d53034996810228b06fa2579d003661d5b1f,retained-unmodified-source,individual-semantic-review-pending
