path,component,kind,blob,status,mac_replacement,notes
.editorconfig,.editorconfig,blob,1291d59e22a3b296ebe16e8114efeafe020dd937,pending-review,,
.gitattributes,.gitattributes,blob,625449502ba4b4d7c229c6ccee42e3ec41cc780c,pending-review,,
.gitignore,.gitignore,blob,5cd5727ff1f50c3680c5b0ead0b7026e9ca9b36a,pending-review,,
.gitlab-ci.yml,.gitlab-ci.yml,blob,c9f8f2f4a6633b91b3dfaf79632b1f18cb99838d,pending-review,,
.gitlab-ci/check-commits.sh,.gitlab-ci,blob,befbb8bd32f783731e8a12cc6c056d8d338a5921,pending-review,,
.gitlab-ci/check.sh,.gitlab-ci,blob,27f1a85a8ab113bce1a9fab846557d1d19f29be9,pending-review,,
.gitlab-ci/gettext-lint/Equivalent.py,.gitlab-ci,blob,74bc9f8747df853cfcf0ce6912df17c79ef4f009,pending-review,,
.gitlab-ci/gettext-lint/Glossary.py,.gitlab-ci,blob,aaae1030857d0d8f3178115abbb21148c658c5a4,pending-review,,
.gitlab-ci/gettext-lint/POFile.py,.gitlab-ci,blob,8338724f858fe57c245d229b00a9770fa61e8ae6,pending-review,,
.gitlab-ci/gettext-lint/POFileSpell,.gitlab-ci,blob,b34605cf0999d718223b3967564f4a225b5fe1ef,pending-review,,
.gitlab-ci/gettext-lint/capitalization.py,.gitlab-ci,blob,9a4383168d2f94ef42c5a336f292cc57437559a2,pending-review,,
.gitlab-ci/gettext-lint/util.py,.gitlab-ci,blob,5c3f9f4b610b356eb9bfe729429521886d3d8302,pending-review,,
.gitmodules,.gitmodules,blob,124b6e1416d420ae8e6cc0496e5d23c457af5de9,pending-review,,
.mailmap,.mailmap,blob,667340e665285b7c16d49485a8b0238fed734ae1,pending-review,,
.tgitconfig,.tgitconfig,blob,d4748916df7ee89c0d07b447f8c97b881766855f,pending-review,,
CONTRIBUTING.md,CONTRIBUTING.md,blob,2d127b1ac966946fcedc115c5d0eef07435b057f,pending-review,,
LICENSE,LICENSE,blob,cef742cf28b1d5d298811c84e38386e1b5902c02,pending-review,,
Languages/.gitattributes,Languages,blob,f1d137c1bb9e37642ed92bb021f444b9942d5b53,pending-review,,
Languages/Banner.jpg,Languages,blob,5ed39dbb797b29cb1006f820f8e134a4d11cd3a6,pending-review,,
Languages/Dialog.jpg,Languages,blob,2fa2657c37b28a0686d9d6de30814a560e8acd6f,pending-review,,
Languages/Lang_bg.wixproj,Languages,blob,417936d7f90341f947d63e77d6294fd159739d53,pending-review,,
Languages/Lang_ca.wixproj,Languages,blob,53ccbfb06d361adb41eb61052e76c53f201e858c,pending-review,,
Languages/Lang_cs.wixproj,Languages,blob,fab41fd2af827108e11f256dca9ee38b76db5e39,pending-review,,
Languages/Lang_da.wixproj,Languages,blob,359e597b4a866e5ba155960f41225094f520e0be,pending-review,,
Languages/Lang_de.wixproj,Languages,blob,5011b98655e2f3d0db4ad61a0a678f44d090780f,pending-review,,
Languages/Lang_el.wixproj,Languages,blob,acf7312497e08f86b8fb300d916ee24ca72954b9,pending-review,,
Languages/Lang_es.wixproj,Languages,blob,4e0e2c70ae2a2c3b79616469dac1ba6864bb572f,pending-review,,
Languages/Lang_fa.wixproj,Languages,blob,84e8738bc27a82fda6a085cfc87fd02ecf9540da,pending-review,,
Languages/Lang_fi.wixproj,Languages,blob,b09b25073940381eaabbe2eae82b4a63c8b20bd0,pending-review,,
Languages/Lang_fr.wixproj,Languages,blob,06dc06fc58caec5cc3b143aa224e7448b411a0e0,pending-review,,
Languages/Lang_he.wixproj,Languages,blob,b3b41ec6f76217d9328ecaf3d957f05a438adf02,pending-review,,
Languages/Lang_hu.wixproj,Languages,blob,4077fe2b4e95545c73a5e9878b6eacfab14ef4ab,pending-review,,
Languages/Lang_id.wixproj,Languages,blob,7b4307a25c72a43ecdb2dcfd1e1c94328ba4cc53,pending-review,,
Languages/Lang_it.wixproj,Languages,blob,a99b0e491f3b562875b21f28189d85e0c9ecff85,pending-review,,
Languages/Lang_ja.wixproj,Languages,blob,d2e6cdf33244de50795fedefbd6cbad72cb9a829,pending-review,,
Languages/Lang_ko.wixproj,Languages,blob,3da116812124aa6de511b9ba6d428b3b6cee7ddd,pending-review,,
Languages/Lang_lt.wixproj,Languages,blob,dbd93396450100f179fa912efdb200f0671140e0,pending-review,,
Languages/Lang_nl.wixproj,Languages,blob,011f25fb0a5fec00fbc200672632c5c19e1910fc,pending-review,,
Languages/Lang_oc.wixproj,Languages,blob,7d1945f91ea07ede8a47d76f9c8aa1b62b02ae01,pending-review,,
Languages/Lang_pl.wixproj,Languages,blob,dd30c46b7f1af40a6acc7f682ffb250020d72065,pending-review,,
Languages/Lang_pt_BR.wixproj,Languages,blob,a9a522dc328fbf0432a8283ba1a2bd0f4efc2e1d,pending-review,,
Languages/Lang_pt_PT.wixproj,Languages,blob,678ceddf3a6c4b8aa4bb3323c93611f64422ffd4,pending-review,,
Languages/Lang_ro.wixproj,Languages,blob,61e1636f0d407d1780245299d87e7eccb20c0150,pending-review,,
Languages/Lang_ru.wixproj,Languages,blob,1cedb4ff1d514c034dbfefc3bae4d2eba4d508c8,pending-review,,
Languages/Lang_sk.wixproj,Languages,blob,ac58b926cc6fb798414e2b195713ab2417902724,pending-review,,
Languages/Lang_sl.wixproj,Languages,blob,ac244f703f231b8f1c074c31a97ffd8f3a13343c,pending-review,,
Languages/Lang_sq.wixproj,Languages,blob,cf5731c465b2c27b578b9439c58529f4c5658480,pending-review,,
Languages/Lang_sr-latin.wixproj,Languages,blob,6c7b20694bd2a733041717b542d3157bbee66e8b,pending-review,,
Languages/Lang_sr.wixproj,Languages,blob,e6a28c0642d0308c1c30c0f93f72e19548259941,pending-review,,
Languages/Lang_sv.wixproj,Languages,blob,fc09fde0ddd284a0abe0b278662a1708657b5f39,pending-review,,
Languages/Lang_ta_IN.wixproj,Languages,blob,f4b0c8742328389ca9573eb667625010fc2ffddd,pending-review,,
Languages/Lang_th.wixproj,Languages,blob,aa0008ed84759483abecbc4810f453df50bcd74f,pending-review,,
Languages/Lang_tr.wixproj,Languages,blob,9672971f3586313674c12565153ff45059fe6c52,pending-review,,
Languages/Lang_uk.wixproj,Languages,blob,f4321196cbcb6f2359db9f57dbca2a24cafe7662,pending-review,,
Languages/Lang_vi.wixproj,Languages,blob,98cb20e732d2ff34500bce0e28ff2887bbc9c205,pending-review,,
Languages/Lang_zh_CN.wixproj,Languages,blob,f779c61a8e52ea370b26803276a156297bef0632,pending-review,,
Languages/Lang_zh_TW.wixproj,Languages,blob,80dbf9ae227bb9b27b8e863a638c229aa560deec,pending-review,,
Languages/LanguagePack.wxs,Languages,blob,843ff7d7b2569d6ba4b928eab4c97a05245eaaa5,pending-review,,
Languages/Languages.txt,Languages,blob,8b9a0d5b791da52b0dbb436e012d6f518f28e8b2,pending-review,,
Languages/Makefile,Languages,blob,f01ee934a8ecd887a9d6c136d916e168741a50d0,pending-review,,
Languages/README.txt,Languages,blob,f390ee41e48c9b6eec09326a9144109be60b81bf,pending-review,,
Languages/Tortoise.pot,Languages,blob,5f9bcca2ac872bf55098b6dfa53c477a03378534,pending-review,,
Languages/TortoiseLang.vcxproj,Languages,blob,d0e36c8c8c1e2b6ec37d78b23d1897470ba28bf7,pending-review,,
Languages/TortoiseLang.vcxproj.filters,Languages,blob,01e4d667e1be067790800989ceddc8b88b1309ff,pending-review,,
Languages/TortoisePot.vcxproj,Languages,blob,7d30a8f533120414d2944ceb6bc9ffcbd5b49ff8,pending-review,,
Languages/TortoisePotHeader.txt,Languages,blob,d2b962039aa05480e8478bc4f705ff049be6bbf3,pending-review,,
Languages/Tortoise_bg.po,Languages,blob,6aa521fc86d45a9008101feb887a1fed1b48c5d7,pending-review,,
Languages/Tortoise_ca.po,Languages,blob,cff9f98797dd8aa093864e9f6c21eeb1db923d50,pending-review,,
Languages/Tortoise_cs.po,Languages,blob,2ac7817c8cf8e8bc3c554bef7442d17915e41cbd,pending-review,,
Languages/Tortoise_da.po,Languages,blob,f9a21abbe4b669e1e2edce884a94709a32d3f51b,pending-review,,
Languages/Tortoise_de.po,Languages,blob,ccabc4dfd31b7f687b19e16c538cff834977533c,pending-review,,
Languages/Tortoise_el.po,Languages,blob,369c330173c50111a4019f549d7dfea4fe99313a,pending-review,,
Languages/Tortoise_es.po,Languages,blob,204f07036c526c2460df952b8a89e1f72eccbc0b,pending-review,,
Languages/Tortoise_fa.po,Languages,blob,9a007068d29320be2bcfb4b844ecfd2b0ee24ab7,pending-review,,
Languages/Tortoise_fi.po,Languages,blob,5480e5cfcfa75a408ed5f560f93f06be7e0c274d,pending-review,,
Languages/Tortoise_fr.po,Languages,blob,70fc13d85763d6d4b057f7ef4c59b76528d306c2,pending-review,,
Languages/Tortoise_he.po,Languages,blob,6f4a3c520f884c7370c9775c1b2543015fec5768,pending-review,,
Languages/Tortoise_hu.po,Languages,blob,4da53c31ab0d5a616fc120392bc60ed4289e205f,pending-review,,
Languages/Tortoise_id.po,Languages,blob,9e8a1f704328d9a090973e064c0cea6a36c1ab09,pending-review,,
Languages/Tortoise_it.po,Languages,blob,75430b313382bd762cd2c1fce7fdaaa6e0ac0402,pending-review,,
Languages/Tortoise_ja.po,Languages,blob,d6ab82ad5025d78ca808e8e794d5d284efafad1a,pending-review,,
Languages/Tortoise_ko.po,Languages,blob,19d09be9ad8f08a8ae29f7875d6f1544a8d36f3b,pending-review,,
Languages/Tortoise_lt.po,Languages,blob,4316bd52a6f5ac8aaf2ddbd1d5e0f2c83e4e9570,pending-review,,
Languages/Tortoise_nl.po,Languages,blob,0fe4934d8ac6fb572fc9edf97b7bb316ea641475,pending-review,,
Languages/Tortoise_oc.po,Languages,blob,4b23fd51cccb3219704ccc024fb3460c110bbf8d,pending-review,,
Languages/Tortoise_pl.po,Languages,blob,e387c045ce15fb0ffd9e0f650daab2bbe4fce7c1,pending-review,,
Languages/Tortoise_pt_BR.po,Languages,blob,b8bbc9f96d0bc434b840084bb3defbd1272f7e2f,pending-review,,
Languages/Tortoise_pt_PT.po,Languages,blob,288407d8c45b344a820ce7699c5388c6a3a2e532,pending-review,,
Languages/Tortoise_ro.po,Languages,blob,3d6f5d0731aa2d7df5938bf9963feffd53bf6732,pending-review,,
Languages/Tortoise_ru.po,Languages,blob,b8404bef8342d742612a4ff1c71fac5f97f334bb,pending-review,,
Languages/Tortoise_sk.po,Languages,blob,0c592269628a74ffeb386b62ec52e792ea53fff4,pending-review,,
Languages/Tortoise_sl.po,Languages,blob,de8520aa8a8d9799672d6fc019d2bb562dfd347f,pending-review,,
Languages/Tortoise_sq.po,Languages,blob,e606714350fa046610ba1f15d8ef69432384402c,pending-review,,
Languages/Tortoise_sr@Cyrl.po,Languages,blob,176225ba72beef166494380bae94a3c84de3da59,pending-review,,
Languages/Tortoise_sr@latin.po,Languages,blob,c80efa49106dca2e661454557bdfdc634d00f528,pending-review,,
Languages/Tortoise_sv.po,Languages,blob,bfeb15e5bdb9dc48b7c1e34d937de868addc58ee,pending-review,,
Languages/Tortoise_ta_IN.po,Languages,blob,6b6671d86587db9f6fc12f36a0a56d218a4ea624,pending-review,,
Languages/Tortoise_th.po,Languages,blob,97bdba2a259953e0d3d0d95067a61369b357a20d,pending-review,,
Languages/Tortoise_tr.po,Languages,blob,b9710895483df922e656396753b9eb1030a6ed4a,pending-review,,
Languages/Tortoise_uk.po,Languages,blob,37e589c44ec202a2540a86fda76fe51f3b41ec5d,pending-review,,
Languages/Tortoise_vi.po,Languages,blob,9c00367021c2191a61d58b849603e26e977b1ba0,pending-review,,
Languages/Tortoise_zh_CN.po,Languages,blob,5b8b8dfc6dfb605a92c4552dd90eb271b90491a5,pending-review,,
Languages/Tortoise_zh_TW.po,Languages,blob,9de4c85545f776b1da881f81438167caf2c54480,pending-review,,
Languages/WiXProj.common.props,Languages,blob,595cd0d38d27721e3b1b8b6447cfc226234c9389,pending-review,,
Languages/WixUI_LanguagePacks.wxs,Languages,blob,10e30825abd2657ab2b4f3aa7fba98eb4e11390d,pending-review,,
Languages/build-lang.cmd,Languages,blob,8b825c8216282655637253397c92783258c9fe71,pending-review,,
Languages/spell/0130.wxi,Languages,blob,4a8e334a30205cc0f692998299d2043e2aced72f,pending-review,,
Languages/spell/1026.wxi,Languages,blob,fb7e2001b660d95bd9c538158884dd2c49e67ba7,pending-review,,
Languages/spell/1027.wxi,Languages,blob,49fb6297dfca08990e6adb3a0772fb04c7017d56,pending-review,,
Languages/spell/1029.wxi,Languages,blob,88acec6b24278d14cb13ccfd582f06361d705745,pending-review,,
Languages/spell/1030.wxi,Languages,blob,38f2d5025b429bdf6bd00373520f25c3fbc20281,pending-review,,
Languages/spell/1031.wxi,Languages,blob,0e59de54e841a2b6dbaf570a8e80c2a7fe9d9abc,pending-review,,
Languages/spell/1032.wxi,Languages,blob,add47ec2bd4db41b5354abd67a2e9362fdd58e02,pending-review,,
Languages/spell/1034.wxi,Languages,blob,a5476c2d8c1ce202e80c35b7ffcd04305ba19219,pending-review,,
Languages/spell/1036.wxi,Languages,blob,c302ce8180d2dfad51edb1689ea3a47e389201a2,pending-review,,
Languages/spell/1037.wxi,Languages,blob,55e88d3bb39612d640d8f5d6b5804861fc2d5f58,pending-review,,
Languages/spell/1038.wxi,Languages,blob,4478eec44995754b99e413a5d7c4b2c4271bd8a3,pending-review,,
Languages/spell/1040.wxi,Languages,blob,cb9950ef9ff143f38d72d0449d54a783d16a5f5c,pending-review,,
Languages/spell/1042.wxi,Languages,blob,7be82cbe234171f9c0e0e5c47bf25a59cd97bea4,pending-review,,
Languages/spell/1043.wxi,Languages,blob,59d293e983ea13e6981ae9c9daa5232729021fcd,pending-review,,
Languages/spell/1045.wxi,Languages,blob,b425c9cdef4306e1807444a7ade1e257b94a407c,pending-review,,
Languages/spell/1046.wxi,Languages,blob,64779febfbe48bdeae01696ee557170c4c78243d,pending-review,,
Languages/spell/1048.wxi,Languages,blob,d2ee570b1f3ba9dd9872bed86788700eeaf6aa70,pending-review,,
Languages/spell/1049.wxi,Languages,blob,8ea6897984b2de950a39e5c21f483d693d3f1bd9,pending-review,,
Languages/spell/1051.wxi,Languages,blob,904b44b0927f79bc7a9e3f8cde69f275c13ed967,pending-review,,
Languages/spell/1052.wxi,Languages,blob,ef40befdc76164535c01c5699b361e4d0593c94f,pending-review,,
Languages/spell/1053.wxi,Languages,blob,f50a48df9035b778be9f0b4402c1e953ef270773,pending-review,,
Languages/spell/1054.wxi,Languages,blob,f4858b5817e542fcc28329fcb05c148cb21042fe,pending-review,,
Languages/spell/1055.wxi,Languages,blob,fde60e77ebc30468ab76d3ed7bb63605fdbda85a,pending-review,,
Languages/spell/1057.wxi,Languages,blob,c29bf72c2d9b18eece411e6074abac5429f65306,pending-review,,
Languages/spell/1058.wxi,Languages,blob,54eb143f3e05d5f842b3853c878a3d52ea56d5e6,pending-review,,
Languages/spell/1060.wxi,Languages,blob,d1860b25a1beaa7e3b8f2019bba4cc50a89c5945,pending-review,,
Languages/spell/1063.wxi,Languages,blob,2acbc433ab10555e885fdb9c17031645e46faf8c,pending-review,,
Languages/spell/1065.wxi,Languages,blob,a234f2caa59995ddc1c6776907b7a6f8d9da6202,pending-review,,
Languages/spell/1066.wxi,Languages,blob,d59703fac9c49e73def6b968e0c2e6b1e7b735b3,pending-review,,
Languages/spell/2070.wxi,Languages,blob,3efb1df98b33a32da4faf5317fee2182c16e7569,pending-review,,
Languages/spell/2074.wxi,Languages,blob,c587a89873427638edfac9ef0b83b092932b049e,pending-review,,
Languages/spell/3098.wxi,Languages,blob,ff5f72291c7e0a560b68497a077d4a64b141a544,pending-review,,
README.md,README.md,blob,f2a7d5bfc9c8fda54baac8d1b728b6ce9513921c,pending-review,,
SECURITY.md,SECURITY.md,blob,121389ac87862ebbf473f92439fccf6cd464ee2a,pending-review,,
appveyor.yml,appveyor.yml,blob,1d8ba31dfb8645d66618e0ec285786a9a4bb5a2e,pending-review,,
architecture.txt,architecture.txt,blob,40508532cf6183bde2337d17e877c241855c5116,pending-review,,
build.txt,build.txt,blob,572a1153e2c9ca8f3d53d66fef1d3dfdaa454354,pending-review,,
contrib/NatVis/TortoiseGit.natvis,contrib,blob,8a8616ee09a986441342ec8dd94f5c164e523af6,pending-review,,
contrib/Utils/MakeUTF8.c,contrib,blob,488c14671f561b46c5f910994dd3385c41c9a96a,pending-review,,
contrib/Utils/MakeUTF8.sln,contrib,blob,b9ec2ee8227843a39584b22bf8fff5e5f0201934,pending-review,,
contrib/Utils/MakeUTF8.vcxproj,contrib,blob,a9314a550b529626d57d00537e01ac239ae6916a,pending-review,,
contrib/Utils/MakeUTF8.vcxproj.filters,contrib,blob,fb4f0d3c1be13dc19bb5212314c91763fd62dda9,pending-review,,
contrib/Utils/Readme.txt,contrib,blob,5eeb5ff3826ab82b5446c650cfd74d47c301e85c,pending-review,,
contrib/Utils/po-merge.cs,contrib,blob,6049034a8cb44b99ed50584f4c7959d1fea9fc8c,pending-review,,
contrib/diff-scripts/Readme.txt,contrib,blob,2427888a09e008c7827b246da7b2d1c9058d0b58,pending-review,,
contrib/diff-scripts/diff-dll.js,contrib,blob,606ec79bac08e0dad45cfd68f37690ab230c5ff0,pending-review,,
contrib/diff-scripts/diff-doc.js,contrib,blob,7afd50fca29765f548ff0c08ca3e9a174d2cc237,pending-review,,
contrib/diff-scripts/diff-nb.js,contrib,blob,00ffde06a8c0f69bd4baa6ac1bd7fdadac651bb3,pending-review,,
contrib/diff-scripts/diff-odt.js,contrib,blob,c427f4078b9776d2fa5a39e4cca775fa810d2418,pending-review,,
contrib/diff-scripts/diff-ppt.js,contrib,blob,2a327ab3ac41f61a42fffa7dd51ad702fd40cb16,pending-review,,
contrib/diff-scripts/diff-xls.js,contrib,blob,9740c4cd7dd1bff6310639ce222b4824836fd554,pending-review,,
contrib/diff-scripts/diff-zip.js,contrib,blob,72d9d4a40a01dcbeb74837eb5ad7b08079fc8195,pending-review,,
contrib/diff-scripts/merge-doc.js,contrib,blob,aa79a641e79e42c67550895bf6b28cddaef3688e,pending-review,,
contrib/diff-scripts/merge-odt.js,contrib,blob,ffe0921cc5d0143029b2e53f9f4057d5bd0d8da0,pending-review,,
contrib/hook-scripts/client-side/PostCommit.js.tmpl,contrib,blob,cb8a60f4d0f51a66bd39c81d1e094c1e6ad54169,pending-review,,
contrib/hook-scripts/client-side/PreCommit.js.tmpl,contrib,blob,519814d18582eed468bff07cc584218bc4c1ad9f,pending-review,,
contrib/hook-scripts/client-side/StartCommit.js.tmpl,contrib,blob,d5c35db6366868eb3ac78d06fa4a214d5234fbcd,pending-review,,
contrib/hook-scripts/client-side/checkyear.js,contrib,blob,07d4452e15cbcf93bd184cb8050b09d60ef41273,pending-review,,
contrib/issue-tracker-plugins/ExampleAtlPlugin/ExampleAtlPlugin.cpp,contrib,blob,be091cc19121baed1e952e5c77621f5272efff36,pending-review,,
contrib/issue-tracker-plugins/ExampleAtlPlugin/ExampleAtlPlugin.def,contrib,blob,4e7dd59a9b3ea58d7e5562337932896460f4066e,pending-review,,
contrib/issue-tracker-plugins/ExampleAtlPlugin/ExampleAtlPlugin.idl,contrib,blob,5edf5a916c8a521c0a6d4462a5c9953d29b0effc,pending-review,,
contrib/issue-tracker-plugins/ExampleAtlPlugin/ExampleAtlPlugin.rc,contrib,blob,3c7de9e856362f716d183403c1081b978d340639,pending-review,,
contrib/issue-tracker-plugins/ExampleAtlPlugin/ExampleAtlPlugin.rgs,contrib,blob,c79285743c12384e9fd9e30c4f9c2ed484e9404b,pending-review,,
contrib/issue-tracker-plugins/ExampleAtlPlugin/ExampleAtlPlugin.sln,contrib,blob,5228cb57873cba8386c030e78f6f3bd5b367bf3d,pending-review,,
contrib/issue-tracker-plugins/ExampleAtlPlugin/ExampleAtlPlugin.vcxproj,contrib,blob,bdfdab60eb32569f9f6b40369b85f4407f1d95b3,pending-review,,
contrib/issue-tracker-plugins/ExampleAtlPlugin/ExampleAtlPlugin.vcxproj.filters,contrib,blob,41bbacec7f11999111de6331ae8e754765b7bfe1,pending-review,,
contrib/issue-tracker-plugins/ExampleAtlPlugin/Provider.cpp,contrib,blob,927aba2405ee55d79f2e9af1a8605e2db726ce82,pending-review,,
contrib/issue-tracker-plugins/ExampleAtlPlugin/Provider.h,contrib,blob,80ff01d84f3862656546d63d55d10625a8d7a4fd,pending-review,,
contrib/issue-tracker-plugins/ExampleAtlPlugin/Provider.rgs,contrib,blob,9a5358c2c6a68d8bd396e576d1712de198edff80,pending-review,,
contrib/issue-tracker-plugins/ExampleAtlPlugin/WaitDialog.cpp,contrib,blob,63fc0f1ea8fc111639bf2975c1b115433d662495,pending-review,,
contrib/issue-tracker-plugins/ExampleAtlPlugin/WaitDialog.h,contrib,blob,e31a0de398cfe501fbc3ec0ca05ee03104ac4f52,pending-review,,
contrib/issue-tracker-plugins/ExampleAtlPlugin/dllmain.cpp,contrib,blob,d8bfdb50e6ed2f9c19dc716f57c4db8edb3eac90,pending-review,,
contrib/issue-tracker-plugins/ExampleAtlPlugin/dllmain.h,contrib,blob,0f2a826e94f5cf0c0e879b04e240754fdd4756e5,pending-review,,
contrib/issue-tracker-plugins/ExampleAtlPlugin/resource.h,contrib,blob,ff9032e86d94d78059e5f634cc11a71185606a9c,pending-review,,
contrib/issue-tracker-plugins/ExampleAtlPlugin/stdafx.cpp,contrib,blob,22d3b022235aef2bcf29a128956ce518479ca4ca,pending-review,,
contrib/issue-tracker-plugins/ExampleAtlPlugin/stdafx.h,contrib,blob,8900e1f57c98f1f287739dfb9635c923c43026a3,pending-review,,
contrib/issue-tracker-plugins/ExampleAtlPlugin/targetver.h,contrib,blob,a93b45bcb5b0b6c214c843aa90b876b591981634,pending-review,,
contrib/issue-tracker-plugins/ExampleCsPlugin/CommitFinishedForm.Designer.cs,contrib,blob,ae761c96f6a8294ec728326aa475fe841f038b6c,pending-review,,
contrib/issue-tracker-plugins/ExampleCsPlugin/CommitFinishedForm.cs,contrib,blob,33d304465e2ca5cc945068cceff0c285ff366003,pending-review,,
contrib/issue-tracker-plugins/ExampleCsPlugin/CommitFinishedForm.resx,contrib,blob,ff31a6db56e23b5a334f34387830ba5b4bd33eb8,pending-review,,
contrib/issue-tracker-plugins/ExampleCsPlugin/ExampleCsPlugin.csproj,contrib,blob,70803344498f49459212c89a8135dc209e4fe88c,pending-review,,
contrib/issue-tracker-plugins/ExampleCsPlugin/ExampleCsPlugin.reg,contrib,blob,2f8a6d17160e1b3b72774228772992da5d995299,pending-review,,
contrib/issue-tracker-plugins/ExampleCsPlugin/ExampleCsPlugin.sln,contrib,blob,8aacf62aae1d6021811e07c2d006e73793b97512,pending-review,,
contrib/issue-tracker-plugins/ExampleCsPlugin/MyIssuesForm.Designer.cs,contrib,blob,8f65c3d8734dd7cbd010f6981271ff1927dadecd,pending-review,,
contrib/issue-tracker-plugins/ExampleCsPlugin/MyIssuesForm.cs,contrib,blob,9bfa8cd143e3b68b308a833d6c3b6907d866c7f4,pending-review,,
contrib/issue-tracker-plugins/ExampleCsPlugin/MyIssuesForm.resx,contrib,blob,ff31a6db56e23b5a334f34387830ba5b4bd33eb8,pending-review,,
contrib/issue-tracker-plugins/ExampleCsPlugin/MyPlugin.cs,contrib,blob,fd67ab253558d8190dd2260de29db50a5240c665,pending-review,,
contrib/issue-tracker-plugins/ExampleCsPlugin/OptionsForm.Designer.cs,contrib,blob,74c759190aebf1c356e8c6adee323be5f2aa0647,pending-review,,
contrib/issue-tracker-plugins/ExampleCsPlugin/OptionsForm.cs,contrib,blob,3dd6e03717610cbbe693cb91cc602b6788925f06,pending-review,,
contrib/issue-tracker-plugins/ExampleCsPlugin/OptionsForm.resx,contrib,blob,ff31a6db56e23b5a334f34387830ba5b4bd33eb8,pending-review,,
contrib/issue-tracker-plugins/ExampleCsPlugin/Properties/AssemblyInfo.cs,contrib,blob,4c33078a936acfcf6c492288951009c5d2042fba,pending-review,,
contrib/issue-tracker-plugins/ExampleCsPlugin/TicketItem.cs,contrib,blob,fb0455d0a6c57843a1396c55af77a3f854449379,pending-review,,
contrib/issue-tracker-plugins/Interop.BugTraqProvider/IBugTraqProvider.cs,contrib,blob,834b23f42a96be2a82d73b9652d614097c2349fd,pending-review,,
contrib/issue-tracker-plugins/Interop.BugTraqProvider/Interop.BugTraqProvider.csproj,contrib,blob,5fe05e46688280f24672bcc3b010edaf417548ef,pending-review,,
contrib/issue-tracker-plugins/Interop.BugTraqProvider/Interop.BugTraqProvider.sln,contrib,blob,a9a1a3ae6a720bb08f88e77a498180f5ab7987c7,pending-review,,
contrib/issue-tracker-plugins/Interop.BugTraqProvider/Properties/AssemblyInfo.cs,contrib,blob,92cc3852c032a06472fd78955a8a3e0d8b11d1fe,pending-review,,
contrib/issue-tracker-plugins/inc/IBugTraqProvider.idl,contrib,blob,be43423034d7e2e2a712f59654a0d8f96b6efbe9,pending-review,,
contrib/issue-tracker-plugins/inc/IBugTraqProvider_h.h,contrib,blob,b56ea795966b4774cae65a05630a3170e1cdd3f1,pending-review,,
contrib/issue-tracker-plugins/inc/IBugTraqProvider_i.c,contrib,blob,46ccb8f77b24fc54a45149cd80a222b22444ab6d,pending-review,,
contrib/issue-tracker-plugins/inc/Interop.BugTraqProvider.dll,contrib,blob,15672f6aceefb5806f48945c024460f8a94ddbf2,pending-review,,
contrib/issue-tracker-plugins/issue-tracker-plugins.txt,contrib,blob,439ccf364ac3f2d74983a6a1fe57c7410c76cfdc,pending-review,,
contrib/itemStates debugger/converter.ods,contrib,blob,1c57b04197714d8b847cc3c3abea91fba8604998,pending-review,,
doc/Aspell/.gitattributes,doc,blob,6e6157b10faae5c1ed72d561b85e08b5f5dfab64,pending-review,,
doc/Aspell/Readme.txt,doc,blob,1678c131f277417bbab858a0b18e689e552db780,pending-review,,
doc/Aspell/TortoiseGit.tmpl.pws,doc,blob,b9bc8cc234cb7ef79eac3c39d1b0517813a456e3,pending-review,,
doc/Aspell/TortoisePot.pws,doc,blob,8274810a8a9e1124e0deb26a3e6a3ea85b0d995f,pending-review,,
doc/Aspell/append.bat,doc,blob,49d2a69e2dafbcb72f4eb5de8734283744fbcfd4,pending-review,,
doc/Aspell/append.sh,doc,blob,4e8ade213354c54ce7c4e2ae0e688b73f8661521,pending-review,,
doc/Aspell/aspell.bat.in,doc,blob,74c4cec3bb6324e6207e5041985399fbaa313090,pending-review,,
doc/Aspell/aspell.sh,doc,blob,b4d0b8ecd2a2ae3167528792b1805dd541f43587,pending-review,,
doc/Aspell/en.pws,doc,blob,fc984a769ef2e8f66a9417bfcc76e5eead82e32e,pending-review,,
doc/Aspell/removetags.xsl,doc,blob,f9d2b3a98487ad1bc7e5de615b0fce52c42d7347,pending-review,,
doc/AutolistDoc.txt,doc,blob,74d91169b0735a9b841e50ec3db5a22514e923fd,pending-review,,
doc/CheckIDD.bat,doc,blob,53ee0b1d62b40b7631a374f08f57463909e96d0c,pending-review,,
doc/CheckIDD.sh,doc,blob,993f46fbc6ab9385535b73a58db2c903d028d16e,pending-review,,
doc/Screenshots.txt,doc,blob,7d3c451cf4c0393f0e816b8fe083f8188d2bd3d2,pending-review,,
doc/doc.build,doc,blob,39fbb382bf84330ee260a13131713b229dfa715c,pending-review,,
doc/doc.build.include,doc,blob,28c76e4121a1c3402f5588f182ae8bdcc7258375,pending-review,,
doc/doc.build.user.linux.templ,doc,blob,77fb71cc0661f2474dc2ab4e8573efca735f2665,pending-review,,
doc/doc.build.user.tmpl,doc,blob,f6d54da2f1b7bade319f035ea594b18a1321bbfa,pending-review,,
doc/images/DeflOpt.exe,doc,blob,7f0cd4ca67780f9930df82db458f5b5777c59c33,pending-review,,
doc/images/DeflOpt.txt,doc,blob,33aca48c25f2a27f079f46a0ddb6358f1e4faa5e,pending-review,,
doc/images/adjustimages.bat,doc,blob,87ba5240e80ec3e02650dc6901d041750f7e71bd,pending-review,,
doc/images/en/AbortMerge.png,doc,blob,727362956f3a48867c9ee3c139e54776fd8f969d,pending-review,,
doc/images/en/ActionAddedIcon.png,doc,blob,2e8190ec1a57809e92db4a5d16ce30c89f016002,pending-review,,
doc/images/en/ActionDeletedIcon.png,doc,blob,fd8d196f90ed5f89aefca4b8e3982b6016369fb5,pending-review,,
doc/images/en/ActionModifiedIcon.png,doc,blob,d7294bce84efc1b81b2f1d99f81fdfb0b5cc3adc,pending-review,,
doc/images/en/ActionReplacedIcon.png,doc,blob,768f335e2fe066c074ccdde83e0f7e98c3e5807f,pending-review,,
doc/images/en/Add.png,doc,blob,c7434d9b14bcaa04d1f0a670da7a61bc65a0a2a1,pending-review,,
doc/images/en/AddFinish.png,doc,blob,370e43529f16fcdd1749ec58fc3041f510c32231,pending-review,,
doc/images/en/AddedIcon.png,doc,blob,8234e2ece38d4a8b6e43062cf8c3a503d413a003,pending-review,,
doc/images/en/ApplyPatch.png,doc,blob,80f7d2ca5f717a0afe490eff2abf91de26958a87,pending-review,,
doc/images/en/Branch.png,doc,blob,dafa00fa84498d2df219b1cd2a086c2f540b0e8b,pending-review,,
doc/images/en/BrowseRef.png,doc,blob,919e6f41b93e111308095700b9c8c45814d26f5c,pending-review,,
doc/images/en/Changelist.png,doc,blob,8bc4e18e60695932c3207fbacc8001f84bcf5f50,pending-review,,
doc/images/en/CheckoutSubmodules.png,doc,blob,126190261f419aeb9a89c50ceacd06e9d22bc1ad,pending-review,,
doc/images/en/ChooseRepository.png,doc,blob,48289b8a3e05e09f873cf5ab8d1163855b42b1db,pending-review,,
doc/images/en/Commit.png,doc,blob,e811f1428aafd1c8445a951511fc5526125171f7,pending-review,,
doc/images/en/CommitProgress.png,doc,blob,af1b734029b9f52c7d8efe1872bf61f358fcc81e,pending-review,,
doc/images/en/CommitSpellcheck.png,doc,blob,e27d30469337cab6d3acd3e3b542e798a8dec500,pending-review,,
doc/images/en/CompareRevisions.png,doc,blob,d0c367dfd37d9261ccbd0bb1f6e98e4753cad941,pending-review,,
doc/images/en/ConflictIcon.png,doc,blob,623a026313145ec38330bdd44dd72ac770b07c15,pending-review,,
doc/images/en/ContextMenuBisect.png,doc,blob,0f44b4448468b1edee4dffb19740cf38308c7a90,pending-review,,
doc/images/en/ContextMenuDirBare.png,doc,blob,22b38db39b8be1e49c41ff1ecd0579fdd53b756c,pending-review,,
doc/images/en/ContextMenuDirControl.png,doc,blob,fdd3e71b0c4f9857b437981b2e8c18bbaaf9a356,pending-review,,
doc/images/en/ContextMenuDirNoControl.png,doc,blob,1a940a6281a3388e05e037aa3d49f56787cb1b52,pending-review,,
doc/images/en/ContextMenuFileControl.png,doc,blob,36d59b954a12efe69d147d27655f7f1cd74178e6,pending-review,,
doc/images/en/ContextMenuFileIgnore.png,doc,blob,f4c10370fe99ec0f273ec68ff7d55da471a28412,pending-review,,
doc/images/en/ContextMenuFileNoControl.png,doc,blob,ad6fd0ee6b69934cac8e403cc94645f62ef54024,pending-review,,
doc/images/en/ContextMenuStash.png,doc,blob,7680424c9a5af493e6dcd0a7bdb3122264b10237,pending-review,,
doc/images/en/ContextMenuSubmodules.png,doc,blob,b3171bfbed41ec37afeb19cd80b899e91488e886,pending-review,,
doc/images/en/CreatePatch.png,doc,blob,bcd4c3f942ad0a1092bfe2483fe4484566ac0a39,pending-review,,
doc/images/en/DaemonProgress.png,doc,blob,ee661032cd55e90773a8c9247141e89bd16aa878,pending-review,,
doc/images/en/DeleteRemoteTag.png,doc,blob,595163ccbba25e394904a9738d4aa93f8099e37b,pending-review,,
doc/images/en/DeletedIcon.png,doc,blob,0b24b36c55b7f6f12e559bc49bd5747c6794400c,pending-review,,
doc/images/en/ExplorerFileMenuFileShortcut.png,doc,blob,cb0c51695eced5bf205f285727f3e0a984e9d592,pending-review,,
doc/images/en/ExportURL.png,doc,blob,9b1a587cfbcc20a303e595dbadc52eb116913392,pending-review,,
doc/images/en/Fetch.png,doc,blob,0f78b47928f9b98bef8e5a8258205d20cbc0e1ce,pending-review,,
doc/images/en/GitCherryPick.png,doc,blob,2187c688d90c6f22a1ca07298f85b7b7007658ff,pending-review,,
doc/images/en/GitClone.png,doc,blob,753fd57a3abccee5f4a91fa81dab3117cd434bdb,pending-review,,
doc/images/en/GitCreate.png,doc,blob,83a2b179f8e0a9d43719090aa1d5f8c2e2836743,pending-review,,
doc/images/en/GitCreateMsg.png,doc,blob,20311014865c0f570e4a0f00f5c9031324f9870b,pending-review,,
doc/images/en/GitPull.png,doc,blob,f81edfcfc79d5c66e20b9d059c391911f6176471,pending-review,,
doc/images/en/GitPush.png,doc,blob,0ddf5b33b3407dce1959dd85842f004825bba108,pending-review,,
doc/images/en/GitRebase.png,doc,blob,ef8dc214edfe195ae992eb20d8de6a8fce4ea96a,pending-review,,
doc/images/en/GitReflog.png,doc,blob,debd0e601c0c875a5925cdd15317fef8b0a50b64,pending-review,,
doc/images/en/GitReset.png,doc,blob,7c9bedb345812f70c63993e9b90bcde3b44a549b,pending-review,,
doc/images/en/GitSubModuleAdd.png,doc,blob,4b80ea9167895e3a16884b4a938612fcb7777ed0,pending-review,,
doc/images/en/GitSync.png,doc,blob,f7b758c80c23cc561b754947ffeaf4ae4afc4687,pending-review,,
doc/images/en/IgnoreDialog.png,doc,blob,96c9763e555c01892b24d2c8a4bfd938dc1c884d,pending-review,,
doc/images/en/IgnoredIcon.png,doc,blob,c0de30080039713e7c58369a7001eb8edd2a1c18,pending-review,,
doc/images/en/InGitIcon.png,doc,blob,a282c096f6d0008fc729842bee53079725336643,pending-review,,
doc/images/en/IssueTrackerQuery.png,doc,blob,96d9d36e1f776095174ff8f72710b6d4d8243a03,pending-review,,
doc/images/en/LFSLocks.png,doc,blob,e2a4b0639199dd4ef985aec43956295682f810ae,pending-review,,
doc/images/en/LockedIcon.png,doc,blob,6cccbb057e742a399402a45809d4d235bcedcb8f,pending-review,,
doc/images/en/LogCollapsedRevs.png,doc,blob,9e6c5c73f20870d60e3e86b8e6d0a7c7ca466966,pending-review,,
doc/images/en/LogContextMenu.png,doc,blob,34654b7467ccec73d7d648212d225e8f8b8532ec,pending-review,,
doc/images/en/LogContextMenu1.png,doc,blob,7b5a58613593fbfd5d257d43f39fede031bb6a50,pending-review,,
doc/images/en/LogContextMenu2.png,doc,blob,3ee6d67d1e9aced9341492a897389c21236327b1,pending-review,,
doc/images/en/LogFilterOptions.png,doc,blob,a9c22fcbfb2953a16dc43ddc7bc13b838fd4af04,pending-review,,
doc/images/en/LogMessages.png,doc,blob,9552d96437d5588b0076c84b4d56637c33fa80d9,pending-review,,
doc/images/en/LogSearch.png,doc,blob,3271a53e10e28f1432880c3f5d480315b94b1329,pending-review,,
doc/images/en/Merge.png,doc,blob,1e846b16ba498be5b77f1d4184eb4f884571d6c5,pending-review,,
doc/images/en/ModifiedIcon.png,doc,blob,69e64068dc8105e4155a5053d7196d059568eadb,pending-review,,
doc/images/en/Overlays.png,doc,blob,8cb4c7f3f1d1cf123289f6b3db8c1266812e1b3b,pending-review,,
doc/images/en/Properties.png,doc,blob,2064380344ffd49395896f112700fd681e8a2565,pending-review,,
doc/images/en/ReadOnlyIcon.png,doc,blob,45a99350021d3de56c1a774a6b08e7d3c96e10df,pending-review,,
doc/images/en/RepoBrowser.png,doc,blob,a7da9cda4eadc5571e32b8f1082de11b2fbd7c15,pending-review,,
doc/images/en/RepoStatus.png,doc,blob,9acb1d1f97883fd750037da5fb286d9c0d2b41fe,pending-review,,
doc/images/en/RequestPull.png,doc,blob,612655834520768b577c77aea9fb2a87c3993a52,pending-review,,
doc/images/en/ResolveConflict.png,doc,blob,14dc0e278da9517cbf95b80d8c128610e55054f5,pending-review,,
doc/images/en/Revert.png,doc,blob,69a1a01b23464acf06af4ff938e5c8cd5dcbc3b1,pending-review,,
doc/images/en/RevisionGraph.png,doc,blob,9f3244557266c41003c49dd328ece57f6c173c0c,pending-review,,
doc/images/en/RightDragMenu.png,doc,blob,35a3baabc78b46f5177e7b7a61db2ca73c4bffd0,pending-review,,
doc/images/en/SendPatch.png,doc,blob,48c613e19ab0e93e819a7e0fe9b553ea35e56415,pending-review,,
doc/images/en/SettingsAlternativeEditor.png,doc,blob,b24f08a898ad559b1c7bcb7c137a4fc857b9ceb3,pending-review,,
doc/images/en/SettingsBlame.png,doc,blob,ad730fbe9ac40037e334fa2108ff9eeb749523ae,pending-review,,
doc/images/en/SettingsColors.png,doc,blob,056f43f4cb04c90fe63dffe8b184a5d93cf796de,pending-review,,
doc/images/en/SettingsColors2.png,doc,blob,62928b92241bacd6ceb1c575372c8c78395536c8,pending-review,,
doc/images/en/SettingsColors3.png,doc,blob,20b728cd549656e54d329a08827a3c434feed1b2,pending-review,,
doc/images/en/SettingsContext.png,doc,blob,c3f729dfcff624a425f7a4595a7b35c439a7c74d,pending-review,,
doc/images/en/SettingsDialog.png,doc,blob,db32a1cc52ab8b565ea70ef232b12a01c3b47e76,pending-review,,
doc/images/en/SettingsDialog2.png,doc,blob,47cbef5a411f97e72ff27127486bf29024876c08,pending-review,,
doc/images/en/SettingsDialog3.png,doc,blob,e7f76b0f61c3eabefbd151b73591255e03aaca78,pending-review,,
doc/images/en/SettingsEmail.png,doc,blob,2d72ebc93a62a4e832437f68a70ef302074adbcc,pending-review,,
doc/images/en/SettingsExtendMenu.png,doc,blob,16641ac8353c5e125a5804015ff5693362126beb,pending-review,,
doc/images/en/SettingsGitConfig.png,doc,blob,82b32955076f455a16791af08f79ea9498416160,pending-review,,
doc/images/en/SettingsGitCredential.png,doc,blob,e9f29a81b9559bd186fea4e1120276bf7531bde8,pending-review,,
doc/images/en/SettingsGitRemote.png,doc,blob,327e1659b3585f9b435c38db32894aacfadc51c6,pending-review,,
doc/images/en/SettingsHookEdit.png,doc,blob,7d14b7a6cfb8b5fa6140c052e93b9a7f42a89167,pending-review,,
doc/images/en/SettingsHooks.png,doc,blob,6fa129b261e50cd2aa6f70e606d535a01d74dc43,pending-review,,
doc/images/en/SettingsIssueTracker.png,doc,blob,51b1e9ee90d4ae38f842129c6b3558455930e2b4,pending-review,,
doc/images/en/SettingsIssueTrackerConfig.png,doc,blob,408d86cf16be0db7c99d904c7fc3373f77fe8877,pending-review,,
doc/images/en/SettingsIssueTrackerIntegration.png,doc,blob,618db0a1b79425b42708abf269789a323791530f,pending-review,,
doc/images/en/SettingsMain.png,doc,blob,3023c6b2eb6cfd74d854fcbb599bdce703381cbf,pending-review,,
doc/images/en/SettingsMergeTool.png,doc,blob,601cd20b41b06d7e9e19eb696dea15d8631d0ab5,pending-review,,
doc/images/en/SettingsOverlay.png,doc,blob,9ff381b3b5f26d57e0f990c99d95c6678b479732,pending-review,,
doc/images/en/SettingsOverlayChooser.png,doc,blob,34b43836b6b039017db3fab3edb2c0125abc9e87,pending-review,,
doc/images/en/SettingsOverlayHandlers.png,doc,blob,f61cecf5063f7c0b39c04a6e2c10116198bb4593,pending-review,,
doc/images/en/SettingsProgs.png,doc,blob,23171f7780bf6db01cfe66dc9c8e3104a6439ea9,pending-review,,
doc/images/en/SettingsProgsAdv.png,doc,blob,50ca47bf54e286cec026041fc62de91295b70877,pending-review,,
doc/images/en/SettingsProxy.png,doc,blob,1643f60c0f636cc969006403a0f5723995942f76,pending-review,,
doc/images/en/SettingsSavedData.png,doc,blob,d2a762841503afafd7259f4bb9c9e12c34522343,pending-review,,
doc/images/en/SettingsUDiff.png,doc,blob,e4c878ac235754654f75941abb07486834787b50,pending-review,,
doc/images/en/StatsByAuthPie.png,doc,blob,a9f3f265149be618bc71bb9e1c5383c9cfcc61ec,pending-review,,
doc/images/en/StatsByAuthor.png,doc,blob,70fdb88bd2347b07815f1808e65a1fbbf39d73ae,pending-review,,
doc/images/en/StatsByDate.png,doc,blob,23ed92a7f8bd4c0c7176e83290b49ef14ec5690c,pending-review,,
doc/images/en/SubmoduleDiff.png,doc,blob,afeb469d75b011dc79aa7d0e2e96422f3a904c89,pending-review,,
doc/images/en/SubmoduleUpdate.png,doc,blob,4d136319d04416fe51c7e679c6bf8c471c9b7bf3,pending-review,,
doc/images/en/SwitchCheckOut.png,doc,blob,1441cd6d833f1695b840c0b224f5d66bf50dcca7,pending-review,,
doc/images/en/SymbolizeRefNamesExample.png,doc,blob,9644734e2cd38527cf4279a8a2b190d11321b136,pending-review,,
doc/images/en/TMerge_OnePane.png,doc,blob,a64ac81668c8432353b4ad6dbc1a90793014dd1d,pending-review,,
doc/images/en/TMerge_Open.png,doc,blob,2ef3563eefc957716b081fb3ef16f1be5e146b8a,pending-review,,
doc/images/en/TMerge_PatchWindow.png,doc,blob,fa8ec906a419a2c099c092a685fa1e7fa9df6029,pending-review,,
doc/images/en/TMerge_SettingsColors.png,doc,blob,18c96d953bc36218ef43a05974a91788efcf30db,pending-review,,
doc/images/en/TMerge_SettingsGeneral.png,doc,blob,e02a04062c30689716c7e2a4b12c819126801361,pending-review,,
doc/images/en/TMerge_ThreePane.png,doc,blob,ddd8757ceaadcf24847fdf9557e0b3e799c917b6,pending-review,,
doc/images/en/TMerge_TwoPane.png,doc,blob,e9b6e3323f978f1dfbd150198c02644eeb587a0e,pending-review,,
doc/images/en/TMerge_lineadded.png,doc,blob,1fe47a5aa86ac944563ec397f8deab02868e5e81,pending-review,,
doc/images/en/TMerge_lineconflicted.png,doc,blob,2ab863939bb054fa48c56cc84ed89fa5f10537f0,pending-review,,
doc/images/en/TMerge_lineconflictedignored.png,doc,blob,92bf13bba60ac96ce0e7008797e8258abe5418e6,pending-review,,
doc/images/en/TMerge_lineedited.png,doc,blob,ea303f4de543e971976d52585017b81440c6a0f2,pending-review,,
doc/images/en/TMerge_lineequal.png,doc,blob,da9410533d78b53a06399030d6fcefc471d26f78,pending-review,,
doc/images/en/TMerge_linemoved.png,doc,blob,80a92f03b09b8fc4bc6845c4dbdb38cd00abe598,pending-review,,
doc/images/en/TMerge_lineremoved.png,doc,blob,0a61601a920519caa2e773d3baa9307e5d652327,pending-review,,
doc/images/en/TMerge_linewhitespace.png,doc,blob,dea73273502d0b5c82453a0a02e31ee24b18de30,pending-review,,
doc/images/en/Tag.png,doc,blob,a1234c7c574390bb07298f2b915c31dd0487d0a5,pending-review,,
doc/images/en/TaskbarGroup1.png,doc,blob,c47abdf2b21fdd7fc51d0147c40889b778894093,pending-review,,
doc/images/en/TaskbarGroup2.png,doc,blob,f7193116516dd8ba3da78df9185543edd1e500d4,pending-review,,
doc/images/en/TaskbarGroupOverlay.png,doc,blob,648b4c7aec0aaf732c9b24ce6eea11fb8d9dde7d,pending-review,,
doc/images/en/TaskbarOverlayIcon.png,doc,blob,0c0ec741885809a26e0eb0184d1c491220f0f1da,pending-review,,
doc/images/en/TortoiseBlame.png,doc,blob,f8de2a3a4e5effa4b0be32ad17935dde437c71ed,pending-review,,
doc/images/en/TortoiseGitMerge_banner.png,doc,blob,e50e17ab8d41f7feada0df76a1f179926a5e4a1c,pending-review,,
doc/images/en/TortoiseGit_banner.png,doc,blob,95fdd4e1e287744f60d28d532f7e0f15ec36b613,pending-review,,
doc/images/en/TortoiseIDiff.png,doc,blob,8eb5379526cd3194c5d1f33aa4403ca388a239e7,pending-review,,
doc/images/en/UnversionedIcon.png,doc,blob,d514535a7f47fb650634d3a61cfd3404abecc6e4,pending-review,,
doc/images/en/bisect.png,doc,blob,88ee3afe30d33c421be2aab3039751a71862957a,pending-review,,
doc/images/en/callouts/1.svg,doc,blob,37bcdf9956b34b07afa25f138fdb5312bf4be3c2,pending-review,,
doc/images/en/callouts/10.svg,doc,blob,4467c088f6e0a5e7bdec724dc72c8856f5f40232,pending-review,,
doc/images/en/callouts/11.svg,doc,blob,af6077142a1a3afa3b8a7ce2090f203f54ec7a9c,pending-review,,
doc/images/en/callouts/12.svg,doc,blob,7a6bee494e7c539419b54e8c06b0d9b3861313b8,pending-review,,
doc/images/en/callouts/13.svg,doc,blob,fe922619a441c71170a0167e2377853f7ecb9a04,pending-review,,
doc/images/en/callouts/14.svg,doc,blob,0715e883dddae8aebf5ae5050f18174559d3b9d6,pending-review,,
doc/images/en/callouts/15.svg,doc,blob,21ea8febcf0b2df2f491b1f69594ff9e2a09ae7c,pending-review,,
doc/images/en/callouts/2.svg,doc,blob,451356747d295ecc3eaa367c0ea320e06b764888,pending-review,,
doc/images/en/callouts/3.svg,doc,blob,a73f21128aac4e348e5361b665a1daf0352e9f37,pending-review,,
doc/images/en/callouts/4.svg,doc,blob,b4c63a70e58cf9f7cbb11b6306d389b3f52e50ee,pending-review,,
doc/images/en/callouts/5.svg,doc,blob,f99b131bc807cb961162e1e52006cefca579adba,pending-review,,
doc/images/en/callouts/6.svg,doc,blob,afcbd173ae570801f942702286934472f07e8379,pending-review,,
doc/images/en/callouts/7.svg,doc,blob,3924fad404a6872c50ab49a7649cde375b827474,pending-review,,
doc/images/en/callouts/8.svg,doc,blob,8236adb4750e702695f2f923e83e8a9ba3d880cb,pending-review,,
doc/images/en/callouts/9.svg,doc,blob,ae92172ccec73d8fcc2c52193e14928b58edf7c7,pending-review,,
doc/images/en/caution.png,doc,blob,ca2a568ac9f24e15518b8ca5884f58d4461ee3a1,pending-review,,
doc/images/en/clean.png,doc,blob,d8cb3ffdaf7d4fa48c9d16b26cb10e7b41632cd6,pending-review,,
doc/images/en/important.png,doc,blob,dafdfd7fb251c4b1c784557d0668403be3209c5d,pending-review,,
doc/images/en/link.png,doc,blob,b8363139134cd93cfcbd712d96adba3496f59b2a,pending-review,,
doc/images/en/mergeprinciple.png,doc,blob,5e51545b4031b6458b61db4a8e9f300773cb568d,pending-review,,
doc/images/en/note.png,doc,blob,3dfc0ea5c74d9ad83af4ee2b90cdbb50e8b1a4a9,pending-review,,
doc/images/en/resolve-delete-modify-conflict.png,doc,blob,3811791d38bb8bb633da2109eca558a0252a3257,pending-review,,
doc/images/en/resolve-submodule-conflict.png,doc,blob,6df7ea087a0c41ed164fd8411c998f2d97e6ea5d,pending-review,,
doc/images/en/stash.png,doc,blob,15bb10279df33937379fc4999cdf8490f69897b1,pending-review,,
doc/images/en/tip.png,doc,blob,77fba3333725e4077273e0710d7ab2c73b49e4e1,pending-review,,
doc/images/en/upgradecheck.png,doc,blob,0d099d5cbd073eceb3641884061eaf2275112fb5,pending-review,,
doc/images/en/warning.png,doc,blob,e58f1fe9de6a7c620257ed3104ab2db65ade62a7,pending-review,,
doc/images/extract-images.xsl,doc,blob,d24f87a9e058873145d29da4ed407129e3704e36,pending-review,,
doc/images/optipng-license.txt,doc,blob,1f1c5c9cd1f162e049952685ea5ede9c1861c5fa,pending-review,,
doc/images/optipng.exe,doc,blob,9b0c9e0594863a59e7476ea826edfecb75f9e3ae,pending-review,,
doc/images/pngout.exe,doc,blob,c72d567086ebc515110025b980f31d2d5103cb45,pending-review,,
doc/images/pngquant-license.txt,doc,blob,c18877308207838e77a0830afe6cbfdd6973e2c1,pending-review,,
doc/images/pngquant.exe,doc,blob,840332e33d40bc9bd0db0a5de2087976a366158e,pending-review,,
doc/images/zopflipng.exe,doc,blob,995f5c47bb43ff15cc6623e370d426ccab12ef70,pending-review,,
doc/issuetrackers.txt,doc,blob,0c4d065b8f1e47845d7eaed1a76826293e1b406e,pending-review,,
doc/logo/TortoiseCheckout.png,doc,blob,a3a0883b4f1b76d90af340a43867aee87b725d36,pending-review,,
doc/logo/tgit_logo-oldcolor.svg,doc,blob,a564edb828c712f3b3ee702b8d7a5f85ffc52eac,pending-review,,
doc/logo/tgit_logo.svg,doc,blob,3bdd099927d0425f07972c0ffd3cab40e72dfcfe,pending-review,,
doc/logo/tsvn_logo.svg,doc,blob,c40c35ecb812c2a4ca243065d997832edccfa1e5,pending-review,,
doc/logo/tsvn_logo_front.eps,doc,blob,97bae2a94ec5cf06b2bffa4ee3d3b9fb33a8c807,pending-review,,
doc/logo/tsvn_logo_front.svg,doc,blob,2e6d49f986cf69f4cc967476af04e7076aa87163,pending-review,,
doc/logo/turtle_black_border.psd,doc,blob,b16dc20d5a122aae844c3e01b96c3d3e4bca3d83,pending-review,,
doc/readme.txt,doc,blob,5b2529274d27b214df3a0aaebe166bebb2a34d5f,pending-review,,
doc/scripts/TortoiseMergeENG.ignore,doc,blob,017b105c00e8910742a392a95983ca44a0a88e31,pending-review,,
doc/scripts/TortoiseProcENG.ignore,doc,blob,fb1bec76e60ae11c61899957fcbad167d3a65ef1,pending-review,,
doc/scripts/chkidd.py,doc,blob,bb97fc240a99cc94d7d35afd0b3bfc5f5fc03624,pending-review,,
doc/scripts/create_html_mapping.py,doc,blob,434df42d018a1392e496c04486cd3275d9a8421b,pending-review,,
doc/scripts/fileutil.py,doc,blob,56b9ead81043e06e18a10ae334b29276a3eaf18b,pending-review,,
doc/scripts/generate_wix_filelist.py,doc,blob,476d8ef4ebcf232cb22a9c6b7e073a2fe16a6b2e,pending-review,,
doc/source/Hacking.txt,doc,blob,2e63078345621f667cd73c7cedffee7d46a9b5ac,pending-review,,
doc/source/dtd/dblite.dtd,doc,blob,42f7e6dbea000ce5e9e108ffdb9319c6acaab728,pending-review,,
doc/source/dtd/docbook41/calstblx.dtd,doc,blob,f003fa0826d1c2c566cf86726c4c8268258d19b3,pending-review,,
doc/source/dtd/docbook41/dbcentx.mod,doc,blob,acb51a133fb89aa5a9213063a53b4b4fa0ad2bc2,pending-review,,
doc/source/dtd/docbook41/dbgenent.ent,doc,blob,53043343b9512387c17df05831b9aba96d1c7a3f,pending-review,,
doc/source/dtd/docbook41/dbhierx.mod,doc,blob,4ed39bda62d54629330ac58d084c2f44a99c06ce,pending-review,,
doc/source/dtd/docbook41/dbnotnx.mod,doc,blob,031f45a4685965724e9a2410d8ecadde0699cafa,pending-review,,
doc/source/dtd/docbook41/dbpoolx.mod,doc,blob,7ccedbb293e0a684889a4d502c656af3fa41b108,pending-review,,
doc/source/dtd/docbook41/docbook.cat,doc,blob,d9dab37a2ea8b94e540b9872bd22f61efee2a950,pending-review,,
doc/source/dtd/docbook41/docbookx.dtd,doc,blob,fd5f1a51054c6429ea86b4c1279663caff07e63e,pending-review,,
doc/source/dtd/docbook41/ent/iso-amsa.ent,doc,blob,56a6193d14ec54b20efe75351448b58bcc03ddfb,pending-review,,
doc/source/dtd/docbook41/ent/iso-amsb.ent,doc,blob,091c2b0a35b875832d485472aab7f5e7659de99f,pending-review,,
doc/source/dtd/docbook41/ent/iso-amsc.ent,doc,blob,2127b8b8155fa16b27e5bf5df4c633797527dccf,pending-review,,
doc/source/dtd/docbook41/ent/iso-amsn.ent,doc,blob,91daadba867218e56d88c3deeded21931988bb4a,pending-review,,
doc/source/dtd/docbook41/ent/iso-amso.ent,doc,blob,491925188dd465536685ddc20225067cb27a50f7,pending-review,,
doc/source/dtd/docbook41/ent/iso-amsr.ent,doc,blob,21eb29e95ea1a8a69113e43b3ca4ba0bd3bbb1f7,pending-review,,
doc/source/dtd/docbook41/ent/iso-box.ent,doc,blob,c93f6c7cc1d2d6c80aee7afe47b8dfa5ccf20d4a,pending-review,,
doc/source/dtd/docbook41/ent/iso-cyr1.ent,doc,blob,c730d280703ff38a322e2f08c0483e7d17614921,pending-review,,
doc/source/dtd/docbook41/ent/iso-cyr2.ent,doc,blob,dc94d2345e89ede918de03f24ca1af12ceeba799,pending-review,,
doc/source/dtd/docbook41/ent/iso-dia.ent,doc,blob,23921eed7395fad50a792112e02cdf10f351c989,pending-review,,
doc/source/dtd/docbook41/ent/iso-grk1.ent,doc,blob,fc7d16010db65b060ab9898a5ff19b71564366db,pending-review,,
doc/source/dtd/docbook41/ent/iso-grk2.ent,doc,blob,aae08bb4270b0d8ddab460f7527a278d9170f20f,pending-review,,
doc/source/dtd/docbook41/ent/iso-grk3.ent,doc,blob,a126ad3892652ae9aafaf7120990af53ec431ddb,pending-review,,
doc/source/dtd/docbook41/ent/iso-grk4.ent,doc,blob,36aede028da4d3b01fafedf387c04e74f5a4dc62,pending-review,,
doc/source/dtd/docbook41/ent/iso-lat1.ent,doc,blob,1252fe10cd9a48e1146ad490291507a8d7583b73,pending-review,,
doc/source/dtd/docbook41/ent/iso-lat2.ent,doc,blob,4b0122e12195bf3392af062fc52b8dfda83af5a0,pending-review,,
doc/source/dtd/docbook41/ent/iso-num.ent,doc,blob,e6334770f854200751d2daeba057afadbc97124a,pending-review,,
doc/source/dtd/docbook41/ent/iso-pub.ent,doc,blob,addb01e93f4d130e96bbfdbc1e7648c2ee91bc63,pending-review,,
doc/source/dtd/docbook41/ent/iso-tech.ent,doc,blob,f4b90721dd059f3a7bab0f0e4e12f64ef780e34c,pending-review,,
doc/source/dtd/docbook41/soextblx.dtd,doc,blob,4c84d85fe9d42e622fefc1315b13656b61ba6dda,pending-review,,
doc/source/dtd/readme-dblite.html,doc,blob,1dd5b51fc3f4d8c782a01dc4b3741d4c1e71cacf,pending-review,,
doc/source/en/TortoiseGit/TortoiseGit.xml,doc,blob,a9d05d28ec8e35b93ea280b2d86eb0a851842ab7,pending-review,,
doc/source/en/TortoiseGit/git_doc.patch,doc,blob,aa9797857fbccc0d0ed4201cc7adfd0f677b583d,pending-review,,
doc/source/en/TortoiseGit/git_doc/git-add.xml,doc,blob,b2738a00bd51bf294d772432132c06c7e11be612,pending-review,,
doc/source/en/TortoiseGit/git_doc/git-am.xml,doc,blob,2485d77da7843e717db26b0061c39c095b5815e0,pending-review,,
doc/source/en/TortoiseGit/git_doc/git-annotate.xml,doc,blob,073191705b691e1da44ae5b74ca7c9c56ebde10a,pending-review,,
doc/source/en/TortoiseGit/git_doc/git-apply.xml,doc,blob,d40134bf9c7024d155bbd82b9a131f7a29c8350b,pending-review,,
doc/source/en/TortoiseGit/git_doc/git-archimport.xml,doc,blob,2a0d6b9cb0a1be84bb352e7f0a1d3767ee798982,pending-review,,
doc/source/en/TortoiseGit/git_doc/git-archive.xml,doc,blob,ee167241577b36b983e81b147ac0a528d235c3da,pending-review,,
doc/source/en/TortoiseGit/git_doc/git-backfill.xml,doc,blob,d7107b7cacbc39adc0ab00227b55f8f46c17ab37,pending-review,,
doc/source/en/TortoiseGit/git_doc/git-bisect.xml,doc,blob,91dfe03c10037997355a94c3594e240b00878ff8,pending-review,,
doc/source/en/TortoiseGit/git_doc/git-blame.xml,doc,blob,8a24ecae7e554b69d3fe4e61aadf9131053e7145,pending-review,,
doc/source/en/TortoiseGit/git_doc/git-branch.xml,doc,blob,4fc7671c41fa9b864287d99ef6c245f02f6ac0c3,pending-review,,
doc/source/en/TortoiseGit/git_doc/git-bugreport.xml,doc,blob,799494703587e44867ab84e8706504e130b54c1c,pending-review,,
doc/source/en/TortoiseGit/git_doc/git-bundle.xml,doc,blob,f3f5e1ec65c0d295283bafa5f35d22fadba85bd5,pending-review,,
doc/source/en/TortoiseGit/git_doc/git-cat-file.xml,doc,blob,724fb8fa785e74c038c280f79478b0292b357ba7,pending-review,,
doc/source/en/TortoiseGit/git_doc/git-check-attr.xml,doc,blob,c2551e86759c151a6f76a4597fe71d0a04992141,pending-review,,
doc/source/en/TortoiseGit/git_doc/git-check-ignore.xml,doc,blob,b8cfbe819cf1aa68b7bed363bf855db9a5bd92d3,pending-review,,
doc/source/en/TortoiseGit/git_doc/git-check-mailmap.xml,doc,blob,1e36adfd32cc4871e82ca6c747ba3b5de3b87f95,pending-review,,
doc/source/en/TortoiseGit/git_doc/git-check-ref-format.xml,doc,blob,89552480711624b27cdfad9d4775f6cb12ea5598,pending-review,,
doc/source/en/TortoiseGit/git_doc/git-checkout-index.xml,doc,blob,5a07fc427b2ba1e000d9c11dd378fcd61bbb642c,pending-review,,
doc/source/en/TortoiseGit/git_doc/git-checkout.xml,doc,blob,80e6cdd28abf9b6654daeb58c1c32d6f9c7af25c,pending-review,,
doc/source/en/TortoiseGit/git_doc/git-cherry-pick.xml,doc,blob,136d15df39ff024647550336c60a95a771ab851c,pending-review,,
doc/source/en/TortoiseGit/git_doc/git-cherry.xml,doc,blob,9f0e26324080bbb335ff594019855e7a19bb2cb6,pending-review,,
doc/source/en/TortoiseGit/git_doc/git-citool.xml,doc,blob,0b607849ee85551e96f34716bb2e784810c5a63b,pending-review,,
doc/source/en/TortoiseGit/git_doc/git-clean.xml,doc,blob,1f1a60b736e19cbefec92553041c53fb7942f436,pending-review,,
doc/source/en/TortoiseGit/git_doc/git-clone.xml,doc,blob,24cc8c2fc93c9dd899f5d373b66d9f2e587da71f,pending-review,,
doc/source/en/TortoiseGit/git_doc/git-column.xml,doc,blob,28b03dcb4a7719350273c0467e50a2f4c8653ca0,pending-review,,
doc/source/en/TortoiseGit/git_doc/git-commit-graph.xml,doc,blob,799bc156feadc9e5f517b0b96ca10d3b21adfb46,pending-review,,
doc/source/en/TortoiseGit/git_doc/git-commit-tree.xml,doc,blob,7f5e7aa85af5b4a5d37c5b95607ca433bbfd7575,pending-review,,
doc/source/en/TortoiseGit/git_doc/git-commit.xml,doc,blob,b39c6395cad0cfdeafb4ba23a331352367554436,pending-review,,
doc/source/en/TortoiseGit/git_doc/git-config.xml,doc,blob,4b29c47109cbd17b58394dad1b6e19985052b00e,pending-review,,
doc/source/en/TortoiseGit/git_doc/git-count-objects.xml,doc,blob,0e8fcbf524a3a46361fad790078cde1b04bca2ad,pending-review,,
doc/source/en/TortoiseGit/git_doc/git-credential-cache--daemon.xml,doc,blob,2743688352bc8b68dfc9067832cdc640767a89fa,pending-review,,
doc/source/en/TortoiseGit/git_doc/git-credential-cache.xml,doc,blob,839933e00f1edb14b69f66c1f0b7cb4d901d56dc,pending-review,,
doc/source/en/TortoiseGit/git_doc/git-credential-store.xml,doc,blob,b6e11d4dabe89f441ce60f976f1be1af7e173065,pending-review,,
doc/source/en/TortoiseGit/git_doc/git-credential.xml,doc,blob,5188174bf175d2a10f7f4397d017ef5b7709b810,pending-review,,
doc/source/en/TortoiseGit/git_doc/git-cvsexportcommit.xml,doc,blob,d2efe1a80a369c60040a531211cf09ab2deb4871,pending-review,,
doc/source/en/TortoiseGit/git_doc/git-cvsimport.xml,doc,blob,36c22e731e9cf8c501ebbd27613c21583a4de6e0,pending-review,,
doc/source/en/TortoiseGit/git_doc/git-cvsserver.xml,doc,blob,06015cc3da6bd67d4a3f46d7657191107343e11c,pending-review,,
doc/source/en/TortoiseGit/git_doc/git-daemon.xml,doc,blob,5bbf9edfbc6a06c884183a14173e78ee33168fa0,pending-review,,
doc/source/en/TortoiseGit/git_doc/git-describe.xml,doc,blob,b312e0515e972ef672242eb583ccf052b1ba46f6,pending-review,,
doc/source/en/TortoiseGit/git_doc/git-diagnose.xml,doc,blob,836e4028d29d82f1e7c842f6e17e13dd4c8dd7dc,pending-review,,
doc/source/en/TortoiseGit/git_doc/git-diff-files.xml,doc,blob,01113eafdbf8a4bed01958b897de78d1723d8c5e,pending-review,,
doc/source/en/TortoiseGit/git_doc/git-diff-index.xml,doc,blob,cd96045d7f3496a8d2fa99ff349346674926a602,pending-review,,
doc/source/en/TortoiseGit/git_doc/git-diff-pairs.xml,doc,blob,59731b1be278c1cb4b73559a3cd0907e855083be,pending-review,,
doc/source/en/TortoiseGit/git_doc/git-diff-tree.xml,doc,blob,b4d51f7890f3b2973c88b3268239b2bb21d8918d,pending-review,,
doc/source/en/TortoiseGit/git_doc/git-diff.xml,doc,blob,589a90f042fd1f9deffe09b063c6ef3c4e4b1732,pending-review,,
doc/source/en/TortoiseGit/git_doc/git-difftool.xml,doc,blob,aed38aee029261903e1ae620370a7f11289406b9,pending-review,,
doc/source/en/TortoiseGit/git_doc/git-doc-version.xml,doc,blob,9a01208328ef43d2c59472df42f0e4e4249ba854,pending-review,,
doc/source/en/TortoiseGit/git_doc/git-doc.xml.in,doc,blob,3a11faee6df6d68c1c1f260550a15e8f0019fb27,pending-review,,
doc/source/en/TortoiseGit/git_doc/git-fast-export.xml,doc,blob,4a0f4d0f1f1500decf6aa0ce61052c9ddef217a6,pending-review,,
doc/source/en/TortoiseGit/git_doc/git-fast-import.xml,doc,blob,294531c03b9c03f4aa615f75a6dd6d2ed1a6b878,pending-review,,
doc/source/en/TortoiseGit/git_doc/git-fetch-pack.xml,doc,blob,f7c545c8d78a6230961599406ac7fe91ab25a822,pending-review,,
doc/source/en/TortoiseGit/git_doc/git-fetch.xml,doc,blob,b48e0b272d878d9fe8d72905cddbac72c0e6feec,pending-review,,
doc/source/en/TortoiseGit/git_doc/git-filter-branch.xml,doc,blob,72cf100eb8f0b960b8a4b288caacdd4eb46680c6,pending-review,,
doc/source/en/TortoiseGit/git_doc/git-fmt-merge-msg.xml,doc,blob,57ed1a6f9ad27b2d91fc9becadad26a55d8b3692,pending-review,,
doc/source/en/TortoiseGit/git_doc/git-for-each-ref.xml,doc,blob,5ff9e575bc2a56a68fc0243bbe279381cae0752d,pending-review,,
doc/source/en/TortoiseGit/git_doc/git-for-each-repo.xml,doc,blob,c4ec66d2a36e32ca7f98a3a477316fee5207b61d,pending-review,,
doc/source/en/TortoiseGit/git_doc/git-format-patch.xml,doc,blob,e3fac9a17621962c071be448a54aa9e602d8bfac,pending-review,,
doc/source/en/TortoiseGit/git_doc/git-fsck-objects.xml,doc,blob,139eadf318dd9725113200189097e37412df8754,pending-review,,
doc/source/en/TortoiseGit/git_doc/git-fsck.xml,doc,blob,43aa22cadf284e3405d0a06c6178822d5433091c,pending-review,,
doc/source/en/TortoiseGit/git_doc/git-fsmonitor--daemon.xml,doc,blob,6a956473a912206e0f9700a2ff698158d7ea5570,pending-review,,
doc/source/en/TortoiseGit/git_doc/git-gc.xml,doc,blob,408a0062f34e54d2bae9aed83169ccd45318252f,pending-review,,
doc/source/en/TortoiseGit/git_doc/git-get-tar-commit-id.xml,doc,blob,2d99ae0736eefc89c879ebe596433b57bd556c1a,pending-review,,
doc/source/en/TortoiseGit/git_doc/git-grep.xml,doc,blob,8ae4aafe6095f112639392360ad82f77c32250ae,pending-review,,
doc/source/en/TortoiseGit/git_doc/git-gui.xml,doc,blob,49d117c46cbaa1533c045e8be75f0a7a846f3353,pending-review,,
doc/source/en/TortoiseGit/git_doc/git-hash-object.xml,doc,blob,f6d9222f56e1268fd1c93d69530368d8eeb7c3c4,pending-review,,
doc/source/en/TortoiseGit/git_doc/git-help.xml,doc,blob,a8fc14c2b691f53c208f1823a3f4d1aa4446c64a,pending-review,,
doc/source/en/TortoiseGit/git_doc/git-hook.xml,doc,blob,71aea77df34c31faddca331ffe6713e2be5de2ee,pending-review,,
doc/source/en/TortoiseGit/git_doc/git-http-backend.xml,doc,blob,4678a379cb52468f7bdc2ab7c6b5871d9b94aa41,pending-review,,
doc/source/en/TortoiseGit/git_doc/git-http-fetch.xml,doc,blob,3f10de1fe4015b6b30bd9f46f3dcf59d186d33f9,pending-review,,
doc/source/en/TortoiseGit/git_doc/git-http-push.xml,doc,blob,61324f189b7e9628aef8f66a005332121b692395,pending-review,,
doc/source/en/TortoiseGit/git_doc/git-imap-send.xml,doc,blob,0562c142488e32d6487bf71cbc497bd1b4647d70,pending-review,,
doc/source/en/TortoiseGit/git_doc/git-index-pack.xml,doc,blob,c3018c50eeb8df105c49ec01b60a032ec9d2612d,pending-review,,
doc/source/en/TortoiseGit/git_doc/git-init-db.xml,doc,blob,52eafd8a1b14b47d38f6405df22ea802ad066d7c,pending-review,,
doc/source/en/TortoiseGit/git_doc/git-init.xml,doc,blob,3e510f6c3be8dbb0a5e19f3237a911f783cea376,pending-review,,
doc/source/en/TortoiseGit/git_doc/git-instaweb.xml,doc,blob,b49c033024932c3d6a10ac427c3d1abd07915b3d,pending-review,,
doc/source/en/TortoiseGit/git_doc/git-interpret-trailers.xml,doc,blob,d45e82b05ec0501ae32fede95bfdd916d6b47bb1,pending-review,,
doc/source/en/TortoiseGit/git_doc/git-last-modified.xml,doc,blob,d8e5c3751a6c08afd27b4fd3d4f4755958afa2f8,pending-review,,
doc/source/en/TortoiseGit/git_doc/git-log.xml,doc,blob,09121e53cb4de2fe82e72c653746eee8fb83918a,pending-review,,
doc/source/en/TortoiseGit/git_doc/git-ls-files.xml,doc,blob,6bc34bfbf89f5856a86c05037068c7dc8f96648e,pending-review,,
doc/source/en/TortoiseGit/git_doc/git-ls-remote.xml,doc,blob,10e779b15700c4ce0aaecad36e421985937c9eea,pending-review,,
doc/source/en/TortoiseGit/git_doc/git-ls-tree.xml,doc,blob,27eb42333aacd10f654cc7694bac025a429769c1,pending-review,,
doc/source/en/TortoiseGit/git_doc/git-mailinfo.xml,doc,blob,9436aa9fa4dc3a33d7e90d53f6c759ba1de2b460,pending-review,,
doc/source/en/TortoiseGit/git_doc/git-mailsplit.xml,doc,blob,bb5c88832de9f582a994b7e0d5301cb7d9305bf6,pending-review,,
doc/source/en/TortoiseGit/git_doc/git-maintenance.xml,doc,blob,516bc0d802f47f6e1b555fccf0fd5ec38ab3c673,pending-review,,
doc/source/en/TortoiseGit/git_doc/git-merge-base.xml,doc,blob,42267e8e1c1b59679fcf478dfd9f9ca9569f4bdd,pending-review,,
doc/source/en/TortoiseGit/git_doc/git-merge-file.xml,doc,blob,f099b66872b097174a6c80b9365e77e0283b5582,pending-review,,
doc/source/en/TortoiseGit/git_doc/git-merge-index.xml,doc,blob,dd5e71bf0591af9c204daa954579327339d41b74,pending-review,,
doc/source/en/TortoiseGit/git_doc/git-merge-one-file.xml,doc,blob,1106209121520a9f2b2de312a1bc6aa24ff214ac,pending-review,,
doc/source/en/TortoiseGit/git_doc/git-merge-tree.xml,doc,blob,5dd47613c1f99c1ac03d91f90b757a9e704515b3,pending-review,,
doc/source/en/TortoiseGit/git_doc/git-merge.xml,doc,blob,a8966cf4840fa8abe079353a825e7f9b42a963ea,pending-review,,
doc/source/en/TortoiseGit/git_doc/git-mergetool--lib.xml,doc,blob,0d3b6a0d1b77d79cfbdd968a2b0e4999e1cadf2f,pending-review,,
doc/source/en/TortoiseGit/git_doc/git-mergetool.xml,doc,blob,f4188953128445ff2bf1a541a33711c36455ebca,pending-review,,
doc/source/en/TortoiseGit/git_doc/git-mktag.xml,doc,blob,fd465b46ebe9b4910057677f7c64489f3774dd1c,pending-review,,
doc/source/en/TortoiseGit/git_doc/git-mktree.xml,doc,blob,b0f4f38c8169223b1be659804130c93e94981ca1,pending-review,,
doc/source/en/TortoiseGit/git_doc/git-multi-pack-index.xml,doc,blob,5282f5802e42a464ae9ccd16a93c9935941625ec,pending-review,,
doc/source/en/TortoiseGit/git_doc/git-mv.xml,doc,blob,d62c669fc120614b1db21863ae175e3d09c61a9f,pending-review,,
doc/source/en/TortoiseGit/git_doc/git-name-rev.xml,doc,blob,5c3f30185cfe411f6f465274ddfe1b15f085f78c,pending-review,,
doc/source/en/TortoiseGit/git_doc/git-notes.xml,doc,blob,db9225432d2b9a995b8967622b1074e92ec37bab,pending-review,,
doc/source/en/TortoiseGit/git_doc/git-p4.xml,doc,blob,acac77a5de1aa9632e3285c56dd3795ea7d7f49b,pending-review,,
doc/source/en/TortoiseGit/git_doc/git-pack-objects.xml,doc,blob,8fd4aa9a4287958b4ef7d9a65d3a2aca912b5941,pending-review,,
doc/source/en/TortoiseGit/git_doc/git-pack-redundant.xml,doc,blob,bd803432aec3e85ceb8820d72c00b9ce7c22e3c4,pending-review,,
doc/source/en/TortoiseGit/git_doc/git-pack-refs.xml,doc,blob,9f99f2ce27d08093beac6bc65e611220462b78f4,pending-review,,
doc/source/en/TortoiseGit/git_doc/git-patch-id.xml,doc,blob,4f416d1c43603ef3a34674e07dd467ec128fc43d,pending-review,,
doc/source/en/TortoiseGit/git_doc/git-prune-packed.xml,doc,blob,0da57641c10c12165a3a3bb675f713d32663e6b5,pending-review,,
doc/source/en/TortoiseGit/git_doc/git-prune.xml,doc,blob,9605b07fc2874e2579b37c8817f4d2ca92caa94e,pending-review,,
doc/source/en/TortoiseGit/git_doc/git-pull.xml,doc,blob,a4862ceffd16a3e899ab43e54154a93242984159,pending-review,,
doc/source/en/TortoiseGit/git_doc/git-push.xml,doc,blob,95933671f6b29209fc8b07a9a7c5417dd685f6b3,pending-review,,
doc/source/en/TortoiseGit/git_doc/git-quiltimport.xml,doc,blob,3d6a6300b8e3d054364a2f9c174b6d6c0e9b2adb,pending-review,,
doc/source/en/TortoiseGit/git_doc/git-range-diff.xml,doc,blob,922e31efaa1317068362a2adf3765b43314e889a,pending-review,,
doc/source/en/TortoiseGit/git_doc/git-read-tree.xml,doc,blob,ef1165d36ddfbd106c6b9afa6857a7c6aba8f725,pending-review,,
doc/source/en/TortoiseGit/git_doc/git-rebase.xml,doc,blob,8f34755840349e5a9ffcab0cc5bce6d42c8acbc4,pending-review,,
doc/source/en/TortoiseGit/git_doc/git-receive-pack.xml,doc,blob,f67152f88e0c335e758fc238981c60fc5758749a,pending-review,,
doc/source/en/TortoiseGit/git_doc/git-reflog.xml,doc,blob,26e2fade8f697d32dc8ea6edc438c4f3ca79d45e,pending-review,,
doc/source/en/TortoiseGit/git_doc/git-refs.xml,doc,blob,d48b32926b27f0f5f3a914b1d70479038038662e,pending-review,,
doc/source/en/TortoiseGit/git_doc/git-remote-ext.xml,doc,blob,59006f78dba25edb0ad6dcff9c2c4a0852f075ca,pending-review,,
doc/source/en/TortoiseGit/git_doc/git-remote-fd.xml,doc,blob,8c41b5adf0d371126e77891ad1fdd587dfb75f6a,pending-review,,
doc/source/en/TortoiseGit/git_doc/git-remote.xml,doc,blob,bceb99610bc4118ffdfaf84a0df40f8927e64964,pending-review,,
doc/source/en/TortoiseGit/git_doc/git-repack.xml,doc,blob,d2ab09868a853e5e01e85415581c80734b2d6bfd,pending-review,,
doc/source/en/TortoiseGit/git_doc/git-replace.xml,doc,blob,1dc332d20b8a617dca2c5a39c0e726a90e90d902,pending-review,,
doc/source/en/TortoiseGit/git_doc/git-replay.xml,doc,blob,9c8d83ce93648cefa0e35b6f10c388017f6652a9,pending-review,,
doc/source/en/TortoiseGit/git_doc/git-repo.xml,doc,blob,1b89dde43decc8dd37e2471a6c871334e7569e9d,pending-review,,
doc/source/en/TortoiseGit/git_doc/git-request-pull.xml,doc,blob,f9eac108b6c4ff3d086cc7a7f0f64b07f604350e,pending-review,,
doc/source/en/TortoiseGit/git_doc/git-rerere.xml,doc,blob,e02331394f98571f1df587cbd528650469942bc1,pending-review,,
doc/source/en/TortoiseGit/git_doc/git-reset.xml,doc,blob,a28ecdf7a6ffbe451d5f050d12454ec4e7856d90,pending-review,,
doc/source/en/TortoiseGit/git_doc/git-restore.xml,doc,blob,bbb9ea941cfa9b95fccce8cd2e4c334a08ad7ef9,pending-review,,
doc/source/en/TortoiseGit/git_doc/git-rev-list.xml,doc,blob,8f0a12b5791d99a8223d272e71a89ac394a5cc93,pending-review,,
doc/source/en/TortoiseGit/git_doc/git-rev-parse.xml,doc,blob,5a1f848566800a259bf908857f5fd0c0302ceac7,pending-review,,
doc/source/en/TortoiseGit/git_doc/git-revert.xml,doc,blob,942afc03677254ba5d9a0b2194c59aedf5332df5,pending-review,,
doc/source/en/TortoiseGit/git_doc/git-rm.xml,doc,blob,f065f53d5726fd41473679ed1b34c50fc6c9cf9a,pending-review,,
doc/source/en/TortoiseGit/git_doc/git-send-email.xml,doc,blob,087563719f2df330b0002bc91a9e6197d00d143a,pending-review,,
doc/source/en/TortoiseGit/git_doc/git-send-pack.xml,doc,blob,4993229732cbf9de1dbe530ab26f7ec73839c3c6,pending-review,,
doc/source/en/TortoiseGit/git_doc/git-sh-i18n--envsubst.xml,doc,blob,87fc027987d00f58fa4e5140af8d7845cc89c0bb,pending-review,,
doc/source/en/TortoiseGit/git_doc/git-sh-i18n.xml,doc,blob,725cff8a0b34e72288a5d7eddda18fb0200a7a0e,pending-review,,
doc/source/en/TortoiseGit/git_doc/git-sh-setup.xml,doc,blob,023c3851fb9f857fe6009f001190542afefc8169,pending-review,,
doc/source/en/TortoiseGit/git_doc/git-shell.xml,doc,blob,8125a79be69b539a16de46090da7fb2c919fa550,pending-review,,
doc/source/en/TortoiseGit/git_doc/git-shortlog.xml,doc,blob,b07430a1a1d622e4cd36bbac023af135491ac6f7,pending-review,,
doc/source/en/TortoiseGit/git_doc/git-show-branch.xml,doc,blob,16992db1eea86b89dcf7b291619ee1ccf8d41dcf,pending-review,,
doc/source/en/TortoiseGit/git_doc/git-show-index.xml,doc,blob,1f734908170c210befbacd205d90b021b9df1b67,pending-review,,
doc/source/en/TortoiseGit/git_doc/git-show-ref.xml,doc,blob,29ba52182c9895a15ae32ce5da4395d79c05da43,pending-review,,
doc/source/en/TortoiseGit/git_doc/git-show.xml,doc,blob,f8514761628e203c50d9708e384b73b6bedefe3a,pending-review,,
doc/source/en/TortoiseGit/git_doc/git-sparse-checkout.xml,doc,blob,77e7b84d1534e3478493be41d8992988a2dcc8d9,pending-review,,
doc/source/en/TortoiseGit/git_doc/git-stage.xml,doc,blob,c71c50d4e73a8bea381e3f867dabd17f2744ebdf,pending-review,,
doc/source/en/TortoiseGit/git_doc/git-stash.xml,doc,blob,7974adf60e242f3c4311d67e16b3cb66054fd570,pending-review,,
doc/source/en/TortoiseGit/git_doc/git-status.xml,doc,blob,9a38ccb6e23d70b50eb57bdddafa12ee5aed13b3,pending-review,,
doc/source/en/TortoiseGit/git_doc/git-stripspace.xml,doc,blob,d6b0ec57887e89a0646127c23b0e0ce5d6488989,pending-review,,
doc/source/en/TortoiseGit/git_doc/git-submodule.xml,doc,blob,d9bcdead268f9af13112e993cc087eb5a2658b9a,pending-review,,
doc/source/en/TortoiseGit/git_doc/git-svn.xml,doc,blob,48858fe48e02c3e991f4e4105e9c188afafea4a3,pending-review,,
doc/source/en/TortoiseGit/git_doc/git-switch.xml,doc,blob,d75ef0c17dc7c8eb81dfe47824fbd413ca853b9c,pending-review,,
doc/source/en/TortoiseGit/git_doc/git-symbolic-ref.xml,doc,blob,98376b85b8fa09f2ece7ddf7d4008b13668ef771,pending-review,,
doc/source/en/TortoiseGit/git_doc/git-tag.xml,doc,blob,d1f6c16e5fd850152d3918bd72a5a30c71a62884,pending-review,,
doc/source/en/TortoiseGit/git_doc/git-unpack-file.xml,doc,blob,6a19590556c32fc3faeb004e8880684b9548bfad,pending-review,,
doc/source/en/TortoiseGit/git_doc/git-unpack-objects.xml,doc,blob,f1a93d493670f88b569220b4dc0ea598b5fb8ebf,pending-review,,
doc/source/en/TortoiseGit/git_doc/git-update-index.xml,doc,blob,7422c1fd35a7ce75a401734e063aae97bd908efc,pending-review,,
doc/source/en/TortoiseGit/git_doc/git-update-ref.xml,doc,blob,4e2ce250280ca3ba02343553b3d42f67e4aa54b5,pending-review,,
doc/source/en/TortoiseGit/git_doc/git-update-server-info.xml,doc,blob,ade7a14fb48a0a84ff6f122d75ac93e1c702e3d7,pending-review,,
doc/source/en/TortoiseGit/git_doc/git-upload-archive.xml,doc,blob,0766e31c1e5cc07c808b1f7d1cdec72aeae86d04,pending-review,,
doc/source/en/TortoiseGit/git_doc/git-upload-pack.xml,doc,blob,69b3febf20dfe8d4d9567748df9f9668afe28805,pending-review,,
doc/source/en/TortoiseGit/git_doc/git-var.xml,doc,blob,1e9a692277c1f0d9a58e774da38755dbac38f83e,pending-review,,
doc/source/en/TortoiseGit/git_doc/git-verify-commit.xml,doc,blob,fcd76272cfe2e1ccaf835a1b85ae3bc2992fbd5a,pending-review,,
doc/source/en/TortoiseGit/git_doc/git-verify-pack.xml,doc,blob,0d3373600264b75547963a7b15fed3194c136030,pending-review,,
doc/source/en/TortoiseGit/git_doc/git-verify-tag.xml,doc,blob,b2381ec564b059755316d6a5fde1f50b43768600,pending-review,,
doc/source/en/TortoiseGit/git_doc/git-version.xml,doc,blob,df424e44e1411b53fb6501476023147e61aa4976,pending-review,,
doc/source/en/TortoiseGit/git_doc/git-web--browse.xml,doc,blob,2b2c7da5a1f229119ad4783b933b3652d259b065,pending-review,,
doc/source/en/TortoiseGit/git_doc/git-whatchanged.xml,doc,blob,730332b67739a78b2bf8a2a347ee1a6df5acd619,pending-review,,
doc/source/en/TortoiseGit/git_doc/git-worktree.xml,doc,blob,a7c990311fb3d7816ed54b90637066557c93e9c3,pending-review,,
doc/source/en/TortoiseGit/git_doc/git-write-tree.xml,doc,blob,ae3752eb2e1818c067c02d45c5a1fdf079a6322f,pending-review,,
doc/source/en/TortoiseGit/git_doc/git.xml,doc,blob,b10f781d12f09b3b7ad9775b7721f40d0067690d,pending-review,,
doc/source/en/TortoiseGit/git_doc/gitattributes.xml,doc,blob,ad124a4357169b987835ba3fa2e9a2a946b79d2c,pending-review,,
doc/source/en/TortoiseGit/git_doc/gitcli.xml,doc,blob,73f3769f97f6a324c9c1c693eea11813735c474b,pending-review,,
doc/source/en/TortoiseGit/git_doc/gitcore-tutorial.xml,doc,blob,fcc1c860f9336cc07d8896418e4f370ff04653e2,pending-review,,
doc/source/en/TortoiseGit/git_doc/gitcredentials.xml,doc,blob,2284bb0aacd6b6719de244ece3bcc9b23431d3e9,pending-review,,
doc/source/en/TortoiseGit/git_doc/gitcvs-migration.xml,doc,blob,d0ab60e5bdbad55c69b91c335cdd765bf460a3e0,pending-review,,
doc/source/en/TortoiseGit/git_doc/gitdiffcore.xml,doc,blob,937f3f6c7f589002d99e737d07322748fe73a016,pending-review,,
doc/source/en/TortoiseGit/git_doc/giteveryday.xml,doc,blob,e520786d95af000a5673acbd3cca5a905f87eb16,pending-review,,
doc/source/en/TortoiseGit/git_doc/gitfaq.xml,doc,blob,8f852f3d3b05e8adf51b5ea4c5a0eacd380d4e4a,pending-review,,
doc/source/en/TortoiseGit/git_doc/gitformat-bundle.xml,doc,blob,2ec98599d0fe9d08abc05d1f26108bd61b4ba758,pending-review,,
doc/source/en/TortoiseGit/git_doc/gitformat-chunk.xml,doc,blob,f7acfc6be26908c0f206ed5e00d56dbc0218e5de,pending-review,,
doc/source/en/TortoiseGit/git_doc/gitformat-commit-graph.xml,doc,blob,21e6f657e1b006c653067e00ed2892b2e6214a4c,pending-review,,
doc/source/en/TortoiseGit/git_doc/gitformat-index.xml,doc,blob,83eff39cdbd45256a5cb8fd0ab23e94f1454a781,pending-review,,
doc/source/en/TortoiseGit/git_doc/gitformat-pack.xml,doc,blob,1076eeaeb5fa04810e3c6b0f38b982901d464533,pending-review,,
doc/source/en/TortoiseGit/git_doc/gitformat-signature.xml,doc,blob,70b434e2a577a10f55e72602a7b43f4e537ae251,pending-review,,
doc/source/en/TortoiseGit/git_doc/gitglossary.xml,doc,blob,67bfef2749b0a0d81dafbb372ca3f368a2f6f9ba,pending-review,,
doc/source/en/TortoiseGit/git_doc/githooks.xml,doc,blob,a6485da44ad755d3c81a525933176e7daa9f8c41,pending-review,,
doc/source/en/TortoiseGit/git_doc/gitignore.xml,doc,blob,da31ebec39ce90275d44ea3c0dab4856063b5dc0,pending-review,,
doc/source/en/TortoiseGit/git_doc/gitk.xml,doc,blob,4fcba09a40b0dfdc0bc9e6bc4c9390dad4d2cd25,pending-review,,
doc/source/en/TortoiseGit/git_doc/gitmailmap.xml,doc,blob,f9b80c319c61bbefe8eec24f82fedf01836f3558,pending-review,,
doc/source/en/TortoiseGit/git_doc/gitmodules.xml,doc,blob,bf0306b76e071b420bd92bea092b1a0b7cbda7ed,pending-review,,
doc/source/en/TortoiseGit/git_doc/gitnamespaces.xml,doc,blob,f3900b79c0dfd309e59fa0ae229503bdc3f8ea7a,pending-review,,
doc/source/en/TortoiseGit/git_doc/gitpacking.xml,doc,blob,ca63b85f10ca7b3ddd12259c28afe31387cf01eb,pending-review,,
doc/source/en/TortoiseGit/git_doc/gitprotocol-capabilities.xml,doc,blob,22417ee61970452d361e4f717bd378f30b374d91,pending-review,,
doc/source/en/TortoiseGit/git_doc/gitprotocol-common.xml,doc,blob,a2b735d7c154a6e790d161e483196d67d98423b6,pending-review,,
doc/source/en/TortoiseGit/git_doc/gitprotocol-http.xml,doc,blob,bd91b28bbdafb8a306f64fa15f02fc3c970c8bf8,pending-review,,
doc/source/en/TortoiseGit/git_doc/gitprotocol-pack.xml,doc,blob,4ada9df65613154443abce04b6e425baab3f84e4,pending-review,,
doc/source/en/TortoiseGit/git_doc/gitprotocol-v2.xml,doc,blob,d5e96073df61a7c03c49d4e29b4d8e5c0406e4b9,pending-review,,
doc/source/en/TortoiseGit/git_doc/gitremote-helpers.xml,doc,blob,c751ba15925ca03dea1f7b9c6a1f6c4134c80bff,pending-review,,
doc/source/en/TortoiseGit/git_doc/gitrepository-layout.xml,doc,blob,0479042a1f6e0981d290bbd1b11ca6c6ebd14a17,pending-review,,
doc/source/en/TortoiseGit/git_doc/gitrevisions.xml,doc,blob,e545f93353f0703c335af153fa063090997264fa,pending-review,,
doc/source/en/TortoiseGit/git_doc/gitsubmodules.xml,doc,blob,f6ea3dc1d660fad207e2adee9e03e22b4a33ed7a,pending-review,,
doc/source/en/TortoiseGit/git_doc/gittutorial-2.xml,doc,blob,2ef42a117c3a3b0d8cf2c7483b360659ecb1c09f,pending-review,,
doc/source/en/TortoiseGit/git_doc/gittutorial.xml,doc,blob,dc8cea859b75073f68faa274997329e7991e4cbc,pending-review,,
doc/source/en/TortoiseGit/git_doc/gitweb.conf.xml,doc,blob,c755925834be87b52bbc5e15de6cec7083cb5999,pending-review,,
doc/source/en/TortoiseGit/git_doc/gitweb.xml,doc,blob,5e1e49411a9fa6b8fe9e8ee8d7e16a9f264f049a,pending-review,,
doc/source/en/TortoiseGit/git_doc/gitworkflows.xml,doc,blob,9bb9b510e99a40f288db98b92166791a0befa37b,pending-review,,
doc/source/en/TortoiseGit/git_doc/scalar.xml,doc,blob,12f7ccfd8d8d263e89940ea273e068348c2275e8,pending-review,,
doc/source/en/TortoiseGit/git_doc/user-manual.xml,doc,blob,6288a5645f8162eb6a447004133ef9446594d0d0,pending-review,,
doc/source/en/TortoiseGit/tgit_app_admins.xml,doc,blob,8a3fbc3dabe9ea50323662c336e7ec7252a1f705,pending-review,,
doc/source/en/TortoiseGit/tgit_app_automation.xml,doc,blob,6407089274b66b22bf080dcc322dce98633f0e16,pending-review,,
doc/source/en/TortoiseGit/tgit_app_faq.xml,doc,blob,72a7374534919f7e38c6cd6fcb817af1dbca496f,pending-review,,
doc/source/en/TortoiseGit/tgit_app_internals.xml,doc,blob,509273c6e0155b3929acac5750d5c00a18177fd0,pending-review,,
doc/source/en/TortoiseGit/tgit_app_ssh.xml,doc,blob,37709e22abbc049daf80b5a75b848e33d645d407,pending-review,,
doc/source/en/TortoiseGit/tgit_bugtraqprovider.xml,doc,blob,0d7746f3a606ad169c19a679242e06003e5f6e56,pending-review,,
doc/source/en/TortoiseGit/tgit_dug/dug.xml,doc,blob,119fd0871a352c49db7695f76b1da596ed859e55,pending-review,,
doc/source/en/TortoiseGit/tgit_dug/dug_add.xml,doc,blob,2337dc1c60b19daf9e6e456a43c76a746826bd3d,pending-review,,
doc/source/en/TortoiseGit/tgit_dug/dug_bisect.xml,doc,blob,f6548db93f0ca0e62e7fab6d125ffc89cde95232,pending-review,,
doc/source/en/TortoiseGit/tgit_dug/dug_blame.xml,doc,blob,55c27d1b73007d3a90fbca5532eaa670d2f3e1e1,pending-review,,
doc/source/en/TortoiseGit/tgit_dug/dug_branchtag.xml,doc,blob,0d6bd44409c2b965b8a2a511c8ab98c5768b3110,pending-review,,
doc/source/en/TortoiseGit/tgit_dug/dug_browseref.xml,doc,blob,89ca47220fed5d8f8b1678aeb9ca3501ece89388,pending-review,,
doc/source/en/TortoiseGit/tgit_dug/dug_bugtracker.xml,doc,blob,2ba1f3c7bd4a3743ef61b9c4b11d61b971d37365,pending-review,,
doc/source/en/TortoiseGit/tgit_dug/dug_changelist.xml,doc,blob,5d2d4a8bac30d232072daa5ee3c78721b8c6d8b9,pending-review,,
doc/source/en/TortoiseGit/tgit_dug/dug_checkout.xml,doc,blob,c330675ed3a76859f8b209a91b3f068a78e5591e,pending-review,,
doc/source/en/TortoiseGit/tgit_dug/dug_cherrypick.xml,doc,blob,6f45ee2b33a066c073f78de37766d71356688803,pending-review,,
doc/source/en/TortoiseGit/tgit_dug/dug_chooseversion.xml,doc,blob,1486b3be8c0c66b95a2bbadcd82e70ad7f36dd27,pending-review,,
doc/source/en/TortoiseGit/tgit_dug/dug_cleanup.xml,doc,blob,31df42303beb081ce3edab2b8f376eba8b010eea,pending-review,,
doc/source/en/TortoiseGit/tgit_dug/dug_clone.xml,doc,blob,30dedb3d096ae54b334f2fdabc9056a310358da0,pending-review,,
doc/source/en/TortoiseGit/tgit_dug/dug_commit.xml,doc,blob,058477fd28c36ed320d77e75582dfe6a41a5ca1b,pending-review,,
doc/source/en/TortoiseGit/tgit_dug/dug_conflicts.xml,doc,blob,e9c2e1cfa6d132734e9efe7a7adb5a348acd569f,pending-review,,
doc/source/en/TortoiseGit/tgit_dug/dug_create.xml,doc,blob,c8873afdeeb0d49af04595c375289831f5ca0eea,pending-review,,
doc/source/en/TortoiseGit/tgit_dug/dug_daemon.xml,doc,blob,2b484d75c9d592dc595b467350ef815941a003d2,pending-review,,
doc/source/en/TortoiseGit/tgit_dug/dug_delete_copy_move.xml,doc,blob,b8aa2103095bd5329168bf97ab8ffe20b4b16942,pending-review,,
doc/source/en/TortoiseGit/tgit_dug/dug_diff.xml,doc,blob,7e2147ca4dd201ea20a7851a52b158aef8deaa76,pending-review,,
doc/source/en/TortoiseGit/tgit_dug/dug_export.xml,doc,blob,40d47354df1d35d6f7a4c931bbc167b4fc94e888,pending-review,,
doc/source/en/TortoiseGit/tgit_dug/dug_general.xml,doc,blob,9f21c52bc4a8a86b7e23919fa88107c174bbdb4b,pending-review,,
doc/source/en/TortoiseGit/tgit_dug/dug_gitsvn.xml,doc,blob,31f4abe5a3bcef7f4c213227e5df4b74db543146,pending-review,,
doc/source/en/TortoiseGit/tgit_dug/dug_ignore.xml,doc,blob,91612236ea6fd789243a1b1983c78558b38f50e2,pending-review,,
doc/source/en/TortoiseGit/tgit_dug/dug_lfslocking.xml,doc,blob,2e3e4c4b6cb7eb0c9b69214967b9fe4e88cee26e,pending-review,,
doc/source/en/TortoiseGit/tgit_dug/dug_log.xml,doc,blob,18498e18aec6d94d07406155897c5b5369786af0,pending-review,,
doc/source/en/TortoiseGit/tgit_dug/dug_merge.xml,doc,blob,59ee204407f87b84fd81f88dbcf5cf174d552f01,pending-review,,
doc/source/en/TortoiseGit/tgit_dug/dug_patch.xml,doc,blob,24720d585d6653dd11d5b14e752f7a04709f11f9,pending-review,,
doc/source/en/TortoiseGit/tgit_dug/dug_pullfetch.xml,doc,blob,8a1e4bca31598ba3d49a61041ea5ddd061923b5c,pending-review,,
doc/source/en/TortoiseGit/tgit_dug/dug_push.xml,doc,blob,0527207de0414140a6ba272abaf807bb41731efc,pending-review,,
doc/source/en/TortoiseGit/tgit_dug/dug_rebase.xml,doc,blob,a558cc885c73da3d2f524f56c0551c904d4c32c5,pending-review,,
doc/source/en/TortoiseGit/tgit_dug/dug_reflog.xml,doc,blob,8e6c176fefbdd7474887f7717da4ef20ce302bc8,pending-review,,
doc/source/en/TortoiseGit/tgit_dug/dug_repobrowser.xml,doc,blob,4ea02d68e68fb134a92153690f438a84c7ad0aa3,pending-review,,
doc/source/en/TortoiseGit/tgit_dug/dug_reset.xml,doc,blob,42035365729fe47e92794dd3e4048147727258b5,pending-review,,
doc/source/en/TortoiseGit/tgit_dug/dug_revert.xml,doc,blob,a5b7d1b9974a71e45218f7ac5a414f77f343738d,pending-review,,
doc/source/en/TortoiseGit/tgit_dug/dug_revgraph.xml,doc,blob,e0ede1579df43cc00e90d52a1f4a02cb57d8bea5,pending-review,,
doc/source/en/TortoiseGit/tgit_dug/dug_settings.xml,doc,blob,567ab048c389dc69581565b73f10baf403c76eb7,pending-review,,
doc/source/en/TortoiseGit/tgit_dug/dug_settings_advanced.xml,doc,blob,0beee7b8811c90fe70b9e22238a4995769bbf044,pending-review,,
doc/source/en/TortoiseGit/tgit_dug/dug_settings_blame.xml,doc,blob,9495b749aacbbacea8591c974a03cb909c8d9c98,pending-review,,
doc/source/en/TortoiseGit/tgit_dug/dug_settings_export.xml,doc,blob,7ad8f95b6cb269dc81d3e3c146473ba1ad59864e,pending-review,,
doc/source/en/TortoiseGit/tgit_dug/dug_settings_general.xml,doc,blob,d1fd7007d1c686d385b2181180322e64a8001521,pending-review,,
doc/source/en/TortoiseGit/tgit_dug/dug_settings_git.xml,doc,blob,807c5420bca32627b4b022c5191db7ddbd4edba2,pending-review,,
doc/source/en/TortoiseGit/tgit_dug/dug_settings_hooks.xml,doc,blob,29c27278c4f3c3aa1bb5da96dea52fe1de7a9de0,pending-review,,
doc/source/en/TortoiseGit/tgit_dug/dug_settings_network.xml,doc,blob,ac5554a6418feb432185a3c176572f644c78ac94,pending-review,,
doc/source/en/TortoiseGit/tgit_dug/dug_settings_overlays.xml,doc,blob,d6396ea5eaed9dfac49a0d59a9a9ca790c953350,pending-review,,
doc/source/en/TortoiseGit/tgit_dug/dug_settings_progs.xml,doc,blob,f7a93cb22b0e7941077369c24f7604db02dcecaf,pending-review,,
doc/source/en/TortoiseGit/tgit_dug/dug_settings_saved.xml,doc,blob,63764b7ae1cdb3c53e75b13aa02a959c135919bb,pending-review,,
doc/source/en/TortoiseGit/tgit_dug/dug_settings_udiff.xml,doc,blob,249de88832328f7b44303173cedebd89e23a8cbd,pending-review,,
doc/source/en/TortoiseGit/tgit_dug/dug_stash.xml,doc,blob,6199c9b3562877cc7750f16d2da88452522e6f7f,pending-review,,
doc/source/en/TortoiseGit/tgit_dug/dug_submodules.xml,doc,blob,914cc4b79989541634a5f73585e10e8fc55be306,pending-review,,
doc/source/en/TortoiseGit/tgit_dug/dug_sync.xml,doc,blob,7cc7f4b8c5dadbb00cefff8364a2effcd55c1e6d,pending-review,,
doc/source/en/TortoiseGit/tgit_dug/dug_wcstatus.xml,doc,blob,8af447a29756e027a823fd5467129e06b0fa9f53,pending-review,,
doc/source/en/TortoiseGit/tgit_dug/dug_worktrees.xml,doc,blob,2e88017c5a9c91c7fb907dba0f912773eefb936c,pending-review,,
doc/source/en/TortoiseGit/tgit_gitwcrev.xml,doc,blob,807c0af01254a05161f275bbcb5d9976592b9b9d,pending-review,,
doc/source/en/TortoiseGit/tgit_introduction.xml,doc,blob,ad0783934408de6fd0510bbdc398eaba72790582,pending-review,,
doc/source/en/TortoiseGit/tgit_preface.xml,doc,blob,aa88d1fd13cae8b2fc9c8102775d47a3f0979431,pending-review,,
doc/source/en/TortoiseMerge/TortoiseMerge.xml,doc,blob,4f967c74f66db5b617d079f6a84414d4900262b4,pending-review,,
doc/source/en/TortoiseMerge/tme_app_automation.xml,doc,blob,a10bbe3ed0963268ef27d34d1e84d5e2de02f4a9,pending-review,,
doc/source/en/TortoiseMerge/tme_app_shortcuts.xml,doc,blob,d9cf8f4a1b3665c42bf6f58efc198a55bc08428b,pending-review,,
doc/source/en/TortoiseMerge/tme_basics.xml,doc,blob,b3d72e3735a497cc32c320c72f05ebdd7a2f9277,pending-review,,
doc/source/en/TortoiseMerge/tme_dug.xml,doc,blob,665627722dd0e7613a9e5acc7ab445f853f48565,pending-review,,
doc/source/en/TortoiseMerge/tme_dug_conflicts.xml,doc,blob,c54551e83667a72d0a8eebfde1f4f91711276e2d,pending-review,,
doc/source/en/TortoiseMerge/tme_dug_controls.xml,doc,blob,95e51516986aab6770ac74045ea439b48e460da2,pending-review,,
doc/source/en/TortoiseMerge/tme_dug_icons.xml,doc,blob,455674d7d4932a5cbd2a03374407bd787c4d6e65,pending-review,,
doc/source/en/TortoiseMerge/tme_dug_open.xml,doc,blob,1120df779fb67da8a1f4505f2f92b76fc366404f,pending-review,,
doc/source/en/TortoiseMerge/tme_dug_settings.xml,doc,blob,ca608f97cb62fe86f4c2d17f31de2c40f323ab51,pending-review,,
doc/source/en/TortoiseMerge/tme_dug_views.xml,doc,blob,1efa9cf0454d815c82bf22995adf89b97a421e35,pending-review,,
doc/source/en/TortoiseMerge/tme_introduction.xml,doc,blob,3da8abb4cd989cf0fb2f5e4ee51f4ddf38085cb4,pending-review,,
doc/source/en/TortoiseMerge/tme_preface.xml,doc,blob,4614bab407d5e5726f43ea8aee912312b6118f9a,pending-review,,
doc/source/en/Version.in,doc,blob,3c1f903846ae2f222da975268ff51c383bc9586b,pending-review,,
doc/source/en/glossary.xml,doc,blob,3037f5d94eee0d54e237b279a01a885539c93493,pending-review,,
doc/source/en/wishlist.xml,doc,blob,ff12ce7d5cdeb1ca15f6387f542a470a844f4b3a,pending-review,,
doc/source/styles_html.css,doc,blob,f71f8e3c0dab227b9b71d47fa36f0bb449236526,pending-review,,
doc/xsl/defaults.xsl,doc,blob,67921c0b03bd4a8ab0837165632021f515af9e28,pending-review,,
doc/xsl/en/userconfig.template.xml,doc,blob,4d3ddd5b85b0b81eca090feb5c8f53e8369e5368,pending-review,,
doc/xsl/htmlchunk.xsl,doc,blob,2ce133a74806eaed7558a8ab70d43ab4af93b684,pending-review,,
doc/xsl/pdfdoc.xsl,doc,blob,1fd03bff7f9d6475a37e7f88680a66ef7239cc1f,pending-review,,
doc/xsl/tgit.xsl,doc,blob,e4de7e1c4501577b75cce8047d87864a274c313b,pending-review,,
ext/CrashServer/.editorconfig,ext,blob,7d19c3e90e527f03580e10577d306c6507b7667c,pending-review,,
ext/CrashServer/CommonLibs/Log/log.cpp,ext,blob,d46190689de78a8ee8fb5e36906eb1db72a59f28,pending-review,,
ext/CrashServer/CommonLibs/Log/log.h,ext,blob,9969d57ca928daa0840084b889778aecc6ba1b5e,pending-review,,
ext/CrashServer/CommonLibs/Log/log_media.h,ext,blob,fde2978658f406d1b068eb46ee94cc208315a84d,pending-review,,
ext/CrashServer/CommonLibs/Log/synchro.h,ext,blob,ee1cfcd4a87c9452bf1eaa4fd608f9f9d61d93a8,pending-review,,
ext/CrashServer/CommonLibs/Stat/stat.cpp,ext,blob,167df3f7a7444aba1ba6fb16079c222e723358a4,pending-review,,
ext/CrashServer/CommonLibs/Stat/stat.h,ext,blob,853c467a39b0f9711958a1b6c344c6d89e0f3be3,pending-review,,
ext/CrashServer/CommonLibs/Version/version.h,ext,blob,3cccf6d8a5a9760dddd6855583d05f5f0ec63333,pending-review,,
ext/CrashServer/CommonLibs/Version/version.rc,ext,blob,1cb4df94dae8a96b5263d43218e12c744fb6131f,pending-review,,
ext/CrashServer/CommonLibs/Zlib/ZipUnzip.cpp,ext,blob,02a4a927bc5da61a4e4f6163955eaccc23402b9f,pending-review,,
ext/CrashServer/CommonLibs/Zlib/ZipUnzip.h,ext,blob,b10589af79c73fd379f7cda775178f7dad025672,pending-review,,
ext/CrashServer/CommonLibs/Zlib/Zlib.vcxproj,ext,blob,017363e75e45e024e2a8b1eda560e6e0d25dfd78,pending-review,,
ext/CrashServer/CommonLibs/Zlib/Zlib.vcxproj.filters,ext,blob,279b0546a62412ee2ef4e27d5d6fea3a5851daea,pending-review,,
ext/CrashServer/CrashHandler/COPYING,ext,blob,3d90694ade2af6f840b175a00477c8a15cfc6eeb,pending-review,,
ext/CrashServer/CrashHandler/COPYING.LESSER,ext,blob,f0156c535521aefeac49856f5e1299fb00070c60,pending-review,,
ext/CrashServer/CrashHandler/CrashHandler/CrashHandler.cpp,ext,blob,0df311ad07db8174e77023ec55ceeda61ed5d007,pending-review,,
ext/CrashServer/CrashHandler/CrashHandler/CrashHandler.def,ext,blob,b75511ac49809d32d3275d46e7b62971568d0da5,pending-review,,
ext/CrashServer/CrashHandler/CrashHandler/CrashHandler.h,ext,blob,c094fa00b3a1387ab9e3631aa903f52719d8c785,pending-review,,
ext/CrashServer/CrashHandler/CrashHandler/CrashHandler.rc,ext,blob,082496cad41645851aa11b26f92836f261dd9936,pending-review,,
ext/CrashServer/CrashHandler/CrashHandler/CrashHandler.vcxproj,ext,blob,4ca007c186ad502a901297e324b1974356775239,pending-review,,
ext/CrashServer/CrashHandler/CrashHandler/CrashHandler.vcxproj.filters,ext,blob,953d4a93420bb9047c3e15d33cd76e3d0087a2f2,pending-review,,
ext/CrashServer/CrashHandler/CrashHandler/CrashHandlerExport.h,ext,blob,a242ac120e006b19f77cdab2b8a2217d3fd10278,pending-review,,
ext/CrashServer/CrashHandler/CrashHandler/projectinfo.h,ext,blob,aa5f2e1f98fd49521718ad430b956ccd1a108d06,pending-review,,
ext/CrashServer/CrashHandler/CrashHandler/resource.h,ext,blob,34756da038c3e2f0946e2f4aefaa08b630e4e79f,pending-review,,
ext/CrashServer/CrashHandler/CrashHandler/stdafx.cpp,ext,blob,41c9e8fa34d3e12e14cf209931fb827b65dcbcc7,pending-review,,
ext/CrashServer/CrashHandler/CrashHandler/stdafx.h,ext,blob,89eeba7df6e9f3b9fd8ca64d27ce65e5e7851249,pending-review,,
ext/CrashServer/CrashHandler/CrashHandler/targetver.h,ext,blob,8ce951d69b305ed2e04c81414e1a0c42a10dc146,pending-review,,
ext/CrashServer/CrashHandler/DumpUploaderServiceLib/DumpUploader3.wsdl,ext,blob,f6345a68a9e691410ea4f59e26c0ac0bf4a435d0,pending-review,,
ext/CrashServer/CrashHandler/DumpUploaderServiceLib/DumpUploaderServiceLib.vcxproj,ext,blob,37d142e778983bf6c64cf432cea796f653585e0a,pending-review,,
ext/CrashServer/CrashHandler/DumpUploaderServiceLib/DumpUploaderServiceLib.vcxproj.filters,ext,blob,fb752a3d38d5faf6405c42df9bf0e9cc0c713ee3,pending-review,,
ext/CrashServer/CrashHandler/DumpUploaderServiceLib/DumpUploaderWebService.cpp,ext,blob,69fd76c2b5a0b85e1a55db5c2a2ac5a90e409b8a,pending-review,,
ext/CrashServer/CrashHandler/DumpUploaderServiceLib/DumpUploaderWebService.h,ext,blob,45b0880afbd877ec6c37149bd33de369778d63a4,pending-review,,
ext/CrashServer/CrashHandler/DumpUploaderServiceLib/generated/CustomBinding_DumpUploadService3_Uploader.nsmap,ext,blob,a5b0031386515c3f26683848ca14c56c10bde608,pending-review,,
ext/CrashServer/CrashHandler/DumpUploaderServiceLib/generated/DumpUploader.h,ext,blob,3b8b86fc6a84c55d864780a8337b03307799a0aa,pending-review,,
ext/CrashServer/CrashHandler/DumpUploaderServiceLib/generated/soapC.cpp,ext,blob,3ec9109fdc8ce12d37050dddea3be73090983571,pending-review,,
ext/CrashServer/CrashHandler/DumpUploaderServiceLib/generated/soapCustomBinding_DumpUploadService3_UploaderProxy.cpp,ext,blob,ebf0fada80d98f2cc743f4565032225e72c9ff2b,pending-review,,
ext/CrashServer/CrashHandler/DumpUploaderServiceLib/generated/soapCustomBinding_DumpUploadService3_UploaderProxy.h,ext,blob,842f4302519fbf6151ae7cc8475762d4c17fbe99,pending-review,,
ext/CrashServer/CrashHandler/DumpUploaderServiceLib/generated/soapH.h,ext,blob,1dccc7976145742de575c4e03bb4e75c531aaefb,pending-review,,
ext/CrashServer/CrashHandler/DumpUploaderServiceLib/generated/soapStub.h,ext,blob,8c313334d27c839e8044a4c7b40632de82d32b57,pending-review,,
ext/CrashServer/CrashHandler/DumpUploaderServiceLib/gsoapWinInet.cpp,ext,blob,4eec230a6ca9e33991d630bb3b362d30d89918aa,pending-review,,
ext/CrashServer/CrashHandler/DumpUploaderServiceLib/gsoapWinInet.h,ext,blob,1c8e1193dc2b55149b9292d23479d585392cdb0f,pending-review,,
ext/CrashServer/CrashHandler/DumpUploaderServiceLib/make_service_stub.bat,ext,blob,392f1120863b085b03a923860769b6158a669d6c,pending-review,,
ext/CrashServer/CrashHandler/DumpUploaderServiceLib/replace_text.vbs,ext,blob,379d07c8d4c99569f77d6285462034ebe079fa40,pending-review,,
ext/CrashServer/CrashHandler/DumpUploaderServiceLib/stdsoap2.cpp,ext,blob,65813adfe32f3529dfbbfaffd8fa71409a4ee30b,pending-review,,
ext/CrashServer/CrashHandler/DumpUploaderServiceLib/stdsoap2.h,ext,blob,041afcd5a83bcf17ba33c2f271e7e9e05ef00567,pending-review,,
ext/CrashServer/CrashHandler/DumpUploaderServiceLib/typemap.dat,ext,blob,e717b3704717b7e4d9fc108b1660061ce4ca2785,pending-review,,
ext/CrashServer/CrashHandler/SendRpt/Config.h,ext,blob,7ab5d5f7523d38021b8edf4bce773cd0d2deade6,pending-review,,
ext/CrashServer/CrashHandler/SendRpt/CrashInfo.cpp,ext,blob,c6965d8878c6719a760fe83cbab661811bedde60,pending-review,,
ext/CrashServer/CrashHandler/SendRpt/CrashInfo.h,ext,blob,86769cd2e667c5d34063c7ae4dddd049a55f54ec,pending-review,,
ext/CrashServer/CrashHandler/SendRpt/CrashProcessor.cpp,ext,blob,0326298d58fbeb89994aac716331cb3a4f3ca625,pending-review,,
ext/CrashServer/CrashHandler/SendRpt/DoctorDump.cpp,ext,blob,fddc6a360dfdca637266c45254e5fc720f4d3fa3,pending-review,,
ext/CrashServer/CrashHandler/SendRpt/DoctorDump.h,ext,blob,a84d51d725a6de0f50b72efbbd05e91947daa975,pending-review,,
ext/CrashServer/CrashHandler/SendRpt/DumpUploader.h,ext,blob,117e53889937515129365f2a11cc1b88b24ab34f,pending-review,,
ext/CrashServer/CrashHandler/SendRpt/DumpWriter.cpp,ext,blob,851cb363d4fe7c6847aa03b49a7c1aeee4ef094a,pending-review,,
ext/CrashServer/CrashHandler/SendRpt/DumpWriter.h,ext,blob,5d7d438e50323be4c34b0f796e456149dff57493,pending-review,,
ext/CrashServer/CrashHandler/SendRpt/IniFile.cpp,ext,blob,55ab5516867fee9e33e3cd19277efa0f779875a1,pending-review,,
ext/CrashServer/CrashHandler/SendRpt/IniFile.h,ext,blob,db4cc6d821870bbb73892b322f0a2de87df2d7d0,pending-review,,
ext/CrashServer/CrashHandler/SendRpt/SendReportDlg.cpp,ext,blob,d480efb19cf921b2997d9f92abe0a194db17f6dd,pending-review,,
ext/CrashServer/CrashHandler/SendRpt/SendReportDlg.h,ext,blob,5cf95fb1f2788b7339f208adaf60c141dbc3b586,pending-review,,
ext/CrashServer/CrashHandler/SendRpt/SendRpt.cpp,ext,blob,fa15fe49893303170eb55e5fde929f49857fc59c,pending-review,,
ext/CrashServer/CrashHandler/SendRpt/SendRpt.ico,ext,blob,eb91e8abea0323b3a77681371a05d01c8dc68b6a,pending-review,,
ext/CrashServer/CrashHandler/SendRpt/SendRpt.manifest,ext,blob,d1834fb6ec16d46205354075b30839aedbf1fc50,pending-review,,
ext/CrashServer/CrashHandler/SendRpt/SendRpt.rc,ext,blob,4818e9021ae67dee5debbd355e60f7d440e79d2b,pending-review,,
ext/CrashServer/CrashHandler/SendRpt/SendRpt.vcxproj,ext,blob,de3bf83686f59cdcc6c6885b76864cd54be61f68,pending-review,,
ext/CrashServer/CrashHandler/SendRpt/SendRpt.vcxproj.filters,ext,blob,a5f37ce3f9cef592f25bdf0e01ccf27a4cc24009,pending-review,,
ext/CrashServer/CrashHandler/SendRpt/Serializer.cpp,ext,blob,cab9ec7fa04771e169b56f6338035a3049afae70,pending-review,,
ext/CrashServer/CrashHandler/SendRpt/Serializer.h,ext,blob,7c9756c1f794095237af6cd5dce8929ea31e7f01,pending-review,,
ext/CrashServer/CrashHandler/SendRpt/Translator.cpp,ext,blob,884a5016df7c5cd063f36470f755beed3c4840bb,pending-review,,
ext/CrashServer/CrashHandler/SendRpt/Translator.h,ext,blob,ad9234dd0070199b3406ec2cbec7b5d51e0d814e,pending-review,,
ext/CrashServer/CrashHandler/SendRpt/dbghelp/x64/dbghelp.dll,ext,blob,2d44855e386f03cc2eb5bf4af3c2e62b7b298bd6,pending-review,,
ext/CrashServer/CrashHandler/SendRpt/dbghelp/x86/dbghelp.dll,ext,blob,8ae1d32b80db6d680b37bceecc585b5fbf46bb4c,pending-review,,
ext/CrashServer/CrashHandler/SendRpt/projectinfo.h,ext,blob,876b5a9fa5960fa3a8a9e1ccf9e96e911204bc05,pending-review,,
ext/CrashServer/CrashHandler/SendRpt/resource.h,ext,blob,3ab8b69a56a6e05237a1f62c00cd27b4ff3c9590,pending-review,,
ext/CrashServer/CrashHandler/SendRpt/stdafx.cpp,ext,blob,41c9e8fa34d3e12e14cf209931fb827b65dcbcc7,pending-review,,
ext/CrashServer/CrashHandler/SendRpt/stdafx.h,ext,blob,4e78fec963726db84ce5fc02e2ba316b1037493a,pending-review,,
ext/CrashServer/CrashHandler/SendRpt/targetver.h,ext,blob,8ce951d69b305ed2e04c81414e1a0c42a10dc146,pending-review,,
ext/CrashServer/CrashHandler/SendRpt/translate.ini,ext,blob,613dea8ba406f129f0318061a18b3ce79e2e6d2f,pending-review,,
ext/CrashServer/CrashHandler/SendRpt/utils.cpp,ext,blob,2a68ff31457fece5fcbad2a2e937bd2caa5c1e90,pending-review,,
ext/CrashServer/CrashHandler/SendRpt/utils.h,ext,blob,bdd624b90ef2e0dbee8ab93c0081632da2c86175,pending-review,,
ext/CrashServer/CrashHandler/crashhandler.props,ext,blob,0226ba9f515be2ef82a285dcf01b27f6222faabd,pending-review,,
ext/CrashServer/CrashHandler/solutioninfo.h,ext,blob,9262ffe81aeeb24e88cea088fa9cc3d78cdb4056,pending-review,,
ext/CrashServer/Readme.txt,ext,blob,5079d3966e21331506c0fa82ad2c6552c39c2859,pending-review,,
ext/CrashServer/SymUpload.exe,ext,blob,350c23f0febd5012b7dee42bfa8d738951b3ed24,pending-review,,
ext/CrashServer/external/WTL/CPL.TXT,ext,blob,e887791df007e2f2f920f64d9f0f6cbe05e79869,pending-review,,
ext/CrashServer/external/WTL/Include/atlapp.h,ext,blob,c22947a691dcf8b4a1a538addd69351ecaa07226,pending-review,,
ext/CrashServer/external/WTL/Include/atlctrls.h,ext,blob,b8fe5df4bc62f87c243c730b54ef25af7f472b06,pending-review,,
ext/CrashServer/external/WTL/Include/atlctrlx.h,ext,blob,2e3090ebec392849af4722983bb23972361604f0,pending-review,,
ext/CrashServer/external/WTL/Include/atlgdi.h,ext,blob,d2d1970e03345de94bbcb7592e2c2cd48f9e8059,pending-review,,
ext/CrashServer/external/WTL/Include/atlres.h,ext,blob,c23f199b80f4a0e3c57846dacc54bb177b26a86f,pending-review,,
ext/CrashServer/external/WTL/Include/atluser.h,ext,blob,9352f723f5a0c91d81611cf676e4c33d2d37575a,pending-review,,
ext/CrashServer/external/WTL/Include/atlwinx.h,ext,blob,749dafb4a6803cbaa2d977373927465e1b3e88b8,pending-review,,
ext/Detours,ext,commit,9764cebcb1a75940e68fa83d6730ffaf0f669401,pending-review,,
ext/OGDF,ext,commit,17f045b131851f5d32af184d5a7a864cec2bfc27,pending-review,,
ext/ResizableLib/Artistic-License.txt,ext,blob,803d2293e9590ceed30b830b3f2183b066cf0114,pending-review,,
ext/ResizableLib/ChangeLog,ext,blob,18fe1052292b84def6b31efd53ac95eb8a097ea9,pending-review,,
ext/ResizableLib/ResizableComboBox.cpp,ext,blob,96732b69e0ce0df8f24012fbf402a5afac4e1bce,pending-review,,
ext/ResizableLib/ResizableComboBox.h,ext,blob,c2f2f87fa1cf1e87ed5071d54be0e9a28ae6617d,pending-review,,
ext/ResizableLib/ResizableComboLBox.cpp,ext,blob,085c9397b1d2e2084f0270beb238bbcdea55f6ad,pending-review,,
ext/ResizableLib/ResizableComboLBox.h,ext,blob,699c90ec1b2783e18556206d98dbe0eb26ff9595,pending-review,,
ext/ResizableLib/ResizableDialog.cpp,ext,blob,dfa1cf7a0ad079af5e232068a8c7e321927ba82c,pending-review,,
ext/ResizableLib/ResizableDialog.h,ext,blob,3e9a58f28c3db022c68881dc146450dc63bb6923,pending-review,,
ext/ResizableLib/ResizableFormView.cpp,ext,blob,74b8d9f41f2cb6d249e77af2b5170256be38dfe0,pending-review,,
ext/ResizableLib/ResizableFormView.h,ext,blob,50afc89c3d157bd24b24c2e3905c23f512787907,pending-review,,
ext/ResizableLib/ResizableFrame.cpp,ext,blob,7f0fc8dcf25cbe2aa477b47e3880a9f066405bb7,pending-review,,
ext/ResizableLib/ResizableFrame.h,ext,blob,8f75db84b93b5ada2ab4322ee3efb3d5220a576f,pending-review,,
ext/ResizableLib/ResizableGrip.cpp,ext,blob,9368ec6074b74b2e19bd93d22ca61e0e0a3b377f,pending-review,,
ext/ResizableLib/ResizableGrip.h,ext,blob,ffc46f236062c62ebf8653d267e1cd307a09e2c8,pending-review,,
ext/ResizableLib/ResizableLayout.cpp,ext,blob,03d9a57e69f1aca3f86be54034f759b111af0ed7,pending-review,,
ext/ResizableLib/ResizableLayout.h,ext,blob,2730e34fae5c3968e63859700867898cf6aa0ceb,pending-review,,
ext/ResizableLib/ResizableLib.vcxproj,ext,blob,05a612588776fef0f6a81fdc38fa1e51bab52478,pending-review,,
ext/ResizableLib/ResizableLib.vcxproj.filters,ext,blob,c6b09104ec1bae284a1b5d4d920da65ac491665f,pending-review,,
ext/ResizableLib/ResizableMDIChild.cpp,ext,blob,03c19f08a6065d0ff3ac76523829c99b5f731b73,pending-review,,
ext/ResizableLib/ResizableMDIChild.h,ext,blob,5fc249c1783a5c933dbd01732d29b95ff8b34012,pending-review,,
ext/ResizableLib/ResizableMDIFrame.cpp,ext,blob,b26d661db7f300c0ce1747745a9c27af05fb3e20,pending-review,,
ext/ResizableLib/ResizableMDIFrame.h,ext,blob,7ecf8b1e64ac74bcfe020920fb05bf306b63a28f,pending-review,,
ext/ResizableLib/ResizableMinMax.cpp,ext,blob,e2ae97264a0227a850f9841351380a0fa6d0c595,pending-review,,
ext/ResizableLib/ResizableMinMax.h,ext,blob,b4b96d45ac29c0df13be90003514f647ee7c8a2e,pending-review,,
ext/ResizableLib/ResizableMsgSupport.cpp,ext,blob,0afeb87a4d96c6cae7c477b483fa68b3f7eec158,pending-review,,
ext/ResizableLib/ResizableMsgSupport.h,ext,blob,bfd1b48e03643558ee13b39cd35f6e7b99d093b5,pending-review,,
ext/ResizableLib/ResizablePage.cpp,ext,blob,472a40d10198d04aff9aefbe91e8501eda8b5de7,pending-review,,
ext/ResizableLib/ResizablePage.h,ext,blob,73722feda05864977224139ac70e7233e9bb0312,pending-review,,
ext/ResizableLib/ResizablePageEx.cpp,ext,blob,68dac645d963f75c4665c36461927b78098f918a,pending-review,,
ext/ResizableLib/ResizablePageEx.h,ext,blob,82ef093f54402e874a4ddee3375d4438b8dc3668,pending-review,,
ext/ResizableLib/ResizableSheet.cpp,ext,blob,0ab2a30832dd9881f2176d409fc79b447755e9a7,pending-review,,
ext/ResizableLib/ResizableSheet.h,ext,blob,ed6e743bd6ee0fcabd7a2fbc92b495dd49ffeba5,pending-review,,
ext/ResizableLib/ResizableSheetEx.cpp,ext,blob,0f87557373bf519c5298f94093e1e88ef809731d,pending-review,,
ext/ResizableLib/ResizableSheetEx.h,ext,blob,1722d62cd3afb2d6590bcfb34ac3ae0964f05cb6,pending-review,,
ext/ResizableLib/ResizableSheetState.cpp,ext,blob,f9f28e0b1d5aae1b1731fb26eb418c643e512490,pending-review,,
ext/ResizableLib/ResizableSheetState.h,ext,blob,948dc71cfb35398ce668e1408ac390e182fc931c,pending-review,,
ext/ResizableLib/ResizableSplitterWnd.cpp,ext,blob,4f24e12648039897b4adf8b3f3fb392a26698979,pending-review,,
ext/ResizableLib/ResizableSplitterWnd.h,ext,blob,6d339472c1695df92d485179d19fe4ac75362f48,pending-review,,
ext/ResizableLib/ResizableState.cpp,ext,blob,3e4d6db02279644bb0b3387817ac404e10191410,pending-review,,
ext/ResizableLib/ResizableState.h,ext,blob,161a17a6301e99c0dfe10e4d67d21f67a131cc85,pending-review,,
ext/ResizableLib/ResizableVersion.cpp,ext,blob,8822ebab4850a0d79565f5e4e570db64498de704,pending-review,,
ext/ResizableLib/ResizableVersion.h,ext,blob,cd3c2ca4402a372c31cbe7731045a895be700bdc,pending-review,,
ext/ResizableLib/ResizableWndState.cpp,ext,blob,677f50b75de51fcad1883d99e7cf8906d6d69580,pending-review,,
ext/ResizableLib/ResizableWndState.h,ext,blob,dd17a6739b034739fa6996390488871038e36d7a,pending-review,,
ext/ResizableLib/StdAfx.cpp,ext,blob,e634be5853e9eff328e0565a0cb3fd4983a1c118,pending-review,,
ext/ResizableLib/StdAfx.h,ext,blob,9f81c3d69581ff5193e37ac690037e32944a2124,pending-review,,
ext/TortoiseOverlays/TortoiseOverlays-1.1.5.29440-ARM64.msm,ext,blob,f9b4fad0fef331df71dd50383a6460038b16cfbf,pending-review,,
ext/TortoiseOverlays/TortoiseOverlays-1.1.5.29440-win32.msm,ext,blob,79b60e29a342a575d6e75b67b17d0beeadba39db,pending-review,,
ext/TortoiseOverlays/TortoiseOverlays-1.1.5.29440-x64.msm,ext,blob,f9cfe183bfb0ea02f1a1052ed0358755336490e3,pending-review,,
ext/TortoiseOverlays/readme.txt,ext,blob,fe35b0b5570c7b38642457710f82226c3b512fe0,pending-review,,
ext/apr,ext,commit,22867ddac49b7dcf356556577461231acdff6445,pending-review,,
ext/apr-util,ext,commit,244e714887c9089ccd929324a99c68508c7baa8e,pending-review,,
ext/build/Detours.vcxproj,ext,blob,b530ab13608697275dde85b0db566b498e8ac280,pending-review,,
ext/build/Detours.vcxproj.filters,ext,blob,594a56724224cda708e35705b78551d90ac98b85,pending-review,,
ext/build/ScintillaLexer.vcxproj,ext,blob,3f393efa59eebc55e71ba290a28e388efb1cd3d8,pending-review,,
ext/build/ScintillaLexer.vcxproj.filters,ext,blob,eb403b14e28d1a08c1c0122277534c045eb1fbd0,pending-review,,
ext/build/apr/apr.h,ext,blob,512f265ba4a97276ff1852dfc0cf3dbee1810c40,pending-review,,
ext/build/apr/apr_escape_test_char.h,ext,blob,fb54b1f38de7ec30f3203a0d10f1e6aac7126a85,pending-review,,
ext/build/apr/apu.h,ext,blob,70d6a2ec3bc85a77c5b1cf2d0a0d179ab3cd32e7,pending-review,,
ext/build/editorconfig.vcxproj,ext,blob,be3af8dd50213e08b73ee4f32a2cae6133913fa7,pending-review,,
ext/build/editorconfig.vcxproj.filters,ext,blob,0adb3f3cb99d4433af283626624daf8522ed6be5,pending-review,,
ext/build/editorconfig/config.h,ext,blob,17e9c0a9d1f1bfd7fcd2b5ada7f6042a1ad43ab5,pending-review,,
ext/build/googletest.vcxproj,ext,blob,f32fa5586de2034dfd4018a666c36fac5fa744a1,pending-review,,
ext/build/googletest.vcxproj.filters,ext,blob,9addb288e4b4ca5ecf942bcb4e5761093c6dd3a1,pending-review,,
ext/build/hunspell.vcxproj,ext,blob,2695df624376e791602f737249675a2874b96e41,pending-review,,
ext/build/hunspell.vcxproj.filters,ext,blob,06ca62e2feb3f89743bac88a9e39d08dadcb64a3,pending-review,,
ext/build/hunspell/config.h,ext,blob,fe4ddf7a126a6070ab7835561e287207ba108bc6,pending-review,,
ext/build/hunspell/hunvisapi.h,ext,blob,a642e8c741cb3ea7219037e46744c4e569e88353,pending-review,,
ext/build/libapr.vcxproj,ext,blob,90ef92a16b59d97b29b766848d4ab75c7cafc5c7,pending-review,,
ext/build/libapr.vcxproj.filters,ext,blob,7df672d5a0cc4253783f4169ab0f5db1cae60e5e,pending-review,,
ext/build/libaprutil.vcxproj,ext,blob,7bdf80f5e13753d0785201a1fddeba409ad50da3,pending-review,,
ext/build/libaprutil.vcxproj.filters,ext,blob,1351dc18b472cb92d93dfd5320a25d45b5505926,pending-review,,
ext/build/libgit-defines.h,ext,blob,5cca666dca48b6621a53213ffa74c300ab370c4f,pending-review,,
ext/build/libgit.vcxproj,ext,blob,196ca833d016edfb6df0cc6b79494aa0a5ab09b8,pending-review,,
ext/build/libgit.vcxproj.filters,ext,blob,a433d4eada48b9ccaf229c818a19ad06419a1df9,pending-review,,
ext/build/libgit2.vcxproj,ext,blob,bcec95255c160e7ac81300226741ea714113ef62,pending-review,,
ext/build/libgit2.vcxproj.filters,ext,blob,a509305c4f028cdab02c99528377175163747bc4,pending-review,,
ext/build/ogdf.vcxproj,ext,blob,0e80d977003f3447b12f1d2890e98505007517e1,pending-review,,
ext/build/ogdf.vcxproj.filters,ext,blob,06a3532cd11c27cca8ad02d53b9f0a137c3eb002,pending-review,,
ext/build/ogdf/ogdf/basic/internal/config_autogen.h,ext,blob,4e512a0ece6fc0d1849389e6b0687b9b851bc9e0,pending-review,,
ext/build/pcre2.vcxproj,ext,blob,fb02bf6fda18e75dfefb1c2a9d6231634d701944,pending-review,,
ext/build/pcre2.vcxproj.filters,ext,blob,54a787cb5bce396865ec07926a934083fde3be71,pending-review,,
ext/build/pcre2/config.h,ext,blob,4543f32bb7c86f03e613a93b0e12308db22984e1,pending-review,,
ext/build/pcre2/pcre2.h,ext,blob,4034e5a91d44a86434e0e635032ccfee44a06bb8,pending-review,,
ext/build/pcre2/pcre2_chartables.c,ext,blob,29f9200010ce5ac1f8f94066da6e2206f12d998c,pending-review,,
ext/build/zlib.vcxproj,ext,blob,bb9019928b6a083abfb67484e875b8636fbb864b,pending-review,,
ext/build/zlib.vcxproj.filters,ext,blob,485c990ae7937d5dc7b310d55b7f1c8193bc4d22,pending-review,,
ext/editorconfig,ext,commit,0ba157eff167c1b2d1bc0c3e13975b7a73fb9d25,pending-review,,
ext/gitdll/.clang-format,ext,blob,e64b2f176a0d3ddbe0d38d40bd21cebb503017ee,pending-review,,
ext/gitdll/die.cpp,ext,blob,ab3aa8722bf83d58abd9755f2b520a3d7382c9e6,pending-review,,
ext/gitdll/dllmain.c,ext,blob,0fb2d5dacae690992eacd19c8cf2e17b3bf5a77e,pending-review,,
ext/gitdll/gitdll.c,ext,blob,af75e87317bd5da8bb372d70a64ed464ab6d8b5b,pending-review,,
ext/gitdll/gitdll.h,ext,blob,e4bc1d40411b52e5c7c7d77ae142f852c51e2b18,pending-review,,
ext/gitdll/gitdll.rc,ext,blob,92f249784287acc5c2c6f76ec8b840e35ccb45d9,pending-review,,
ext/gitdll/gitdll.rc2,ext,blob,775838a5636758663c47ef600539ff39011fea33,pending-review,,
ext/gitdll/gitdll.vcxproj,ext,blob,64c88fe78cd98d69b0326e53145ba97f0b459a88,pending-review,,
ext/gitdll/gitdll.vcxproj.filters,ext,blob,4c1e8f73ce9d4d8468e8c90611f4ef87a1dc48a7,pending-review,,
ext/gitdll/resource.h,ext,blob,8b2fc2a982f5cba346c08bed053c66a6bac09d88,pending-review,,
ext/gitdll/stdafx.cpp,ext,blob,5c6db1da858d83463be6e7cb9d90d6ebf9dc9baf,pending-review,,
ext/gitdll/stdafx.h,ext,blob,167036a272b08a6434066bdc05eacc1055b1e533,pending-review,,
ext/googletest,ext,commit,e5669fdffc94e901bcad20a69b38547012f81882,pending-review,,
ext/hunspell,ext,commit,c5f98152a274e25b5107101104bef632b83a0cc9,pending-review,,
ext/json,ext,commit,55f93686c01528224f448c19128836e7df245f72,pending-review,,
ext/lexilla,ext,commit,ef08a1a00ce151ccdddf7da700fbe1a4934a9c71,pending-review,,
ext/libgit2,ext,commit,f7164261c9bc0a7e0ebf767c584e5192810a8b24,pending-review,,
ext/libgit2-Add-support-for-wildcard-in-safe-directory.patch,ext,blob,b96e0b32cb06fea635b39454f087ca2ba3829a2f,pending-review,,
ext/libgit2-Extend-safe.directory-admin-owner-check-to-also-cove.patch,ext,blob,8b775cee8f8e5134c2f6b5e90e44e99afa6fb8b4,pending-review,,
ext/libgit2-Use-explicit-casts-for-implicit-enum-type-conversion.patch,ext,blob,4071b5160541e44708da7bcdee2624ac7dacb836,pending-review,,
ext/libgit2-repo-Guess-better-path-to-set-an-exception-for.patch,ext,blob,a6c70dacef1ae2d8bd47368629dc073ea7e025ac,pending-review,,
ext/libgit2-repo-simplify-safe.directory-checks.patch,ext,blob,3d3db90852f071bb8936cce85c980386e80d140c,pending-review,,
ext/pcre2,ext,commit,f454e231fe5006dd7ff8f4693fd2b8eb94333429,pending-review,,
ext/putty/.gitignore,ext,blob,d3f17f5462d6fb4f2e0e88ea6b3e9e346d52feba,pending-review,,
ext/putty/download.bat,ext,blob,3fdc33c7f5e97da611d09202f80d9c8ba21fc572,pending-review,,
ext/putty/download.txt,ext,blob,71e7624a6285304da67ebcdd834f98fe8fd8ba8e,pending-review,,
ext/scintilla/.editorconfig,ext,blob,fddd80c64ef2201703b66cf7be725619d43abe7c,pending-review,,
ext/scintilla/License.txt,ext,blob,44b08cd10845339f6bb9cacbb9adc2fe6dfd9f16,pending-review,,
ext/scintilla/README,ext,blob,87ab2491afcfab4872bfb7b7f1da672350042aef,pending-review,,
ext/scintilla/backgroundcolors.patch,ext,blob,8302dd74bfd4f4b6c98bce48d29cf7d34e4949a9,pending-review,,
ext/scintilla/cppcheck.suppress,ext,blob,cdc55096e1d979a896c36c6d389cea0d0e107ad0,pending-review,,
ext/scintilla/include/ILexer.h,ext,blob,90bf1d239572fd2b6526be0574390599c2b01e72,pending-review,,
ext/scintilla/include/ILoader.h,ext,blob,aa091189e5e4412c81e879a88f2ec7fc043147a8,pending-review,,
ext/scintilla/include/Sci_Position.h,ext,blob,a0596b40bb2cc9baabf39ea36bc7a1c4ec38c059,pending-review,,
ext/scintilla/include/Scintilla.h,ext,blob,d4db0f37556920172cef89a2bc63240100f85ccb,pending-review,,
ext/scintilla/include/Scintilla.iface,ext,blob,5b5b984c456d1c634f29e59850faf43407b08fdb,pending-review,,
ext/scintilla/include/ScintillaCall.h,ext,blob,496001ae6556d4fe417c273037589ba86f8b4155,pending-review,,
ext/scintilla/include/ScintillaMessages.h,ext,blob,0d6a58ef43f157126e3a8ce8c0d8defbf42bc3c6,pending-review,,
ext/scintilla/include/ScintillaStructures.h,ext,blob,326b7c2d129a649610333c9ccc7eac5c5258559c,pending-review,,
ext/scintilla/include/ScintillaTypes.h,ext,blob,f0b713ed3e31ca8a894fb9196cbee80b593d47d4,pending-review,,
ext/scintilla/include/ScintillaWidget.h,ext,blob,88b1223cdb966e6444b2fd1432be80b9037609a7,pending-review,,
ext/scintilla/src/AutoComplete.cxx,ext,blob,128247ff97319defa75f1ff23694db41f3b8f698,pending-review,,
ext/scintilla/src/AutoComplete.h,ext,blob,dfb76138b1864a5c7672c3a0453602c51d42a0f7,pending-review,,
ext/scintilla/src/CallTip.cxx,ext,blob,b00ca2f466d3cd0cec5184949373fc9bf17ca474,pending-review,,
ext/scintilla/src/CallTip.h,ext,blob,49a87b7116161c99a5fc8f002e2b0bdc2dc15424,pending-review,,
ext/scintilla/src/CaseConvert.cxx,ext,blob,3674f6d3167d7561e2d5cf027c2524d612d4bffb,pending-review,,
ext/scintilla/src/CaseConvert.h,ext,blob,12fb42c37eb26a023fb33e7f57e19e3c2b863138,pending-review,,
ext/scintilla/src/CaseFolder.cxx,ext,blob,7c762e794be8066697f7ee76df9f5f14487c2759,pending-review,,
ext/scintilla/src/CaseFolder.h,ext,blob,0b7cd2562dde4bcf931891bb7a0e01a089f8457a,pending-review,,
ext/scintilla/src/CellBuffer.cxx,ext,blob,439d5964c3a60164b7bf427154fb49d8dea4f0e9,pending-review,,
ext/scintilla/src/CellBuffer.h,ext,blob,18b9453a9073fbf0bd88c27a8adbe654f2378dd6,pending-review,,
ext/scintilla/src/ChangeHistory.cxx,ext,blob,52e3ee3d592a9a0c3cd128c9f055d319f3abc762,pending-review,,
ext/scintilla/src/ChangeHistory.h,ext,blob,9b98257d4e614d6e3fbe83a15c49d8dd0f76d7ef,pending-review,,
ext/scintilla/src/CharClassify.cxx,ext,blob,da6ce6035a9a73afff97ec50d037cd28080883b2,pending-review,,
ext/scintilla/src/CharClassify.h,ext,blob,942c736c0d90fa52db504ae509da8768d62d185a,pending-review,,
ext/scintilla/src/CharacterCategoryMap.cxx,ext,blob,213b7da92ca8169ba539faa1f30713a8af3a7804,pending-review,,
ext/scintilla/src/CharacterCategoryMap.h,ext,blob,ab1cb164b487f085cc5159ce8e62476143f0ec1a,pending-review,,
ext/scintilla/src/CharacterType.cxx,ext,blob,e229ecb0b7b22f9f151cbc1574c6a2f677cb7293,pending-review,,
ext/scintilla/src/CharacterType.h,ext,blob,a30f2df48c5d2373328fd0eb8c5efd519249c294,pending-review,,
ext/scintilla/src/ContractionState.cxx,ext,blob,283dc8c33e9afa2a43a87ae3ba9313d27f9d2ba1,pending-review,,
ext/scintilla/src/ContractionState.h,ext,blob,fe691fa2cbb9a90208f0efe67980f37df84d2deb,pending-review,,
ext/scintilla/src/DBCS.cxx,ext,blob,9f4160c1f74e4a32566292cc9638e649d4a43027,pending-review,,
ext/scintilla/src/DBCS.h,ext,blob,6c68fefa44e3db1444a975ee9ad1380cab2fc769,pending-review,,
ext/scintilla/src/Debugging.h,ext,blob,82709f255abd0a175012544f7669ca3621b9e20f,pending-review,,
ext/scintilla/src/Decoration.cxx,ext,blob,6f9aece0e8a80ea544b1aef38ea76595eec5a147,pending-review,,
ext/scintilla/src/Decoration.h,ext,blob,afe9d1b668b457634dca851efefa72ad1011da5c,pending-review,,
ext/scintilla/src/Document.cxx,ext,blob,83dc651a31cc427b32362b9bf5c4bbf9343095e6,pending-review,,
ext/scintilla/src/Document.h,ext,blob,8dd4b9b3b7887f6162adc7032e30ebf99efde961,pending-review,,
ext/scintilla/src/EditModel.cxx,ext,blob,e334e499335562c15647e1d16383b1dc18bf353f,pending-review,,
ext/scintilla/src/EditModel.h,ext,blob,c7483a1450b5faff192350af5dae0de83e9ba4ad,pending-review,,
ext/scintilla/src/EditView.cxx,ext,blob,348181e34a07b750ffa8703bed1ac82d1b7f6cbd,pending-review,,
ext/scintilla/src/EditView.h,ext,blob,7ab52cf16318bcc5d0600d88c9cf002f6b13be42,pending-review,,
ext/scintilla/src/Editor.cxx,ext,blob,29892f1497652eaa6f478320f6805762319db8bb,pending-review,,
ext/scintilla/src/Editor.h,ext,blob,f5d8f02f035bd56849c3c56c4851007818fd7f4b,pending-review,,
ext/scintilla/src/ElapsedPeriod.h,ext,blob,d7ce9352052ef1d105ffc31c690658fcd9158bfd,pending-review,,
ext/scintilla/src/Geometry.cxx,ext,blob,d21dd7a5bfb7fe04b44c4c3d4ab2b54789960f7d,pending-review,,
ext/scintilla/src/Geometry.h,ext,blob,daba0b509302a41f41bcd75e11bc5db43357cc52,pending-review,,
ext/scintilla/src/Indicator.cxx,ext,blob,2f9a98041b187d89801e2a50d3af2715e95f1876,pending-review,,
ext/scintilla/src/Indicator.h,ext,blob,c55ec189a32f3bdf224ce7abe1ca1a29cf8c1411,pending-review,,
ext/scintilla/src/KeyMap.cxx,ext,blob,5047886922c90099a42c01f1cc09a4d6e38a531a,pending-review,,
ext/scintilla/src/KeyMap.h,ext,blob,7b074c6177bf87ce81cf683a44371a1f551bf11c,pending-review,,
ext/scintilla/src/LineMarker.cxx,ext,blob,442b63d99b81b1751ac4b68a774ccc0676b8e5e0,pending-review,,
ext/scintilla/src/LineMarker.h,ext,blob,e21395711a2cb2330bde5de85e9d3d2d6e1354ad,pending-review,,
ext/scintilla/src/MarginView.cxx,ext,blob,d44bfd2c45bba6912dd07b328bd1557fb292bdb9,pending-review,,
ext/scintilla/src/MarginView.h,ext,blob,ea4fd2a4f0d40ce2d6cc6d5456c094c4ceb51a25,pending-review,,
ext/scintilla/src/Partitioning.h,ext,blob,31e5beb32ed420b489ccbed759965db27c3cedaf,pending-review,,
ext/scintilla/src/PerLine.cxx,ext,blob,14740bf0b592346c9ef5de98766f2b9ea9e41c4f,pending-review,,
ext/scintilla/src/PerLine.h,ext,blob,5e313e0d9e81a873fb0d6adb3d7bf3ee41dc4cac,pending-review,,
ext/scintilla/src/Platform.h,ext,blob,e6dc322caf32b2a4f12e9369e4f04ee3c66acc4d,pending-review,,
ext/scintilla/src/Position.h,ext,blob,f4d195a166bad001b3e0d31c6bdbef2280d5ce99,pending-review,,
ext/scintilla/src/PositionCache.cxx,ext,blob,8e33b7ab5329dd581734cfea3a0c21c3bc8bf38b,pending-review,,
ext/scintilla/src/PositionCache.h,ext,blob,d4db846a65183e58030970e820a0ca0087eec2e7,pending-review,,
ext/scintilla/src/RESearch.cxx,ext,blob,f4974c59bb8c3f19a5cc8018c3670576f788f35d,pending-review,,
ext/scintilla/src/RESearch.h,ext,blob,a232d4506ee314d18a901f147dfd7a4bb91e16dc,pending-review,,
ext/scintilla/src/RunStyles.cxx,ext,blob,e4932c06627c344681cc956d909203be66997556,pending-review,,
ext/scintilla/src/RunStyles.h,ext,blob,2ce6f83b9abba32592cdbf6fc7d0bf96f4a533a7,pending-review,,
ext/scintilla/src/SciTE.properties,ext,blob,05c93b3019bb0e02ebdd9971dca282fb5130b5a2,pending-review,,
ext/scintilla/src/ScintillaBase.cxx,ext,blob,dd2574dea59312f53244305098fff98f43726457,pending-review,,
ext/scintilla/src/ScintillaBase.h,ext,blob,2e0f9da0e7168b23a5d1d9a48fe66200f6d86bd8,pending-review,,
ext/scintilla/src/Selection.cxx,ext,blob,9f26d878d34d29671ad7e2b2831c4efdff5622bf,pending-review,,
ext/scintilla/src/Selection.h,ext,blob,806c1271219453787a4c9f6a0c4af89fc8ca08e5,pending-review,,
ext/scintilla/src/SparseVector.h,ext,blob,fc5f8afbf3975f98029e57330e06c7b8b3a9c5c1,pending-review,,
ext/scintilla/src/SplitVector.h,ext,blob,6a9a8b25d3273585f93a2032902cdffd81c62136,pending-review,,
ext/scintilla/src/Style.cxx,ext,blob,0785095304bdc7fbdd111e6a46d1353f67b3bdd7,pending-review,,
ext/scintilla/src/Style.h,ext,blob,301e92dfce06333fe55b9e239badbacf37494e9a,pending-review,,
ext/scintilla/src/UndoHistory.cxx,ext,blob,5282111254273709c26eb351c8b2d72c9fb0fdaf,pending-review,,
ext/scintilla/src/UndoHistory.h,ext,blob,73fb8f322b8e10a0efc3763e87943f5afcf94097,pending-review,,
ext/scintilla/src/UniConversion.cxx,ext,blob,04012cd81166211f1e6771b710759046cf0fc2e4,pending-review,,
ext/scintilla/src/UniConversion.h,ext,blob,64e454105ba5344569afd37b9e73bc1e24190dd5,pending-review,,
ext/scintilla/src/UniqueString.cxx,ext,blob,a03e8a5b2599c99f06f45f0f085592cb7195addb,pending-review,,
ext/scintilla/src/UniqueString.h,ext,blob,299cd820347d0c6a54c947d88f4a1c5d508e5bfc,pending-review,,
ext/scintilla/src/ViewStyle.cxx,ext,blob,d4e197bd6765f15f3baf79d7a6ce2ebbc252c312,pending-review,,
ext/scintilla/src/ViewStyle.h,ext,blob,33da438c9ff818f83d71523028028a065ced89f1,pending-review,,
ext/scintilla/src/XPM.cxx,ext,blob,bc9f38ad3210379509b119514f3b4f2ff1a91c49,pending-review,,
ext/scintilla/src/XPM.h,ext,blob,3fa3189a225dd5465ade68ea242eeb954a7ad453,pending-review,,
ext/scintilla/tortoisegit.txt,ext,blob,c0666dbea9e0adb011e163a4f3d59f944005e516,pending-review,,
ext/scintilla/version.txt,ext,blob,271e219bc0b8b89a566aeecd1e1709868d7a17cd,pending-review,,
ext/scintilla/win32/DepGen.py,ext,blob,d53cbe21778652c0218efe98baa89bfe1f65ffd4,pending-review,,
ext/scintilla/win32/HanjaDic.cxx,ext,blob,1eb3a1e42e2900342f783ddc27da2f27ec4ec4d7,pending-review,,
ext/scintilla/win32/HanjaDic.h,ext,blob,bdb65fc20782d8a08a816d9e746544f1931c6d8f,pending-review,,
ext/scintilla/win32/ListBox.cxx,ext,blob,5e58ab98010c667aaf1ba28303f7fab9b433f40e,pending-review,,
ext/scintilla/win32/ListBox.h,ext,blob,412b2fcaf5b6e6cd627886bdb25f8a67d79be821,pending-review,,
ext/scintilla/win32/PlatWin.cxx,ext,blob,0f2cb5bc9f9d744e4f193a16db80fb6fb8334fdb,pending-review,,
ext/scintilla/win32/PlatWin.h,ext,blob,29dae1b200d90966cdb1a610b434d40c8edea69e,pending-review,,
ext/scintilla/win32/SciTE.properties,ext,blob,d90fa095dec61e94d97f1a7c2932634051f5a5de,pending-review,,
ext/scintilla/win32/ScintRes.rc,ext,blob,bc54b95fde945d35170014093e3c9d909791d527,pending-review,,
ext/scintilla/win32/Scintilla.def,ext,blob,9ddb3c5ad9477c34bc97b766d1e0c0799d5f2cad,pending-review,,
ext/scintilla/win32/Scintilla.vcxproj,ext,blob,21fcfc2a6103adc25d050d99d9076db8dfa851e6,pending-review,,
ext/scintilla/win32/ScintillaDLL.cxx,ext,blob,a4a73e3cdb8e3986167f3684949609e5f7118928,pending-review,,
ext/scintilla/win32/ScintillaWin.cxx,ext,blob,e0963388efed1050584ebed31772821bf4eab92f,pending-review,,
ext/scintilla/win32/ScintillaWin.h,ext,blob,a89b49f77347a0c6d439831ac1192df2416d76b3,pending-review,,
ext/scintilla/win32/SurfaceD2D.cxx,ext,blob,85b67358dba16fc3699a3ce5efe85aba4ffb83a4,pending-review,,
ext/scintilla/win32/SurfaceD2D.h,ext,blob,aad7be37e006a9939cd9fd1566d1bb927eec70cb,pending-review,,
ext/scintilla/win32/SurfaceGDI.cxx,ext,blob,509ae9a7e8408779b79e5e49160194290f7264a7,pending-review,,
ext/scintilla/win32/SurfaceGDI.h,ext,blob,c18076bfa899b0a5f647b70b541d493d8cde6d1a,pending-review,,
ext/scintilla/win32/WinTypes.h,ext,blob,e0a455aef45e2713ce4e7195420af9a6bbab2d15,pending-review,,
ext/scintilla/win32/deps.mak,ext,blob,bdc50abd3dd4cf13297c4861ab9558116137ddf7,pending-review,,
ext/scintilla/win32/makefile,ext,blob,fa67f0ab77d3aa168738ce8be49d44bac4a51b68,pending-review,,
ext/scintilla/win32/nmdeps.mak,ext,blob,750ff1c5937739710fb49c8d8fda3b3adfd7bad1,pending-review,,
ext/scintilla/win32/scintilla.mak,ext,blob,489d6500961ce9ef3d661de1091667b815d644ed,pending-review,,
ext/simpleini,ext,commit,fd6db69efc40a687bf4ef81486b54066e34992dd,pending-review,,
ext/spell,ext,commit,93d537dc6afb0130de3da75d42c070ac267db957,pending-review,,
ext/tgit,ext,commit,c4ee085b8d11b2ddb6db739e2b63345911a40ff9,pending-review,,
ext/zlib,ext,commit,da607da739fa6047df13e66a2af6b8bec7c2a498,pending-review,,
release.txt,release.txt,blob,767949b2e236f6741d98a28dedcad4a4e5dca3eb,pending-review,,
src/.clang-format,.clang-format,blob,68553217fbfadcebcf4e2a4feed7e16bc56d804c,pending-review,,
src/AsyncFramework/.editorconfig,AsyncFramework,blob,7d19c3e90e527f03580e10577d306c6507b7667c,pending-review,,
src/AsyncFramework/AsyncCall.h,AsyncFramework,blob,51c79145af4561f285f9b98516611137dcc29e05,pending-review,,
src/AsyncFramework/AsyncFramework.vcxproj,AsyncFramework,blob,51d3bf35003eaa0bdc426ee484c5eec752cd2cc3,pending-review,,
src/AsyncFramework/AsyncFramework.vcxproj.filters,AsyncFramework,blob,2230697c78df2171db462b40aef4e82337858864,pending-review,,
src/AsyncFramework/CriticalSection.cpp,AsyncFramework,blob,5967b5496821916c849bac87acad155dece480da,pending-review,,
src/AsyncFramework/CriticalSection.h,AsyncFramework,blob,32fde80de74533c5aef819277d41f1d2427e4fa8,pending-review,,
src/AsyncFramework/Future.h,AsyncFramework,blob,9d161cf530bce3482aedd4e2110e02156750a0e8,pending-review,,
src/AsyncFramework/IJob.h,AsyncFramework,blob,2381533ce304992c671e5452253aaa2dbab3f8d1,pending-review,,
src/AsyncFramework/JobBase.cpp,AsyncFramework,blob,d3eb3eef3841e0c5b6ac564670261049f55e4045,pending-review,,
src/AsyncFramework/JobBase.h,AsyncFramework,blob,3cc0bd196798b973fe4c9feb2dd60b330b9446d5,pending-review,,
src/AsyncFramework/JobScheduler.cpp,AsyncFramework,blob,d84ada381156517de618308f82a4a77d50078d72,pending-review,,
src/AsyncFramework/JobScheduler.h,AsyncFramework,blob,3b267ce19f176060464c9eaccbf94ad2a6b0599e,pending-review,,
src/AsyncFramework/SchedulerSuspension.h,AsyncFramework,blob,65fefddc3c532fc1b6b6f4659ec8c51e1a6da36f,pending-review,,
src/AsyncFramework/Thread.cpp,AsyncFramework,blob,a36406f5c844059bbaad6bd734d85f8ed3f15e2c,pending-review,,
src/AsyncFramework/Thread.h,AsyncFramework,blob,8aa865c506d08e2db370825db3d28aa5771ca2c6,pending-review,,
src/AsyncFramework/WaitableEvent.cpp,AsyncFramework,blob,7e8940ca113a149cb012afc0513f96c61e67d218,pending-review,,
src/AsyncFramework/WaitableEvent.h,AsyncFramework,blob,31067f6a048fca0768766f45589a67c3e88e63f0,pending-review,,
src/AsyncFramework/stdafx.cpp,AsyncFramework,blob,9ac47843e761a40efff51853ff80eb53847ebfcc,pending-review,,
src/AsyncFramework/stdafx.h,AsyncFramework,blob,85acdab9f30efe6287ae6643fe17185131e504a0,pending-review,,
src/Changelog-pre1.8.txt,Changelog-pre1.8.txt,blob,eb301a6cea47438781006929ac2eca66350609e7,pending-review,,
src/Changelog-pre2.0.txt,Changelog-pre2.0.txt,blob,adaf1d4df76f56fb39afec322d4fd4153cf3faa9,pending-review,,
src/Changelog.txt,Changelog.txt,blob,45d7019b7faaa419941d9be2cdb740e41916e867,pending-review,,
src/Debug-Hints.txt,Debug-Hints.txt,blob,6ae4ecc4c9ccee7597284145ffee70e62819ab82,pending-review,,
src/Git/Git.cpp,Git,blob,43dee91dbf94e46564b4cc1a139717fcbd8f6803,pending-review,,
src/Git/Git.h,Git,blob,493a1e5511c8a4e874caa887d1361a6af9088fe6,pending-review,,
src/Git/GitAdminDir.cpp,Git,blob,985eb4e063adf8cf8a59744c917b2c3ec4e780bd,pending-review,,
src/Git/GitAdminDir.h,Git,blob,d6a698fb7800723c0cf7351660cb9065db5ef03e,pending-review,,
src/Git/GitDataObject.cpp,Git,blob,3ba63178f14e6f9102f87a9a7d97080c8162282c,pending-review,,
src/Git/GitDataObject.h,Git,blob,2d75b20c4a079a6eb3feaaea3101ef6fd661ab87,pending-review,,
src/Git/GitFolderStatus.cpp,Git,blob,cfe1a6648ca326c56a3ba8a5ddf6eb56ac0511e4,pending-review,,
src/Git/GitFolderStatus.h,Git,blob,c2549ba7fa1f08fc1d3fa4a7bc58a4c657209334,pending-review,,
src/Git/GitForWindows.h,Git,blob,6d82e3ab7b507575347953b5d8c422d9d680397e,pending-review,,
src/Git/GitHash.h,Git,blob,64e22860197c07564ec8bd3eff02a64cdff7ba8f,pending-review,,
src/Git/GitIndex.cpp,Git,blob,c4330cf9c921a46eceadab48e088d7388a8bffdf,pending-review,,
src/Git/GitMailmap.cpp,Git,blob,8e1c9d622a2c74922dadd4caaf6dbfb2297739ae,pending-review,,
src/Git/GitMailmap.h,Git,blob,03ff8f5457b59a4dc0314d0c74ca8ffec667d912,pending-review,,
src/Git/GitPatch.cpp,Git,blob,5dd70de4a8c898ae80a229aabd82832e7b590d1f,pending-review,,
src/Git/GitPatch.h,Git,blob,4dc2454992bffd83f7fb072b3a9e294e083ce707,pending-review,,
src/Git/GitRev.cpp,Git,blob,2d83c9ca0df508c45f11b89014987830af458cf4,pending-review,,
src/Git/GitRev.h,Git,blob,da9030690f1f6400912d9443a2c231ef526112f5,pending-review,,
src/Git/GitRevLoglist.cpp,Git,blob,252a5b591b9d5ee7c46539b9f6bfb74235d6845c,pending-review,,
src/Git/GitRevLoglist.h,Git,blob,e9d652c2ab1abd86e61bd452e9488b633163bc6c,pending-review,,
src/Git/GitRevRefBrowser.cpp,Git,blob,9f52554f338a85531703cfffe20899888f7093ae,pending-review,,
src/Git/GitRevRefBrowser.h,Git,blob,ffb10ff4a736fefc3823a4c5466a6cadec4d9c5f,pending-review,,
src/Git/GitStatus.cpp,Git,blob,a5b88525b5bae85c985922f9306bcfaeb7e879df,pending-review,,
src/Git/GitStatus.h,Git,blob,6c510b4306d177685bb4bc25fb20a081659e6d6f,pending-review,,
src/Git/GitStatusListCtrl.cpp,Git,blob,bb3424966659715269d38fca610c8d46810b0b15,pending-review,,
src/Git/GitStatusListCtrl.h,Git,blob,e5d280386a15ae91f66869525dd5eb0ef55c18d4,pending-review,,
src/Git/MassiveGitTaskBase.cpp,Git,blob,68350603eac0a04f3df40577fb844b6b6ae40a9f,pending-review,,
src/Git/MassiveGitTaskBase.h,Git,blob,7d5c8aa473f6c3cd865f22eb178498bbb9c605c2,pending-review,,
src/Git/TGitPath.cpp,Git,blob,312f765756181b69ef0421d6c681b1aa7ff6ebb2,pending-review,,
src/Git/TGitPath.h,Git,blob,c4330e13c511b08b66e09a521df4dd02e755526e,pending-review,,
src/Git/gitindex.h,Git,blob,e9abd1578755c1afea4ac5fda67a53a9eefdf557,pending-review,,
src/Git/gittype.h,Git,blob,0c812579f2c13bbbb0d018f17b7d7f0b2bc39bf5,pending-review,,
src/GitWCRev/GitWCRev.cpp,GitWCRev,blob,2583108d9784275a11c52867e9ae1bf83c2648a6,pending-review,,
src/GitWCRev/GitWCRev.h,GitWCRev,blob,129cbc0acaf09195e3258910b1a38ba3ab3fe0c7,pending-review,,
src/GitWCRev/GitWCRev.ico,GitWCRev,blob,5ae9c4f0449839efd899caadb9ec2f70b6fcf9bb,pending-review,,
src/GitWCRev/GitWCRev.rc,GitWCRev,blob,db6c228a6b3702a0003b39b0f8a250a2812f03fa,pending-review,,
src/GitWCRev/GitWCRev.rc2,GitWCRev,blob,bffc70e616403da5c9962fbd4c868e69584162c2,pending-review,,
src/GitWCRev/GitWCRev.vcxproj,GitWCRev,blob,50691b606c5203253e3723824e9dee1c75b6de44,pending-review,,
src/GitWCRev/GitWCRev.vcxproj.filters,GitWCRev,blob,b67d73070926abe83d0d9268e5e3be3d13be8cc9,pending-review,,
src/GitWCRev/GitWCRevCOM.cpp,GitWCRev,blob,f237269faf39d89843e957c09b7036517c3f91f3,pending-review,,
src/GitWCRev/GitWCRevCOM.h,GitWCRev,blob,2df78ecd7bb1ba220b755f35b2eda6ee1dd4a727,pending-review,,
src/GitWCRev/GitWCRevCOM.idl,GitWCRev,blob,7ff0dfc33553802be74f5617b6ce670fc4b15dd8,pending-review,,
src/GitWCRev/GitWCRevCOM.rc,GitWCRev,blob,c591ce1cdc9f8437396ff89cbe3826d235b1c8f3,pending-review,,
src/GitWCRev/GitWCRevCOM.vcxproj,GitWCRev,blob,fd0f1d903aedd7759fe40f067c733721bb2afc08,pending-review,,
src/GitWCRev/GitWCRevCOM.vcxproj.filters,GitWCRev,blob,dfd4601fd626e4ffeee7beef00326d2818f7710d,pending-review,,
src/GitWCRev/Register.cpp,GitWCRev,blob,a3f9e1e731145872c9cf86bca18922210f08b4b0,pending-review,,
src/GitWCRev/Register.h,GitWCRev,blob,f276d216d7bb6e9ba1eabcb8d66e4bfc66157384,pending-review,,
src/GitWCRev/Test.bat,GitWCRev,blob,766e7aa7e3dc677efcf25f0cce8b451f6c7392e1,pending-review,,
src/GitWCRev/Test.tmpl,GitWCRev,blob,82b7065d91c37f50c1d57de73a5c91a6565b7137,pending-review,,
src/GitWCRev/TestW.tmpl,GitWCRev,blob,e0e5b5b748c1c10221d3a59f4ac1dbe3149ad1f2,pending-review,,
src/GitWCRev/resource.h,GitWCRev,blob,77244ee21006dadaaf49cf02204d45c5aaff18b1,pending-review,,
src/GitWCRev/resourcecom.h,GitWCRev,blob,7e9ddfb2521cac31e2615ef6a508261d104c9d79,pending-review,,
src/GitWCRev/status.cpp,GitWCRev,blob,a186975cd08b90e7d583473da70eb25f812a0a7a,pending-review,,
src/GitWCRev/status.h,GitWCRev,blob,3092e6a8cef23390295e82213f7111c5b94269c7,pending-review,,
src/GitWCRev/stdafx.cpp,GitWCRev,blob,768411174a1ee87f35c51143f823cd18e9078e92,pending-review,,
src/GitWCRev/stdafx.h,GitWCRev,blob,d452b2fdafc0497e3e9687c4a14f723ce8452de6,pending-review,,
src/GitWCRev/testCOM.js,GitWCRev,blob,ae0d67756afe52f721391dd818a0bbf6612fa17f,pending-review,,
src/GitWCRev/testCOMMemory.js,GitWCRev,blob,05b7d8437793917742e4cd819a459d41a047bb64,pending-review,,
src/IBugTraqProvider/IBugTraqProvider.idl,IBugTraqProvider,blob,36cbeaded03ac7538671a8249f880a0975874029,pending-review,,
src/IBugTraqProvider/IBugTraqProvider.vcxproj,IBugTraqProvider,blob,ffd4a0d2356745061adc34a3389d56b10fb8ecab,pending-review,,
src/IBugTraqProvider/IBugTraqProvider.vcxproj.filters,IBugTraqProvider,blob,249b7bf8f4f89ecab12a40b13cab864095da6215,pending-review,,
src/IBugTraqProvider/dlldata.c,IBugTraqProvider,blob,1b4fcc9cdc21ed37bcfeb5aa228b69c53bad7d7d,pending-review,,
src/ResText/POFile.cpp,ResText,blob,b9839754d77e5471522911d119c9620eceba58c3,pending-review,,
src/ResText/POFile.h,ResText,blob,fd2f5cf56ad9c65e1b43c1a16f42b86845986fab,pending-review,,
src/ResText/ResModule.cpp,ResText,blob,c505e816ff6a50721616b18e19d88db3275fed09,pending-review,,
src/ResText/ResModule.h,ResText,blob,0c3cad3d393c846b96a72b02b27965376575ab9a,pending-review,,
src/ResText/ResText.cpp,ResText,blob,d99fb0b8ec18671252135e7f04caae92cd728e71,pending-review,,
src/ResText/ResText.rc2,ResText,blob,2af2c0031f17e8bbcb1cec3fd3d2cf369367df0f,pending-review,,
src/ResText/ResText.vcxproj,ResText,blob,a031003e4a7512dc37b458586f069de48964146f,pending-review,,
src/ResText/ResText.vcxproj.filters,ResText,blob,13d6259fa8730936f7c7edb613f0bf44bf735e81,pending-review,,
src/ResText/Utils.cpp,ResText,blob,9dc90114a8dfef36da2493035219485e7c27e0db,pending-review,,
src/ResText/Utils.h,ResText,blob,b2456729a147cfe3d6070849b2c7ffe6b821edd5,pending-review,,
src/ResText/codecvt.cpp,ResText,blob,7a50c938ee7dc1baf778fba8af97deec3d64bf9e,pending-review,,
src/ResText/codecvt.h,ResText,blob,3f6503e1c214eb5792580766e108ab4c83c57d69,pending-review,,
src/ResText/stdafx.cpp,ResText,blob,b48f8617600caaf2de91f7d9ef15e2df21985f9e,pending-review,,
src/ResText/stdafx.h,ResText,blob,8ab3a47a4a8d29efb00e631b0f947681bd41bf2e,pending-review,,
src/Resources/AddBackground.ico,Resources,blob,38835880f0de27f937d56c67483ec9b996dd20f2,pending-review,,
src/Resources/CFMBackground.ico,Resources,blob,59d7c6677bab25f5f2a72c6fe0739002136ed551,pending-review,,
src/Resources/CommitBackground.ico,Resources,blob,30d5261bcc38624e18bf5797bffff6f8dd59d276,pending-review,,
src/Resources/Drives.ico,Resources,blob,16667282b795a14c9474ddfbf1133b2d62d5026f,pending-review,,
src/Resources/Icons/Blip Clean/AddedIcon.ico,Resources,blob,af5acb00384580f9b3b1cb3729d6e14021578ab7,pending-review,,
src/Resources/Icons/Blip Clean/ConflictIcon.ico,Resources,blob,74c40393ad567613103cca867ff85f7487da26d2,pending-review,,
src/Resources/Icons/Blip Clean/DeletedIcon.ico,Resources,blob,67c8d0e45c7a213f78f860a468c2dccfa2a93fe9,pending-review,,
src/Resources/Icons/Blip Clean/IgnoredIcon.ico,Resources,blob,e2e7203d4ae7154d276bd53e66a0be6adb2b4c42,pending-review,,
src/Resources/Icons/Blip Clean/LockedIcon.ico,Resources,blob,7eb44abf6ec04987a98e402bb8b4e5ea15dcb921,pending-review,,
src/Resources/Icons/Blip Clean/ModifiedIcon.ico,Resources,blob,f122f6f336f56502a2465db96cbdda02e8db970b,pending-review,,
src/Resources/Icons/Blip Clean/NormalIcon.ico,Resources,blob,efc40f85df4fc3ba424132b4780efcc81077aa41,pending-review,,
src/Resources/Icons/Blip Clean/ReadOnlyIcon.ico,Resources,blob,c8bcfab5c2740a440028e22168b894e0a8d1da24,pending-review,,
src/Resources/Icons/Blip Clean/UnversionedIcon.ico,Resources,blob,2208c8a645273fe870be5bc08bdf7267c21b5751,pending-review,,
src/Resources/Icons/Blip/AddedIcon.ico,Resources,blob,af5acb00384580f9b3b1cb3729d6e14021578ab7,pending-review,,
src/Resources/Icons/Blip/ConflictIcon.ico,Resources,blob,74c40393ad567613103cca867ff85f7487da26d2,pending-review,,
src/Resources/Icons/Blip/DeletedIcon.ico,Resources,blob,67c8d0e45c7a213f78f860a468c2dccfa2a93fe9,pending-review,,
src/Resources/Icons/Blip/IgnoredIcon.ico,Resources,blob,e2e7203d4ae7154d276bd53e66a0be6adb2b4c42,pending-review,,
src/Resources/Icons/Blip/LockedIcon.ico,Resources,blob,7eb44abf6ec04987a98e402bb8b4e5ea15dcb921,pending-review,,
src/Resources/Icons/Blip/ModifiedIcon.ico,Resources,blob,5ecc98ad4dfb046546ac5b00999c3539dc2bf566,pending-review,,
src/Resources/Icons/Blip/NormalIcon.ico,Resources,blob,30e34c696ef8df934a5d34116de297801b53f21e,pending-review,,
src/Resources/Icons/Blip/ReadOnlyIcon.ico,Resources,blob,c8bcfab5c2740a440028e22168b894e0a8d1da24,pending-review,,
src/Resources/Icons/Blip/UnversionedIcon.ico,Resources,blob,2208c8a645273fe870be5bc08bdf7267c21b5751,pending-review,,
src/Resources/Icons/CVSClassic/AddedIcon.ico,Resources,blob,aae0fe5e4fa74e7cf882f9ccbe56030cad24da6e,pending-review,,
src/Resources/Icons/CVSClassic/ConflictIcon.ico,Resources,blob,3859bac4399b8ee4794170afe62fb058c2a2e676,pending-review,,
src/Resources/Icons/CVSClassic/DeletedIcon.ico,Resources,blob,311bf0a78df29f4d9fb35309e35c5c69c6979169,pending-review,,
src/Resources/Icons/CVSClassic/IgnoredIcon.ico,Resources,blob,f8bd7531e94c7464c4c9354ea72fd7d580df6864,pending-review,,
src/Resources/Icons/CVSClassic/LockedIcon.ico,Resources,blob,e9b8bc1cb7967d8af94b3d0cc7557632348bb3e1,pending-review,,
src/Resources/Icons/CVSClassic/ModifiedIcon.ico,Resources,blob,624239f2079038b20edacae8ae73666ebe1068d0,pending-review,,
src/Resources/Icons/CVSClassic/NormalIcon.ico,Resources,blob,5dc76ed51c1ad0ab83efb31d10e091827ecea502,pending-review,,
src/Resources/Icons/CVSClassic/ReadOnlyIcon.ico,Resources,blob,e9b8bc1cb7967d8af94b3d0cc7557632348bb3e1,pending-review,,
src/Resources/Icons/CVSClassic/UnversionedIcon.ico,Resources,blob,8f34b571a340a396fe3914d92aba472fa88edb4d,pending-review,,
src/Resources/Icons/DechenesVista/AddedIcon.ico,Resources,blob,730497609896b3b03363f8ce13411d5a3e996e65,pending-review,,
src/Resources/Icons/DechenesVista/ConflictIcon.ico,Resources,blob,f6b8837253f4c9f350c05917d0c6fb65ef3e3072,pending-review,,
src/Resources/Icons/DechenesVista/DeletedIcon.ico,Resources,blob,e7ab181196b2c6b3f60f74a17c3164934be0a3b2,pending-review,,
src/Resources/Icons/DechenesVista/IgnoredIcon.ico,Resources,blob,284be1341d3206ca8ab5d4ff683c5605c0ae17d5,pending-review,,
src/Resources/Icons/DechenesVista/LockedIcon.ico,Resources,blob,19fbb3b9b0eaa05db4f1b4b37a31d54ed2abf0be,pending-review,,
src/Resources/Icons/DechenesVista/ModifiedIcon.ico,Resources,blob,e65306134be5916e16d1ed15ab70b21e4ebee34d,pending-review,,
src/Resources/Icons/DechenesVista/NormalIcon.ico,Resources,blob,04534f3041cb64d05b5cdc053f3df2d5f64a5c4c,pending-review,,
src/Resources/Icons/DechenesVista/ReadOnlyIcon.ico,Resources,blob,635c5ca7ef106c7627a8b5c552201e0313b4b69f,pending-review,,
src/Resources/Icons/DechenesVista/UnversionedIcon.ico,Resources,blob,d57a6a873d09195735175aa6fdeefea970b12bab,pending-review,,
src/Resources/Icons/DechenesVista/readme.txt,Resources,blob,777644fbe945f4df0c83ae7452d25f05ff973e91,pending-review,,
src/Resources/Icons/DechenesXp/AddedIcon.ico,Resources,blob,930b4ca5e71dff581738144b1e562397e1e8dfde,pending-review,,
src/Resources/Icons/DechenesXp/ConflictIcon.ico,Resources,blob,fdf75ac01937c94b1971ef781a7f4157ea645766,pending-review,,
src/Resources/Icons/DechenesXp/DeletedIcon.ico,Resources,blob,8f1e38ebcc0e48d5f3d7542780387fe97e2eb784,pending-review,,
src/Resources/Icons/DechenesXp/IgnoredIcon.ico,Resources,blob,59e99d86602783e883cdc85fd4d895b95948e88f,pending-review,,
src/Resources/Icons/DechenesXp/LockedIcon.ico,Resources,blob,1b27a56653229f61c026b6f72482e99956bd275f,pending-review,,
src/Resources/Icons/DechenesXp/ModifiedIcon.ico,Resources,blob,981596627a7e2ef650837e2887e922012c385550,pending-review,,
src/Resources/Icons/DechenesXp/NormalIcon.ico,Resources,blob,8900ef2adfc6164f56bb746c922bfbc321466e2f,pending-review,,
src/Resources/Icons/DechenesXp/ReadOnlyIcon.ico,Resources,blob,340016ac345f28b5de21637cc0a43b438bdaf644,pending-review,,
src/Resources/Icons/DechenesXp/UnversionedIcon.ico,Resources,blob,473da3c9d463d029493f151f78acad289aeac588,pending-review,,
src/Resources/Icons/DechenesXp/readme.txt,Resources,blob,777644fbe945f4df0c83ae7452d25f05ff973e91,pending-review,,
src/Resources/Icons/Flat/AddedIcon.ico,Resources,blob,8e06230de985250737721972effb2142c9a6b456,pending-review,,
src/Resources/Icons/Flat/ConflictIcon.ico,Resources,blob,89c34daefe88d5f00eca085fb8ad9e2cee2bc4f8,pending-review,,
src/Resources/Icons/Flat/DeletedIcon.ico,Resources,blob,e7a98220860286dff697795743559ec0ffeed695,pending-review,,
src/Resources/Icons/Flat/IgnoredIcon.ico,Resources,blob,3e9b8f64adc2b338ba74c64f88d0ed31b5df6840,pending-review,,
src/Resources/Icons/Flat/LockedIcon.ico,Resources,blob,9d4f54e59953ac84ede262b988dd0e6a16374884,pending-review,,
src/Resources/Icons/Flat/ModifiedIcon.ico,Resources,blob,d24a561f3c578b8c7916123c74f7fd53f45f3a97,pending-review,,
src/Resources/Icons/Flat/NormalIcon.ico,Resources,blob,a9e6fc5da49e2abb964b1bfc835f9c91b0ff79a5,pending-review,,
src/Resources/Icons/Flat/README.md,Resources,blob,242eb1804bb43f9b3c508da41378dddf63cac1f9,pending-review,,
src/Resources/Icons/Flat/ReadOnlyIcon.ico,Resources,blob,c18f2e1c69601d6b1fc77ce6ae429926cd2d6a95,pending-review,,
src/Resources/Icons/Flat/UnversionedIcon.ico,Resources,blob,6b5cc7f6954aa7700532112e1d3682afd5d068e2,pending-review,,
src/Resources/Icons/Function/AddedIcon.ico,Resources,blob,62846dbbb4d3e320b20a5eca9de7605b80232837,pending-review,,
src/Resources/Icons/Function/ConflictIcon.ico,Resources,blob,84eabfd727397f7b38a101d1ecf1e920ffcbb813,pending-review,,
src/Resources/Icons/Function/DeletedIcon.ico,Resources,blob,9c1c268c0d405c1a8470cbd7acd1d071b987fddd,pending-review,,
src/Resources/Icons/Function/IgnoredIcon.ico,Resources,blob,c68d7cdef9e5fae5fb8dc06b06cd1b7396fe12be,pending-review,,
src/Resources/Icons/Function/LockedIcon.ico,Resources,blob,de2b2a1150957d23b5c6181ffbc987a818702fa8,pending-review,,
src/Resources/Icons/Function/ModifiedIcon.ico,Resources,blob,ae43dc334c094490c0e1c22f1fb5f1e49c473e26,pending-review,,
src/Resources/Icons/Function/NormalIcon.ico,Resources,blob,c89fdde6dcaaa2b6c133019ac0154fce5d969c24,pending-review,,
src/Resources/Icons/Function/ReadOnlyIcon.ico,Resources,blob,05d20930dbc0676dcedbc1c0ac037ee4ec157a6e,pending-review,,
src/Resources/Icons/Function/Readme.txt,Resources,blob,c5b7eb29e8ed7b831d11d8b9668670b7f70cfbf6,pending-review,,
src/Resources/Icons/Function/UnversionedIcon.ico,Resources,blob,c48f1e1761e2d36220f4e87500e4796ec9a2a938,pending-review,,
src/Resources/Icons/Illustration/AddedIcon.ico,Resources,blob,18c3d54f9cfd37cd77aa2b9772a5fdd262f90704,pending-review,,
src/Resources/Icons/Illustration/ConflictIcon.ico,Resources,blob,2e8207579d355edb802471c47eb42081e0737683,pending-review,,
src/Resources/Icons/Illustration/DeletedIcon.ico,Resources,blob,519fa3ef1ed1d59731eb2221d3c9a7ea16b61c2f,pending-review,,
src/Resources/Icons/Illustration/IgnoredIcon.ico,Resources,blob,0615a0843bc21400cdf9cb1a83ccac82e531b8d9,pending-review,,
src/Resources/Icons/Illustration/LockedIcon.ico,Resources,blob,d557f23f5b9b1a726f7d783fb22894a37526826f,pending-review,,
src/Resources/Icons/Illustration/ModifiedIcon.ico,Resources,blob,2f73dd6358d2359de483b2d5a2e8bb3d453c0b8d,pending-review,,
src/Resources/Icons/Illustration/NormalIcon.ico,Resources,blob,633bbb79edf240743a64bf9dfe7887011b13dae7,pending-review,,
src/Resources/Icons/Illustration/README.md,Resources,blob,aa7a617a2bec1f2d5bc89debbc0847e7b1f676fe,pending-review,,
src/Resources/Icons/Illustration/ReadOnlyIcon.ico,Resources,blob,59e8feb78276eca039f61c70cb66d46fb7a384a3,pending-review,,
src/Resources/Icons/Illustration/UnversionedIcon.ico,Resources,blob,960f56ac6e1c39eb67467d42a49497febf8299ed,pending-review,,
src/Resources/Icons/Modern/AddedIcon.ico,Resources,blob,c514ced02d9a91987b43b919a81f2b21e9455027,pending-review,,
src/Resources/Icons/Modern/ConflictIcon.ico,Resources,blob,67f556fe81c5ae0d4c957abed1a7791e45302195,pending-review,,
src/Resources/Icons/Modern/DeletedIcon.ico,Resources,blob,8c9570ee595d0f9806b36c15ea0bcb297bb6f394,pending-review,,
src/Resources/Icons/Modern/IgnoredIcon.ico,Resources,blob,0a73df0909f6e16ff712d32dc7aa054b1fe93c06,pending-review,,
src/Resources/Icons/Modern/LockedIcon.ico,Resources,blob,db3be6e7bb1afbd659e41105eaa432cc7697b689,pending-review,,
src/Resources/Icons/Modern/ModifiedIcon.ico,Resources,blob,e66cf4af1bf80910ca3f283660761ff33787e4a1,pending-review,,
src/Resources/Icons/Modern/NormalIcon.ico,Resources,blob,54bed53a1c207b23389f40edea042a4716269922,pending-review,,
src/Resources/Icons/Modern/ReadOnlyIcon.ico,Resources,blob,16f60e139130cdd48091e5c9d044148b5c75ab21,pending-review,,
src/Resources/Icons/Modern/UnversionedIcon.ico,Resources,blob,5a62b535c3da9c22faa4052c631e95718a123f00,pending-review,,
src/Resources/Icons/MufWin7/AddedIcon.ico,Resources,blob,d6b3c38057208aaeb957b3c5601baca9f69fd9bc,pending-review,,
src/Resources/Icons/MufWin7/ConflictIcon.ico,Resources,blob,332f7a1bc77b6605cb995b76d1ccf85a8ea98005,pending-review,,
src/Resources/Icons/MufWin7/DeletedIcon.ico,Resources,blob,dada5cb19e50bb9535882e0f3123dd0127638655,pending-review,,
src/Resources/Icons/MufWin7/IgnoredIcon.ico,Resources,blob,5b05dabc9006eb8777b2c19ec970cc172ea041a4,pending-review,,
src/Resources/Icons/MufWin7/LockedIcon.ico,Resources,blob,d9963edac3bf553ae1c3b9115b4524aa5c809437,pending-review,,
src/Resources/Icons/MufWin7/ModifiedIcon.ico,Resources,blob,ccb50324f3148ace2e8ddc5fa238934ae704c48f,pending-review,,
src/Resources/Icons/MufWin7/NormalIcon.ico,Resources,blob,05125e2cca51d93c582771dddffd2f3d0ce26f70,pending-review,,
src/Resources/Icons/MufWin7/ReadOnlyIcon.ico,Resources,blob,5559649de5403cce546549d50bc28506ad7b66aa,pending-review,,
src/Resources/Icons/MufWin7/UnversionedIcon.ico,Resources,blob,e66c78ac4e5a4162ab044719e8201f86dce4a716,pending-review,,
src/Resources/Icons/Professional/AddedIcon.ico,Resources,blob,22da28e5a8abb1ff1f8bf8625eb6ea0d137b3b0c,pending-review,,
src/Resources/Icons/Professional/ConflictIcon.ico,Resources,blob,e59b2cf5c015d9f33d0917eaab92980ed262b696,pending-review,,
src/Resources/Icons/Professional/DeletedIcon.ico,Resources,blob,5f9da9e40965b4ef00be5241926f34e5b43cf57a,pending-review,,
src/Resources/Icons/Professional/IgnoredIcon.ico,Resources,blob,09d0d486a54c8e31bd7e75d3bf8945b6d1e0620e,pending-review,,
src/Resources/Icons/Professional/LockedIcon.ico,Resources,blob,dd107030ac91c41d6ff0fa1ab9937bc8f0f1a17c,pending-review,,
src/Resources/Icons/Professional/ModifiedIcon.ico,Resources,blob,79898470ebe4869080370df70485696c1e401e55,pending-review,,
src/Resources/Icons/Professional/NormalIcon.ico,Resources,blob,c60d67a73cea1a1bce717f6ca4605d9a2e7698c8,pending-review,,
src/Resources/Icons/Professional/README.md,Resources,blob,2b5f5dad7a226c9cefec9082c964fc2f15c095bb,pending-review,,
src/Resources/Icons/Professional/ReadOnlyIcon.ico,Resources,blob,46b45fbb5321cc385bf07238e95a60d824da690a,pending-review,,
src/Resources/Icons/Professional/UnversionedIcon.ico,Resources,blob,a8a8e96cc01bc452550f7e22d646af53df66c059,pending-review,,
src/Resources/Icons/Ribbon/AddedIcon.ico,Resources,blob,12c47ceeee420b4b95594c6b3a35e86beff5a6c0,pending-review,,
src/Resources/Icons/Ribbon/ConflictIcon.ico,Resources,blob,2d48029301c0b8ecaac7cdbd2809a016747df40b,pending-review,,
src/Resources/Icons/Ribbon/DeletedIcon.ico,Resources,blob,658bb7e4f8897a6171216579cc01bebdfe2f7c09,pending-review,,
src/Resources/Icons/Ribbon/IgnoredIcon.ico,Resources,blob,51fe5e9d8424b4580a9fbb143e0c21d14c1cb3ac,pending-review,,
src/Resources/Icons/Ribbon/LockedIcon.ico,Resources,blob,913005ab068855aff6c6ae2448a5f2f8b18a84b3,pending-review,,
src/Resources/Icons/Ribbon/ModifiedIcon.ico,Resources,blob,7f60a2b0b676b1b2b897f4524ca02b63546301aa,pending-review,,
src/Resources/Icons/Ribbon/NormalIcon.ico,Resources,blob,c350b43683dd64e45ba0d1e65d92e8d6adf2aaaf,pending-review,,
src/Resources/Icons/Ribbon/README.md,Resources,blob,a1cd5b2b98f3626eaf558284acece7af3b22711e,pending-review,,
src/Resources/Icons/Ribbon/ReadOnlyIcon.ico,Resources,blob,6b209e9831b5e48f786a586d45d6191032e50613,pending-review,,
src/Resources/Icons/Ribbon/UnversionedIcon.ico,Resources,blob,4d46a2643d909eb2711a7a306e680ef8a000bd8d,pending-review,,
src/Resources/Icons/Straight/AddedIcon.ico,Resources,blob,db48eda459c659cf8f6b5b1ea871e0563ec1b747,pending-review,,
src/Resources/Icons/Straight/ConflictIcon.ico,Resources,blob,53dfd241d3efc5c57ef6eef2501c0bb6f877b169,pending-review,,
src/Resources/Icons/Straight/DeletedIcon.ico,Resources,blob,8ef05690c4fc5f8409e3fb11036acd64995820b4,pending-review,,
src/Resources/Icons/Straight/IgnoredIcon.ico,Resources,blob,0a73df0909f6e16ff712d32dc7aa054b1fe93c06,pending-review,,
src/Resources/Icons/Straight/LockedIcon.ico,Resources,blob,6fa801bf01866714da53aa1b580f44743f6338d7,pending-review,,
src/Resources/Icons/Straight/ModifiedIcon.ico,Resources,blob,16cf5865632a2a27277e497d94497bc1d9b77048,pending-review,,
src/Resources/Icons/Straight/NormalIcon.ico,Resources,blob,19ef3b0dcfaece70cd561758c1f62ce4bf89df01,pending-review,,
src/Resources/Icons/Straight/ReadOnlyIcon.ico,Resources,blob,cad2211b1ed357a195c702f46914926585050f82,pending-review,,
src/Resources/Icons/Straight/UnversionedIcon.ico,Resources,blob,5a62b535c3da9c22faa4052c631e95718a123f00,pending-review,,
src/Resources/Icons/Subclipse/AddedIcon.ico,Resources,blob,e1bb7e5fca7477409c6244c186f6c5f109c678a5,pending-review,,
src/Resources/Icons/Subclipse/ConflictIcon.ico,Resources,blob,79aecb192362f9e78cf0d82b722402d3c84251c2,pending-review,,
src/Resources/Icons/Subclipse/DeletedIcon.ico,Resources,blob,605b4f05e6ca2523275f4f93326b25536f755d8c,pending-review,,
src/Resources/Icons/Subclipse/IgnoredIcon.ico,Resources,blob,0a73df0909f6e16ff712d32dc7aa054b1fe93c06,pending-review,,
src/Resources/Icons/Subclipse/LockedIcon.ico,Resources,blob,de8ba1fd9038bf2be5901d6f5bbe7611df66bd13,pending-review,,
src/Resources/Icons/Subclipse/ModifiedIcon.ico,Resources,blob,5316d47b3bb8acf8dadeb82729a3cd94c2450554,pending-review,,
src/Resources/Icons/Subclipse/NormalIcon.ico,Resources,blob,fc66eebdda2357d7ecd119d81d875b8b6e3e6485,pending-review,,
src/Resources/Icons/Subclipse/ReadOnlyIcon.ico,Resources,blob,920c991e1341b9fc670c4d4b6867121aea0f3082,pending-review,,
src/Resources/Icons/Subclipse/UnversionedIcon.ico,Resources,blob,5a62b535c3da9c22faa4052c631e95718a123f00,pending-review,,
src/Resources/Icons/Win10/AddedIcon.ico,Resources,blob,ceacd9e1e9a7a25a0068b404bb75179d744f8a74,pending-review,,
src/Resources/Icons/Win10/ConflictIcon.ico,Resources,blob,ce27c3a425ab901c800039943614fdb551a416af,pending-review,,
src/Resources/Icons/Win10/DeletedIcon.ico,Resources,blob,7eb0f2d83365700210358cb094292050ea0e50a1,pending-review,,
src/Resources/Icons/Win10/IgnoredIcon.ico,Resources,blob,35dff8433397053b9ca38768189029b966dc88c2,pending-review,,
src/Resources/Icons/Win10/LockedIcon.ico,Resources,blob,c660ed3a571d2041e19feafeede3e448617c5b5e,pending-review,,
src/Resources/Icons/Win10/ModifiedIcon.ico,Resources,blob,0529c6122bdaecb0a787678f9789660ce009163c,pending-review,,
src/Resources/Icons/Win10/NormalIcon.ico,Resources,blob,d031fc67754a44190935df6d0880a10e28e551da,pending-review,,
src/Resources/Icons/Win10/ReadMe.txt,Resources,blob,b0876e5335d25d95bdd7ce5a4f6c5144bd763392,pending-review,,
src/Resources/Icons/Win10/ReadOnlyIcon.ico,Resources,blob,a574d5808854c6777dd7f2ef6ec57e7542f927a0,pending-review,,
src/Resources/Icons/Win10/UnversionedIcon.ico,Resources,blob,4c4f92af13ca919b6359e8cdc453f213c411b271,pending-review,,
src/Resources/Icons/XPStyle/AddedIcon.ico,Resources,blob,754923b5bdb794e5dc2838677385444a5b492e67,ported-artwork,Sources/TurtleGitCore/Resources/Icons/status-added.ico,Unchanged upstream ICO; AppKit decodes at native menu/badge size. GPL alternative; retained source license and provenance.
src/Resources/Icons/XPStyle/ConflictIcon.ico,Resources,blob,fcf36353a156885993f1cf3410978f7153a3c6ac,ported-artwork,Sources/TurtleGitCore/Resources/Icons/status-conflict.ico,Unchanged upstream ICO; AppKit decodes at native menu/badge size. GPL alternative; retained source license and provenance.
src/Resources/Icons/XPStyle/DeletedIcon.ico,Resources,blob,08c7b8e88e534deae07c31cbb26830afe045fe61,ported-artwork,Sources/TurtleGitCore/Resources/Icons/status-deleted.ico,Unchanged upstream ICO; AppKit decodes at native menu/badge size. GPL alternative; retained source license and provenance.
src/Resources/Icons/XPStyle/IgnoredIcon.ico,Resources,blob,0a73df0909f6e16ff712d32dc7aa054b1fe93c06,ported-artwork,Sources/TurtleGitCore/Resources/Icons/status-ignored.ico,Unchanged upstream ICO; AppKit decodes at native menu/badge size. GPL alternative; retained source license and provenance.
src/Resources/Icons/XPStyle/LockedIcon.ico,Resources,blob,be81378b1d1ffebb4bd43c378978084450057214,pending-review,,
src/Resources/Icons/XPStyle/ModifiedIcon.ico,Resources,blob,22c21d99207d8798887d1e60003ec9884fe5215a,ported-artwork,Sources/TurtleGitCore/Resources/Icons/status-modified.ico,Unchanged upstream ICO; AppKit decodes at native menu/badge size. GPL alternative; retained source license and provenance.
src/Resources/Icons/XPStyle/NormalIcon.ico,Resources,blob,8bbecdcc151ab75c57709daf845a0f57cb40bf7c,ported-artwork,Sources/TurtleGitCore/Resources/Icons/status-normal.ico,Unchanged upstream ICO; AppKit decodes at native menu/badge size. GPL alternative; retained source license and provenance.
src/Resources/Icons/XPStyle/ReadOnlyIcon.ico,Resources,blob,65b3abaa07308bfa488b2fa14537c2a7bfd9deb8,pending-review,,
src/Resources/Icons/XPStyle/UnversionedIcon.ico,Resources,blob,e9d7cc480a32bdc8bc29c709db2c13c028b4b756,ported-artwork,Sources/TurtleGitCore/Resources/Icons/status-unversioned.ico,Unchanged upstream ICO; AppKit decodes at native menu/badge size. GPL alternative; retained source license and provenance.
src/Resources/ImportPatchesBackground.ico,Resources,blob,465ec69be8c6b5e031071d0c0e056279ff6dccab,pending-review,,
src/Resources/LineEndingCR.ico,Resources,blob,1e03e5d1fc07f5535553db51fccf845d351e3d9e,pending-review,,
src/Resources/LineEndingCRLF.ico,Resources,blob,2da40371db64f721c814cac2b69e980d3b08316b,pending-review,,
src/Resources/LineEndingLF.ico,Resources,blob,b52e70aafe0d9bf024fd6d3264c9ea903bf0e9c1,pending-review,,
src/Resources/LockBackground.ico,Resources,blob,8aec8289cd1c2679e90f883ee93391056a4e3bd8,pending-review,,
src/Resources/LoglistCommonResource.h,Resources,blob,2adced95d44af2f4ce64a5ccb0f9ffa20b4efe8c,pending-review,,
src/Resources/Margin.cur,Resources,blob,6d23e61586ba6fd56ba1c99e9b098d2f34185d9c,pending-review,,
src/Resources/Overlays.ico,Resources,blob,8600ce4b2e7f8a1bb9acf9d47f8942d43f2588af,pending-review,,
src/Resources/Push.ico,Resources,blob,c97388bfd87aec915ee0e9bf019e20f4c686c439,ported-artwork,Sources/TurtleGitCore/Resources/Icons/Push.ico,Unchanged upstream ICO; AppKit decodes at native menu/badge size. GPL alternative; retained source license and provenance.
src/Resources/RegexFilter.ini,Resources,blob,acde44b5e3bc983b6e60b0d2bda8f4998cb48280,pending-review,,
src/Resources/RepoBrowserBackground.ico,Resources,blob,1a3dbbc55ec52cd0c349f3e2fd0cf1b820ec5fca,pending-review,,
src/Resources/ResolveBackground.ico,Resources,blob,0bdcf0ab250503bd7eec9ba3587be1172c4ba4e6,pending-review,,
src/Resources/RevertBackground.ico,Resources,blob,caf856995a5ba0982b26f05c46a7c937a3d36395,pending-review,,
src/Resources/SwitchBackground.ico,Resources,blob,6613ba27c69b70e8f7689ab5042697d782838dcb,pending-review,,
src/Resources/TGitHelpMapping.ini,Resources,blob,61d3d76a6bc630559fadd48761659a6d17c75d3c,pending-review,,
src/Resources/TGitMergeHelpMapping.ini,Resources,blob,2d8d98fc1e04e09878d4ec324982bcbbdde0d9b2,pending-review,,
src/Resources/Toolbar.bmp,Resources,blob,58b47cf4a33ef7de4b163f8a06038435b608654c,pending-review,,
src/Resources/Tortoise.ico,Resources,blob,fead950533f8dcd70f458ad7a31f64c63620a8cf,pending-review,,
src/Resources/TortoiseGitBlame.ico,Resources,blob,d5bb0080a003aa20230f0ea97f04fb4e40f9ec89,pending-review,,
src/Resources/TortoiseGitBlameENG.rc,Resources,blob,d102ab60b618610958f8a381e43b3e0743a1506b,pending-review,,
src/Resources/TortoiseGitMergeRibbon.xml,Resources,blob,908c3cdfb5433e70481a57d67cd15477776aa2d2,pending-review,,
src/Resources/TortoiseGitMerge_Logo.svgz,Resources,blob,0a49b983c9e7a5927c02c64420abfbcb38b50c88,pending-review,,
src/Resources/TortoiseGit_Logo.svgz,Resources,blob,747f733ef1b1e3eb9e82c00537ce5134202adf3f,pending-review,,
src/Resources/TortoiseLoglistCommon.rc2,Resources,blob,a174ae27ca959c289076127e729f58ba37bd2fd6,pending-review,,
src/Resources/TortoiseMerge.ico,Resources,blob,5aea4280b3ef5e0630ad9edd09e9129ad47dc343,pending-review,,
src/Resources/TortoiseMerge.rc2,Resources,blob,54c7f21b3692914d4c5d8d383ac1416c5bc755ed,pending-review,,
src/Resources/TortoiseMergeENG.rc,Resources,blob,b0c19b52528f5dc6a7adb62095e5cd7260abe5dd,pending-review,,
src/Resources/TortoiseProc.rc2,Resources,blob,d1b78016102a5b822c4f02128b2d6b64b4b4ee03,pending-review,,
src/Resources/TortoiseProcENG.rc,Resources,blob,c14c10664826999d31fcba652a0ea2157377a19f,pending-review,,
src/Resources/TortoiseShell.rc2,Resources,blob,d63472eb5289b6d8b0b80f115cbd53c7bb3731e6,pending-review,,
src/Resources/TortoiseSmall.ico,Resources,blob,45a49b67cc45fbb9517572166c4c7d5388e89c54,ported-artwork,Sources/TurtleGitCore/Resources/Icons/TortoiseSmall.ico,Unchanged upstream ICO; AppKit decodes at native menu/badge size. GPL alternative; retained source license and provenance.
src/Resources/UnlockBackground.ico,Resources,blob,1c8004f6d0d10f628ef170e2dd0cf031ea0a0f16,pending-review,,
src/Resources/UpdateBackground.ico,Resources,blob,0381d2746b71168871f450614dde8deec040aa08,pending-review,,
src/Resources/actionadded.ico,Resources,blob,6e532f9f8adf90016bedd3246c499f6cc29e6d22,pending-review,,
src/Resources/actionconflicted.ico,Resources,blob,bb8e24b677f1386ccaf524fa6d2f1a11e40a4ac8,pending-review,,
src/Resources/actiondeleted.ico,Resources,blob,67a7c46ae88737f024228184bafa9299b7eeebc9,pending-review,,
src/Resources/actionerror.ico,Resources,blob,09ac4d99ce49708bf96f004b9e3f2fb184add830,pending-review,,
src/Resources/actionfetching.ico,Resources,blob,7207c2c41d8c3387f1aa1fa9a331c7b3c4d27aac,pending-review,,
src/Resources/actionmodified.ico,Resources,blob,8bf75f80997b8b738b5e2967471680425ba5052f,pending-review,,
src/Resources/actionreplaced.ico,Resources,blob,f1d683b7a4f69418ce0c1afbc1410dd26564cb4f,pending-review,,
src/Resources/blameres/Toolbar.bmp,Resources,blob,49d971bcadf83d03c89752adbf5fcdfaeb082675,pending-review,,
src/Resources/blameres/Toolbar256.bmp,Resources,blob,29895926753123d889390f12485a14416bdc6e19,pending-review,,
src/Resources/blameres/output_wnd.ico,Resources,blob,d1fe7467f681a9cec0944b9efc5a306d95a37e1e,pending-review,,
src/Resources/blameres/output_wnd_hc.ico,Resources,blob,98a151a68d1a9917e114eaf9c2223c6a41839565,pending-review,,
src/Resources/blameres/properties_wnd.ico,Resources,blob,e2511cda4bb06b83907f12a9b88295d292c97da0,pending-review,,
src/Resources/blameres/properties_wnd_hc.ico,Resources,blob,19aea5feb3783e30653b43a1e736df7163afbb5f,pending-review,,
src/Resources/bugtraq.ico,Resources,blob,e175d1b78cb7143cff55cb806aa4a8f141436751,pending-review,,
src/Resources/cancel-normal.ico,Resources,blob,1004264c31c9e0c3df37a1554b546faef02665ff,pending-review,,
src/Resources/cancel-pressed.ico,Resources,blob,8830c3f97f7fce74b63f39b3d4979e6694dfeff2,pending-review,,
src/Resources/certcheck.ico,Resources,blob,a54982faeeb089be3c8cee0292bfb5fdb8fcb618,pending-review,,
src/Resources/cherry-pick.ico,Resources,blob,3dec475cfae993d04e22d9ffcc83905a8b7eeefd,ported-artwork,Sources/TurtleGitCore/Resources/Icons/cherry-pick.ico,Unchanged upstream ICO; AppKit decodes at native menu/badge size. GPL alternative; retained source license and provenance.
src/Resources/clippaste.ico,Resources,blob,3cd95e6723dcae5e39205ae1cbb843513419a0ea,pending-review,,
src/Resources/code.ico,Resources,blob,3cb22fb0a67188f87463b25bcc1bdee75b4bd2ea,pending-review,,
src/Resources/copy.ico,Resources,blob,2fec2dcc38e80340162edecc7f42d70200b77259,ported-artwork,Sources/TurtleGitCore/Resources/Icons/copy.ico,Unchanged upstream ICO; AppKit decodes at native menu/badge size. GPL alternative; retained source license and provenance.
src/Resources/dialogs.ico,Resources,blob,e3945e2570bc27f9ca9b3cd0527b00f86dafa63e,pending-review,,
src/Resources/download.avi,Resources,blob,1e3b16f2a0bf315dc70be4d4b66cd084ccb7083c,pending-review,,
src/Resources/executableovl.ico,Resources,blob,34415527b09b63c8a2279d8c60f28c262db11ae6,pending-review,,
src/Resources/explorer.ico,Resources,blob,655cc8d1ff9a949eca397b87c6d3a4307ba44fda,pending-review,,
src/Resources/externalovl.ico,Resources,blob,f2f20548eaef98610b7eef69edb3d55c3cdba829,pending-review,,
src/Resources/file.ico,Resources,blob,3edf0618ee2e4dff89d1b3056072ed696ff96782,pending-review,,
src/Resources/filteredit.ico,Resources,blob,ab079b4b97a4c1ce4cae16f3fd923fb3b0051164,pending-review,,
src/Resources/general.ico,Resources,blob,1b1831cb0ad3dea7192ef92b1e4384db568a3a24,pending-review,,
src/Resources/gitconfig.ico,Resources,blob,a619897f1826d4bdb68aa14f79041fe5667c58e5,pending-review,,
src/Resources/gitcredential.ico,Resources,blob,c6e0a956049d37ac972b601f2aee5e0fb5b5562c,pending-review,,
src/Resources/gitfolder.ico,Resources,blob,25fe55a218eb3ff96a8cc90cc64b902ebd9254a2,pending-review,,
src/Resources/gitremote.ico,Resources,blob,d04316f5e1699ec885b8ddb9c86a389a5f7e0a9b,pending-review,,
src/Resources/graph-bar-stacked.ico,Resources,blob,ff1a2f18456a220e78d93d0aa3f7d9b18f70eeb7,pending-review,,
src/Resources/graph-bar.ico,Resources,blob,f25870038927b551f73274c38120311084305ccf,pending-review,,
src/Resources/graph-line-stacked.ico,Resources,blob,8808acd2a5c87181853038ac5829fac0021dd40c,pending-review,,
src/Resources/graph-line.ico,Resources,blob,849da85217abd449ed9eedaf5abad7a1eaec2e37,pending-review,,
src/Resources/graph-pie.ico,Resources,blob,f3fe750fd8686d73e4681c934f4237cc35e99760,pending-review,,
src/Resources/hook.ico,Resources,blob,6a610c2594b95df75410ba92ef6845f6d1013ccf,pending-review,,
src/Resources/iconset.ico,Resources,blob,f9cef9577aec6ccae61f9bc118cb7dae01ef1315,pending-review,,
src/Resources/ignorecomments.txt,Resources,blob,c42e8059abd5afa9cab07ff8759c03488f6a5700,pending-review,,
src/Resources/indeterminate.ico,Resources,blob,11a6a005f2c4f7994cf64588006c56bcfee61781,pending-review,,
src/Resources/jumpdown.ico,Resources,blob,9f3b1410c52dca12feae7204b29c28e4e6ef1d1d,pending-review,,
src/Resources/jumpup.ico,Resources,blob,05465b93d615ef40142f619367deb30414367a66,pending-review,,
src/Resources/library-win10.ico,Resources,blob,30ef26a69375776e119e1875d6fd568cddf6639b,pending-review,,
src/Resources/license.txt,Resources,blob,7da0983a0b438003cee7ce14b1ffda44b0a525e8,partial,Sources/TurtleGitCore/MenuIcons.swift; FinderSync/FinderSync.swift,Original command icons mapped to implemented app/Finder menus; full shell menu conditions and command set pending.
src/Resources/lineadded.ico,Resources,blob,21b63a3dca382baaab224c5ed66d787c22e0db1f,pending-review,,
src/Resources/lineconflicted.ico,Resources,blob,aca50f462414c539b10c1ada81c1fcb12136ad08,pending-review,,
src/Resources/lineconflictedignored.ico,Resources,blob,9b3aa2cb0d8f0f7534232b0e51c8ec8d855c3ed2,pending-review,,
src/Resources/lineedited.ico,Resources,blob,f255cf5dfa88d9ef3e5d53b0e033f8c7c3e7a70b,pending-review,,
src/Resources/lineequal.ico,Resources,blob,785a21ecb79f87ba3f72bb033dbd047d75ffc564,pending-review,,
src/Resources/linemarked.ico,Resources,blob,33975e0b218b36be8dc5c788bc8baba6d7f02780,pending-review,,
src/Resources/lineremoved.ico,Resources,blob,1beb35403c6627be715edd354e1bf3251e4c3f4c,pending-review,,
src/Resources/linewhitespace.ico,Resources,blob,3ea7ab83f91c7bdee7f6de5355302ba7e3ba4387,pending-review,,
src/Resources/logfilter.ico,Resources,blob,d24b9bc8234206891c70e82a125958f821803480,pending-review,,
src/Resources/lookandfeel.ico,Resources,blob,9512953506ff9e9c7585f1b2e5b3b3b46f95daae,pending-review,,
src/Resources/menuabout.ico,Resources,blob,b09a1d260f0398cd6488d8913cb7c6f6a6ad80d3,pending-review,,
src/Resources/menuadd.ico,Resources,blob,44e3a58d3639e9ebfd21a418b86e691a930c25b2,ported-artwork,Sources/TurtleGitCore/Resources/Icons/menuadd.ico,Unchanged upstream ICO; AppKit decodes at native menu/badge size. GPL alternative; retained source license and provenance.
src/Resources/menubisect.ico,Resources,blob,129c595da2e3fa8b5a92724238e838600bea09af,pending-review,,
src/Resources/menubisectreset.ico,Resources,blob,a6e26003ccee3bd3fa604aa5c0c62539e0f462cd,pending-review,,
src/Resources/menucheckout.ico,Resources,blob,af5a44f0ac229ce2e4e97870b770528743fe5d95,ported-artwork,Sources/TurtleGitCore/Resources/Icons/menucheckout.ico,Unchanged upstream ICO; AppKit decodes at native menu/badge size. GPL alternative; retained source license and provenance.
src/Resources/menucleanup.ico,Resources,blob,df725fc476ca2444af193b6f73101291102ba4d2,pending-review,,
src/Resources/menucombine.ico,Resources,blob,f903756ca809b62392d8935f2ade527431ac398d,pending-review,,
src/Resources/menucommit.ico,Resources,blob,24086b801d2edb5f4182b9ce68035b4238536861,ported-artwork,Sources/TurtleGitCore/Resources/Icons/menucommit.ico,Unchanged upstream ICO; AppKit decodes at native menu/badge size. GPL alternative; retained source license and provenance.
src/Resources/menucompare.ico,Resources,blob,ccaf80d42e23b1b94d0d63daa5417b7771243fa3,ported-artwork,Sources/TurtleGitCore/Resources/Icons/menucompare.ico,Unchanged upstream ICO; AppKit decodes at native menu/badge size. GPL alternative; retained source license and provenance.
src/Resources/menuconflict.ico,Resources,blob,829e9362d45383785d5a0c2e43897253c63ee4cb,pending-review,,
src/Resources/menucopy.ico,Resources,blob,e552050f3d44af8cae88adb2db51227b6365910d,ported-artwork,Sources/TurtleGitCore/Resources/Icons/menucopy.ico,Unchanged upstream ICO; AppKit decodes at native menu/badge size. GPL alternative; retained source license and provenance.
src/Resources/menucreaterepos.ico,Resources,blob,243c63e5ae911aaf08741f6770378924a0db57f0,ported-artwork,Sources/TurtleGitCore/Resources/Icons/menucreaterepos.ico,Unchanged upstream ICO; AppKit decodes at native menu/badge size. GPL alternative; retained source license and provenance.
src/Resources/menudaemon.ico,Resources,blob,9a3d971ef584091a26fd8de1afe2bccf4efc09a7,pending-review,,
src/Resources/menudelete.ico,Resources,blob,e9b65f5ba02c5e25e30bb05db82ecfd1e69c8ecd,pending-review,,
src/Resources/menudiff.ico,Resources,blob,9ca33ae9026aeeb373c560200f82a4d5ee1c5601,ported-artwork,Sources/TurtleGitCore/Resources/Icons/menudiff.ico,Unchanged upstream ICO; AppKit decodes at native menu/badge size. GPL alternative; retained source license and provenance.
src/Resources/menuedit.ico,Resources,blob,3c6f7123943760b551c74e7ba55fdd23be0fd813,pending-review,,
src/Resources/menuexport.ico,Resources,blob,a8068759ccb1c42353dd64e37b3113dfe3797ecd,pending-review,,
src/Resources/menuhelp.ico,Resources,blob,7f8ab3f1565704ac391964d80e9dde7e49a28e86,ported-artwork,Sources/TurtleGitCore/Resources/Icons/menuhelp.ico,Unchanged upstream ICO; AppKit decodes at native menu/badge size. GPL alternative; retained source license and provenance.
src/Resources/menuignore.ico,Resources,blob,4629dcd5e97459f1e3c5d3983a07eeb7aab4f43a,pending-review,,
src/Resources/menulfs.ico,Resources,blob,2001abde97d8586bc0db051ca7b2690f727413a3,pending-review,,
src/Resources/menulock.ico,Resources,blob,3ad5d7913b5a4e713af0430e4b25469784295944,pending-review,,
src/Resources/menulog.ico,Resources,blob,7eb6287a4ba5c53ae603330bc99c14b4a45f2b58,ported-artwork,Sources/TurtleGitCore/Resources/Icons/menulog.ico,Unchanged upstream ICO; AppKit decodes at native menu/badge size. GPL alternative; retained source license and provenance.
src/Resources/menumerge.ico,Resources,blob,2eec9120b7724225ea956b803720e038e064db8b,ported-artwork,Sources/TurtleGitCore/Resources/Icons/menumerge.ico,Unchanged upstream ICO; AppKit decodes at native menu/badge size. GPL alternative; retained source license and provenance.
src/Resources/menumergeabort.ico,Resources,blob,44616763665bfd0d12005c4be7b4f2157aebaf66,pending-review,,
src/Resources/menupatch.ico,Resources,blob,17f6230df12c68884c8dd3b6c60a7a7988da0de7,pending-review,,
src/Resources/menupick.ico,Resources,blob,6e532f9f8adf90016bedd3246c499f6cc29e6d22,pending-review,,
src/Resources/menurebase.ico,Resources,blob,bada24778f3ddc729c0509d0494b749e1fbab651,ported-artwork,Sources/TurtleGitCore/Resources/Icons/menurebase.ico,Unchanged upstream ICO; AppKit decodes at native menu/badge size. GPL alternative; retained source license and provenance.
src/Resources/menurelocate.ico,Resources,blob,ad1a13804d24de7e89f997f1b5b6559c7b0c3c17,pending-review,,
src/Resources/menurename.ico,Resources,blob,3f50c0e5baf58558d0707a1ccdd247ad749a3a85,pending-review,,
src/Resources/menurepobrowse.ico,Resources,blob,99e8020f68afdf3496a495ebb4a8bacdaa63b1ec,pending-review,,
src/Resources/menuresolve.ico,Resources,blob,f0166c2db85c8e54d95c3f604fe2ac0f21a0cd82,pending-review,,
src/Resources/menurevert.ico,Resources,blob,debc71b329037fc821b0b341c782f0b7c0229a76,ported-artwork,Sources/TurtleGitCore/Resources/Icons/menurevert.ico,Unchanged upstream ICO; AppKit decodes at native menu/badge size. GPL alternative; retained source license and provenance.
src/Resources/menurevisiongraph.ico,Resources,blob,8de6c6e259badf829741bc82d9b074247bcc0c9c,pending-review,,
src/Resources/menusendmail.ico,Resources,blob,22016fe8dd291792039914091716c10ae26f1d38,pending-review,,
src/Resources/menusettings.ico,Resources,blob,ca36d30a29ff78a9f22170946dc6792486c9b82b,ported-artwork,Sources/TurtleGitCore/Resources/Icons/menusettings.ico,Unchanged upstream ICO; AppKit decodes at native menu/badge size. GPL alternative; retained source license and provenance.
src/Resources/menushelve.ico,Resources,blob,b18b5627f27e5faf4318fd0746ce1fbe2be3b0a5,ported-artwork,Sources/TurtleGitCore/Resources/Icons/menushelve.ico,Unchanged upstream ICO; AppKit decodes at native menu/badge size. GPL alternative; retained source license and provenance.
src/Resources/menushowchanged.ico,Resources,blob,26a5cda67229124ed14d393b148c0d86b4b2782e,ported-artwork,Sources/TurtleGitCore/Resources/Icons/menushowchanged.ico,Unchanged upstream ICO; AppKit decodes at native menu/badge size. GPL alternative; retained source license and provenance.
src/Resources/menuskip.ico,Resources,blob,67a7c46ae88737f024228184bafa9299b7eeebc9,pending-review,,
src/Resources/menusquash.ico,Resources,blob,f881258426987025e07fa7fc441e2bc96b961ade,pending-review,,
src/Resources/menuswitch.ico,Resources,blob,2656142fc6d3f12e56b53c688012e67ae132933f,ported-artwork,Sources/TurtleGitCore/Resources/Icons/menuswitch.ico,Unchanged upstream ICO; AppKit decodes at native menu/badge size. GPL alternative; retained source license and provenance.
src/Resources/menusync.ico,Resources,blob,ec05d4f1a2c07bd39f749cb8719df450788c1462,pending-review,,
src/Resources/menuunlock.ico,Resources,blob,b6813476f5dfef434e2f1b22a1b4541b06a08701,pending-review,,
src/Resources/menuunshelve.ico,Resources,blob,efc51a2f8ed3d957fb8734e57492291f2e74361e,ported-artwork,Sources/TurtleGitCore/Resources/Icons/menuunshelve.ico,Unchanged upstream ICO; AppKit decodes at native menu/badge size. GPL alternative; retained source license and provenance.
src/Resources/menuupdate.ico,Resources,blob,52b55f0d1ac2e626985df48ced6d849abb45ec37,ported-artwork,Sources/TurtleGitCore/Resources/Icons/menuupdate.ico,Unchanged upstream ICO; AppKit decodes at native menu/badge size. GPL alternative; retained source license and provenance.
src/Resources/misc.ico,Resources,blob,0af564cf3a0d1fbeda5a500a8abf32d642e7ebb7,pending-review,,
src/Resources/moved.ico,Resources,blob,3cff529c34b89c482646539472cb7c02f7eac2a6,pending-review,,
src/Resources/notepad.ico,Resources,blob,1ab2ac7af8ce9104ef1d309f6e05f1ef73d1a3dc,pending-review,,
src/Resources/open.ico,Resources,blob,fb121df437f7e459c6074521bbf9ce88dd9e5534,pending-review,,
src/Resources/pan.cur,Resources,blob,f1ef3f447dd7e0e736be00ff30d1fa835554b1cc,pending-review,,
src/Resources/pandown.cur,Resources,blob,200ec6ce6452e7814066a1e6c958e5d000547a8f,pending-review,,
src/Resources/parts/actionempty.ico,Resources,blob,85c3c0f9010cfdde4b85824c1d6b7b0d41d2214d,pending-review,,
src/Resources/parts/branch.ico,Resources,blob,2d9ada94eb546f1f05afc042322c2ddacbee5591,pending-review,,
src/Resources/parts/cache.ico,Resources,blob,22b48b74873a21d2b17aad93ebc495c857bdca08,pending-review,,
src/Resources/parts/menuedit-pencil.ico,Resources,blob,9066782bfb0f365d91b77c05ed31ddfafd7238e9,pending-review,,
src/Resources/proxy.ico,Resources,blob,2aef1bf916a9b2c3df62c76b517690499ddad6e9,pending-review,,
src/Resources/pull1.ico,Resources,blob,77af2be8e6239f672fe980beee531a82b5da73df,ported-artwork,Sources/TurtleGitCore/Resources/Icons/pull1.ico,Unchanged upstream ICO; AppKit decodes at native menu/badge size. GPL alternative; retained source license and provenance.
src/Resources/refresh.ico,Resources,blob,30c0ecba792ae5f953e12700fd4a883970bc2558,pending-review,,
src/Resources/reftype.bmp,Resources,blob,150c50ca921170b91da3c8fc04cee282610e1c3f,pending-review,,
src/Resources/reset.ico,Resources,blob,2304fcdfc9ef32ea003e09d991ce6590c92ab715,ported-artwork,Sources/TurtleGitCore/Resources/Icons/reset.ico,Unchanged upstream ICO; AppKit decodes at native menu/badge size. GPL alternative; retained source license and provenance.
src/Resources/restore.ico,Resources,blob,42ae5bbf4a119469d891929c26b82571540c935e,pending-review,,
src/Resources/restoreovl.ico,Resources,blob,c9997f51f28ef200008d47343dac993b817696bc,pending-review,,
src/Resources/revgraphbar.bmp,Resources,blob,3032391794a41f583eb966bf6df47d5b133231ca,pending-review,,
src/Resources/revgraphglyphs.bmp,Resources,blob,0f4408ce8aa4f27d4e58c84c999ba1f611f7b577,pending-review,,
src/Resources/ribbon/About.bmp,Resources,blob,98f6b8eeb83b0603e7167f410843f666e7496d3b,pending-review,,
src/Resources/ribbon/Check.bmp,Resources,blob,96f12977250cd268bc7bec5fd5b3030ae8fbd402,pending-review,,
src/Resources/ribbon/Collapse.bmp,Resources,blob,ac17d142c44591967ce0786c10bf47eea57e8190,pending-review,,
src/Resources/ribbon/Comment.bmp,Resources,blob,4c6d8c39095d551c3d78f8acf6fbf6db53847342,pending-review,,
src/Resources/ribbon/Copy.bmp,Resources,blob,64c50e73af295840eb86a44d0eaf1a05e2001df4,pending-review,,
src/Resources/ribbon/DownGreen.bmp,Resources,blob,2dfde892e3a277f2b1d72396dab4939b0dd5100a,pending-review,,
src/Resources/ribbon/DownGreenDots.bmp,Resources,blob,028ba16b1ba13e115ada7fc38af660b20fc8acae,pending-review,,
src/Resources/ribbon/DownRed.bmp,Resources,blob,f25f3d5457b8a4be2262bcdd5293d282fb892197,pending-review,,
src/Resources/ribbon/EOL.bmp,Resources,blob,ad69e4381a96a7c6a8da0b2e25a935f0e07c60aa,pending-review,,
src/Resources/ribbon/EditEnabled.bmp,Resources,blob,80f8f25e86554729a4bf69f74bdedfffa27491bd,pending-review,,
src/Resources/ribbon/Exit.bmp,Resources,blob,ecdf5f4dd74bc3ba51e51897a1578b380e04bd96,pending-review,,
src/Resources/ribbon/FileList.bmp,Resources,blob,945daa051d67716fa88538ffe9aefe56acabc8f7,pending-review,,
src/Resources/ribbon/Filter16.bmp,Resources,blob,0cb027ca05a2413b1a283f33384dbe84597a17fc,pending-review,,
src/Resources/ribbon/FilterConfig16.bmp,Resources,blob,fc5bb2218eca7b2d6496262498fb09ab56bd0a91,pending-review,,
src/Resources/ribbon/Goto.bmp,Resources,blob,df12f3f232f4e005c9f748074e352aeccd2c3414,pending-review,,
src/Resources/ribbon/Help.bmp,Resources,blob,95b6d5b081565ae8a306acbe838e37aa7df516a6,pending-review,,
src/Resources/ribbon/InlineDiff.bmp,Resources,blob,20c2f649c170d81d3eaadac333813358652e2fd4,pending-review,,
src/Resources/ribbon/InlineDiffWord.bmp,Resources,blob,6fd57fd68f76cda86d15db04a66661d9c1ba5773,pending-review,,
src/Resources/ribbon/LeftGreen.bmp,Resources,blob,ecb55d340003efdb8284011c286273c881a9c317,pending-review,,
src/Resources/ribbon/LeftGreenDots.bmp,Resources,blob,b9df2abe0b8aa441d202c5e8910ecfee2d0a8796,pending-review,,
src/Resources/ribbon/LeftRed.bmp,Resources,blob,7338b051f074ae6d4aa57a61cf07e8c3e0871b7e,pending-review,,
src/Resources/ribbon/OneWayDiff.bmp,Resources,blob,0eac1e3adf39fcad4ec7cf09b7d43d7ff2adfba1,pending-review,,
src/Resources/ribbon/Open.bmp,Resources,blob,9cf19cfaf2b65a1d692026cccfe64fee4772d7a9,pending-review,,
src/Resources/ribbon/OrangeDotDown.bmp,Resources,blob,751784539d4dc64a8d65356c6e1d3003ab817570,pending-review,,
src/Resources/ribbon/OrangeDotLeft.bmp,Resources,blob,7a705ad8f83a3e2097faf34cbdb656efd7bc3663,pending-review,,
src/Resources/ribbon/OrangeDotRight.bmp,Resources,blob,5dc7cdb149a7b53c34f656c6bf75d68dc74173d4,pending-review,,
src/Resources/ribbon/OrangeDotUp.bmp,Resources,blob,8e46e5c76862c933b94450647660785d925943c2,pending-review,,
src/Resources/ribbon/Paste.bmp,Resources,blob,7e9c6b85a3affdad9dcf9fb9824113628331e655,pending-review,,
src/Resources/ribbon/Pilcrow.bmp,Resources,blob,db88f50237203a660bcaf956b9173d4856c32685,pending-review,,
src/Resources/ribbon/Redo.bmp,Resources,blob,d31e8c4111fa5342179208d5033f642136221770,pending-review,,
src/Resources/ribbon/Refresh.bmp,Resources,blob,0282ff362cee917a5a2035e7e4916127d2b2976b,pending-review,,
src/Resources/ribbon/RightGreen.bmp,Resources,blob,998b441ffc798a3a08dceebc24ad1ca5e4f6d95e,pending-review,,
src/Resources/ribbon/RightGreenDots.bmp,Resources,blob,f49e18477267a759c08f9a30ac895e2efab42939,pending-review,,
src/Resources/ribbon/RightRed.bmp,Resources,blob,95461c1687e4787510f1775c1c90ef7368d79638,pending-review,,
src/Resources/ribbon/Save.bmp,Resources,blob,7c443047fdacfb5eda3b0467ca8a52af3d6d1082,pending-review,,
src/Resources/ribbon/SaveAs.bmp,Resources,blob,3067df4e4ec0155025905518ea19ff9b675eb9c9,pending-review,,
src/Resources/ribbon/Search.bmp,Resources,blob,97f6e9dc7967b343d765bb3565d0bab3d23bb28d,pending-review,,
src/Resources/ribbon/Settings.bmp,Resources,blob,12f5842599b26d2cd9e45b2b5583588d0009c543,pending-review,,
src/Resources/ribbon/SmartTab.bmp,Resources,blob,8ad859a7f737b1e116c25274d4abd0faabf09ebd,pending-review,,
src/Resources/ribbon/Switch.bmp,Resources,blob,2712e3dbad3ba3c1f5bfafee53ef654cc2ecd0e7,pending-review,,
src/Resources/ribbon/TabSpace.bmp,Resources,blob,e006847f49e7ef137c5ac80156298af985d20a82,pending-review,,
src/Resources/ribbon/TortoiseMerge.png,Resources,blob,62beedacff8515b4dd5d378c6e8d687a16836f5d,pending-review,,
src/Resources/ribbon/Undo.bmp,Resources,blob,6b775403c47aad17fbb87b3b690b945a0ce062bb,pending-review,,
src/Resources/ribbon/UniDiff.bmp,Resources,blob,d70718d56016fb673d87b908e2fc9b255627ae71,pending-review,,
src/Resources/ribbon/UpGreen.bmp,Resources,blob,a086ff53cbf24524a554ed1757c416c435a944ab,pending-review,,
src/Resources/ribbon/UpGreenDots.bmp,Resources,blob,c47a6f3386c0acd18537cc0ff6817d712197d21d,pending-review,,
src/Resources/ribbon/UpRed.bmp,Resources,blob,3af0aecf0f2faf14de3646558bb2ce196549efda,pending-review,,
src/Resources/ribbon/UseLeftBlock.bmp,Resources,blob,be52b637292312814cb7c29189da9300a7fef4ad,pending-review,,
src/Resources/ribbon/UseLeftFile.bmp,Resources,blob,b7204566f7bccefdd022499812b841da9b4a8cd5,pending-review,,
src/Resources/ribbon/UseLeftRight.bmp,Resources,blob,ce0d6b84426f16cf87867cbe0a2fbe9ea0a9f271,pending-review,,
src/Resources/ribbon/UseMine.bmp,Resources,blob,93b26568f43c0b22b96489f6719a03fcfc3f750c,pending-review,,
src/Resources/ribbon/UseMineTheirs.bmp,Resources,blob,335065d93866463f8b83ba4c1784d8ae7fb84b8f,pending-review,,
src/Resources/ribbon/UseRightLeft.bmp,Resources,blob,b99f58ed74bc48e7a737a7b4c372c47e258286b9,pending-review,,
src/Resources/ribbon/UseTheirs.bmp,Resources,blob,00395353c8161f5e21a0295b64f58cf975c8f916,pending-review,,
src/Resources/ribbon/UseTheirsMine.bmp,Resources,blob,46a97fb6c4c45dc42a5dac13de20e6d43d9240a0,pending-review,,
src/Resources/ribbon/ViewBars.bmp,Resources,blob,0dc1e110a2ed8d48fff65fb97cf41ddd83bb04e5,pending-review,,
src/Resources/ribbon/WhiteSpace1.bmp,Resources,blob,d540de50ddec10b4dabbfc507d786d9d9bec6fa7,pending-review,,
src/Resources/ribbon/WhiteSpace2.bmp,Resources,blob,98f7af2d5002fd422693a9de7fd8532c5a028a12,pending-review,,
src/Resources/ribbon/WhiteSpace3.bmp,Resources,blob,26a55d0eccc7b0ca32d601948c262b6d70568cec,pending-review,,
src/Resources/ribbon/WrapLines.bmp,Resources,blob,646d3f0f20a94eb266ca75b160baa4d121c01d94,pending-review,,
src/Resources/save.ico,Resources,blob,24f0cb89db07ba7e198db85d2bf69ddb18e69168,pending-review,,
src/Resources/saveas.ico,Resources,blob,8cf032d7da7ff664a917b1c53898fa156afc62d7,pending-review,,
src/Resources/saveddata.ico,Resources,blob,613af496a8ba409e408972416a5279c4c44b2aaf,pending-review,,
src/Resources/showbranches.ico,Resources,blob,3ddc030ce49dfdb61d08a851562e7ce8555ced80,pending-review,,
src/Resources/snippet.ico,Resources,blob,ceb1ca48619cea69a46d15e114b24d6fb4054f38,pending-review,,
src/Resources/spell.ico,Resources,blob,ce89eda09dade12d9449cf2ec5fa61fb154ceed9,pending-review,,
src/Resources/svg/Checkout.svg,Resources,blob,a2dc832b91c2df39ed65054fb63d1e57b7d1f4a8,pending-review,,
src/Resources/svg/Copy.svg,Resources,blob,e7f5ccbea059232c1b7efecb24d8ff83333b1911,pending-review,,
src/Resources/svg/Export.svg,Resources,blob,b9eeccd94942ab6f4970c7658c992f813a4468af,pending-review,,
src/Resources/svg/Import.svg,Resources,blob,0a274d6591973631edc36e1abb9b028124ade4db,pending-review,,
src/Resources/svg/ImportPatches.svg,Resources,blob,9a780a804af05750a91fda814ad353f99457f07c,pending-review,,
src/Resources/svg/Merge.svg,Resources,blob,a5405d92e96b9648490b79d942085b59adbaf8b4,pending-review,,
src/Resources/svg/Overlays/AddedIcon.svg,Resources,blob,237663181364a9d475056f8c1ea701ebb85044e0,pending-review,,
src/Resources/svg/Overlays/ConflictIcon.svg,Resources,blob,a85588eaeef499b68c24468f484f62c8e9e44c6a,pending-review,,
src/Resources/svg/Overlays/DeletedIcon.svg,Resources,blob,b93db781627bdde9080e82aab550b7d6c8fda845,pending-review,,
src/Resources/svg/Overlays/IgnoredIcon.svg,Resources,blob,c4713466fa3367f7f656e7a4bbde211b56ee53cb,pending-review,,
src/Resources/svg/Overlays/LockedIcon.svg,Resources,blob,f5e41480e8e0413aaf6b670af9da2c3fa8322ce5,pending-review,,
src/Resources/svg/Overlays/ModifiedIcon.svg,Resources,blob,afb0a7a25f711b547dc9b9d375c7ea580db062ef,pending-review,,
src/Resources/svg/Overlays/NormalIcon.svg,Resources,blob,9ff3590fbbe831b9630e154823fe4388895208b3,pending-review,,
src/Resources/svg/Overlays/ReadOnlyIcon.svg,Resources,blob,dc2623aa0a5f54aca552fd32cfaea754ecaa6455,pending-review,,
src/Resources/svg/Overlays/UnversionedIcon.svg,Resources,blob,125de3f32d408b91d4b79e9045156f85a63761b1,pending-review,,
src/Resources/svg/Rename.svg,Resources,blob,19ee77a0360d941facff089b7882249ec29e93ff,pending-review,,
src/Resources/svg/Switch.svg,Resources,blob,317a074354b65e17d96c964c5330aa5029b710c6,pending-review,,
src/Resources/svg/Warning_icon.svg,Resources,blob,673f4dffed1b1d500cb04486b9f023a9eb48f695,pending-review,,
src/Resources/svg/patch.svg,Resources,blob,23b591735d0bebeadd4c022ee3dff1df8ba2678c,pending-review,,
src/Resources/svg/pie-chart.svg,Resources,blob,346666d6791403da012746fcb70ce7bf2e10e85b,pending-review,,
src/Resources/svg/readme.txt,Resources,blob,61bb9a6b426b48ee6e38d2e0590cbf433a4bc747,pending-review,,
src/Resources/svg/repo.svg,Resources,blob,d4f40bdfff6d51d9188f87aac950e9730c73eb76,pending-review,,
src/Resources/svg/repo_backup.svg,Resources,blob,d4f40bdfff6d51d9188f87aac950e9730c73eb76,pending-review,,
src/Resources/svg/thumb.svg,Resources,blob,409349d949b52a6b742f12749e9bd99f1e3103d2,pending-review,,
src/Resources/svg/tortoisegitmerge.svg,Resources,blob,1f942dbd1f5eee9af72bfa8a4e5fe58662f72a78,pending-review,,
src/Resources/switch.ico,Resources,blob,6f29a20cfd86090cf114c17ce0ad3b79f1f01582,pending-review,,
src/Resources/symlinkovl.ico,Resources,blob,32f4eb6d4b3270e37ad298f768168e11d0528353,pending-review,,
src/Resources/tag.ico,Resources,blob,926bc8f53437e620450e9c703224fd0e4bd5b071,ported-artwork,Sources/TurtleGitCore/Resources/Icons/tag.ico,Unchanged upstream ICO; AppKit decodes at native menu/badge size. GPL alternative; retained source license and provenance.
src/Resources/thumb_down.ico,Resources,blob,c8f1ab5cb50f809f2491e1545ddee649dec646de,pending-review,,
src/Resources/thumb_up.ico,Resources,blob,a6da8c07316ca449c72ee19884e2fe0fc4386857,pending-review,,
src/Resources/tsvnmenufile.ico,Resources,blob,46e744c91e6db0a7531a3b946a2f43df2653c6df,pending-review,,
src/Resources/tsvnmenufolder.ico,Resources,blob,dda14b1575e9fb4e2b5f9026c1b45290107e2e2b,pending-review,,
src/Resources/tsvnmenulink.ico,Resources,blob,8883520c609ca43bad9aa0806229606bc0f9ea69,pending-review,,
src/Resources/tsvnmenumultiple.ico,Resources,blob,5cadc928559bc85b4f8d65937803109aba0b6830,pending-review,,
src/Resources/warning-general.ico,Resources,blob,2474c99084143ba4962e9101bf8120d9fd9d662c,pending-review,,
src/SshAskPass/SshAskPass.cpp,SshAskPass,blob,ed6b249fe8a13f09727dcbab0caf824db32de677,pending-review,,
src/SshAskPass/SshAskPass.ico,SshAskPass,blob,9cf3163de47865edd4433900e032db9b7795797d,pending-review,,
src/SshAskPass/SshAskPass.rc,SshAskPass,blob,58ae75c9d7d68b14a99424fbb689aace3d67007f,pending-review,,
src/SshAskPass/SshAskPass.rc2,SshAskPass,blob,2272e2f728437727f48dac03d6e20c715b768fd6,pending-review,,
src/SshAskPass/SshAskPass.vcxproj,SshAskPass,blob,9c52ad60fb278afd55a39fa0d92afd66af8140cc,pending-review,,
src/SshAskPass/SshAskPass.vcxproj.filters,SshAskPass,blob,0b65bb2f5ff6570f861a8c70ac8c6e316c952132,pending-review,,
src/SshAskPass/resource.h,SshAskPass,blob,d034933fe9819400276601af2beda514ec95008e,pending-review,,
src/SshAskPass/stdafx.cpp,SshAskPass,blob,24b957965eb69de27aa6f11ca644477a69d5ad59,pending-review,,
src/SshAskPass/stdafx.h,SshAskPass,blob,83acab5b387c49a42c2ad747d85d308c44d41439,pending-review,,
src/TGitCache/CacheInterface.cpp,TGitCache,blob,e91fd5d1516b6ab7e1a2cf894ec16e57a60891e6,pending-review,,
src/TGitCache/CacheInterface.h,TGitCache,blob,7d598a9fbf079c0f9e1942464dfd322a25d169ee,pending-review,,
src/TGitCache/CachedDirectory.cpp,TGitCache,blob,209e734dced382c806b2e0e7db19f79f79dabd0a,pending-review,,
src/TGitCache/CachedDirectory.h,TGitCache,blob,5ba69199f18c9d774e6f28803b86ca227ed51e94,pending-review,,
src/TGitCache/DirectoryWatcher.cpp,TGitCache,blob,8a0729bc4003f5fc51a5c06666c134d24fa5ce31,pending-review,,
src/TGitCache/DirectoryWatcher.h,TGitCache,blob,240ad18da84c036b6ff14cdff2a02fd9a176e109,pending-review,,
src/TGitCache/FolderCrawler.cpp,TGitCache,blob,d5795a4294fdbd7492ec68118a958bde4cafc12b,pending-review,,
src/TGitCache/FolderCrawler.h,TGitCache,blob,15062e96d4942caaa5437e5331b805b596a612c8,pending-review,,
src/TGitCache/GITStatusCache.cpp,TGitCache,blob,f63e9e470d22a0aab857b3abb293a6b8391cae0a,pending-review,,
src/TGitCache/GitStatusCache.h,TGitCache,blob,f39fdf0e1271916b62719accb3861ce0d8f748f6,pending-review,,
src/TGitCache/ShellUpdater.cpp,TGitCache,blob,7d8da34a01fbb4c7f77a53a17146482fbd26b863,pending-review,,
src/TGitCache/ShellUpdater.h,TGitCache,blob,0adf708ad740b189aa6a113319a01d34305ee259,pending-review,,
src/TGitCache/StatusCacheEntry.cpp,TGitCache,blob,eb9e9a33d4b1fb331072cc5f3205e61aec0e4345,pending-review,,
src/TGitCache/StatusCacheEntry.h,TGitCache,blob,7bd6fa854720875e311ec0e3448f1a587a21e971,pending-review,,
src/TGitCache/TGITCache.cpp,TGitCache,blob,1d82a8d505d370187b6d0f90ca1354df2a34b22e,pending-review,,
src/TGitCache/TGITCache.h,TGitCache,blob,ce0bb23c7a48f9c6036d9301786800ae26aa7107,pending-review,,
src/TGitCache/TGITCache.rc,TGitCache,blob,94d95843414234825a61a7b2117a2e7b8dd30ee7,pending-review,,
src/TGitCache/TGITCache.rc2,TGitCache,blob,93fc261536ca5d76087da7064078ac7f221e0a43,pending-review,,
src/TGitCache/TGitCache.vcxproj,TGitCache,blob,b9d0afe982ae87785d863b790f8b9de8e8b12ce8,pending-review,,
src/TGitCache/TGitCache.vcxproj.filters,TGitCache,blob,22a586777b0281fa0c33b5a91b011725d9e7d526,pending-review,,
src/TGitCache/resource.h,TGitCache,blob,d08acb72d26a1e2995eb34c93ae40c2e62c105d9,pending-review,,
src/TGitCache/stdafx.cpp,TGitCache,blob,edb80377f3bde2aae55ff41c2cf8b1c0d44f2411,pending-review,,
src/TGitCache/stdafx.h,TGitCache,blob,0917cd34558c94b3f68250212c466c5c8f20ba16,pending-review,,
src/TortoiseGit.common-dll.props,TortoiseGit.common-dll.props,blob,39d30571773d781eed356a79a3a80185d655f637,pending-review,,
src/TortoiseGit.common-langs.props,TortoiseGit.common-langs.props,blob,a03c892cf8957164f5c28bf657763d3928357038,pending-review,,
src/TortoiseGit.common-staticlib.props,TortoiseGit.common-staticlib.props,blob,c08e5807479b605f3c88112841720dbfe53dba67,pending-review,,
src/TortoiseGit.common.props,TortoiseGit.common.props,blob,1507f52d367273bb6fc6e675b07baafd28a60a66,pending-review,,
src/TortoiseGit.gta.runsettings,TortoiseGit.gta.runsettings,blob,1e26b1f94a210e7ef591ee85b114b12bda92690d,pending-review,,
src/TortoiseGit.settings.props,TortoiseGit.settings.props,blob,ad59bf74e82478d4af771294ab8d9199344f978f,pending-review,,
src/TortoiseGit.sln,TortoiseGit.sln,blob,ba2acae8cd0154437e068e8f7231ed1e4aaace65,pending-review,,
src/TortoiseGit.toolset.props,TortoiseGit.toolset.props,blob,06d5ff58424c0d1302a9bf02c3c637b0e2ba6714,pending-review,,
src/TortoiseGitBlame/BlameDetectMovedOrCopiedLines.h,TortoiseGitBlame,blob,75e6c2caf42394b3b5408eafed59b2249629c2b1,pending-review,,
src/TortoiseGitBlame/BlameIndexColors.h,TortoiseGitBlame,blob,3419f67484cb97c8f265a2883546bc2e858b269b,pending-review,,
src/TortoiseGitBlame/EditGotoDlg.cpp,TortoiseGitBlame,blob,d7315bb0cc4eb69151ebfe438ac6dc8dac46e948,pending-review,,
src/TortoiseGitBlame/EditGotoDlg.h,TortoiseGitBlame,blob,3cca1259e6df50a9722eac909387c7a18a91bc36,pending-review,,
src/TortoiseGitBlame/GitBlameLogList.h,TortoiseGitBlame,blob,a8147cef7cccfdc3cd9308767ffd5ece057853a2,pending-review,,
src/TortoiseGitBlame/LogListBlameAction.cpp,TortoiseGitBlame,blob,5261c3abbce64c2d35f9e49829883bd6c93a3483,pending-review,,
src/TortoiseGitBlame/MainFrm.cpp,TortoiseGitBlame,blob,8a0e3e6013e392240a3a60ddb1d548baf48064b8,pending-review,,
src/TortoiseGitBlame/MainFrm.h,TortoiseGitBlame,blob,2d3f54463a03e8fe7f25b4ae14a9b728d1d6146d,pending-review,,
src/TortoiseGitBlame/MenuEncode.h,TortoiseGitBlame,blob,c6831839abb83736f17d2c16860fcbb42992e552,pending-review,,
src/TortoiseGitBlame/OutputWnd.cpp,TortoiseGitBlame,blob,a99e16463d8c3f1f6533890a0b2b585261a9fc41,pending-review,,
src/TortoiseGitBlame/OutputWnd.h,TortoiseGitBlame,blob,0dc787bf16d9ee95e20af7f17d4c4ccdb60a1ef9,pending-review,,
src/TortoiseGitBlame/PropertiesWnd.cpp,TortoiseGitBlame,blob,7f6379e171b7923395b8881dc666387b4fd79c93,pending-review,,
src/TortoiseGitBlame/PropertiesWnd.h,TortoiseGitBlame,blob,4a02ea31f095de7a752d92e6df61bc4b053222ce,pending-review,,
src/TortoiseGitBlame/Resource.h,TortoiseGitBlame,blob,0acd66f86106cabce37ef2df6c825083e3f11fb7,pending-review,,
src/TortoiseGitBlame/TortoiseGitBlame.cpp,TortoiseGitBlame,blob,5fe1b325a2552ce397ca27b55baa39f97f0b7fbb,pending-review,,
src/TortoiseGitBlame/TortoiseGitBlame.h,TortoiseGitBlame,blob,fa2ae0d6185f947500557253d99ba0d708645efb,pending-review,,
src/TortoiseGitBlame/TortoiseGitBlame.vcxproj,TortoiseGitBlame,blob,768f75704631faa3312b8eddfa0802d9e2d52266,pending-review,,
src/TortoiseGitBlame/TortoiseGitBlame.vcxproj.filters,TortoiseGitBlame,blob,b9cb5b9331533078c799a819b84e22826f082e57,pending-review,,
src/TortoiseGitBlame/TortoiseGitBlameData.cpp,TortoiseGitBlame,blob,124f03a1a68ded855ee1c75756a861e931fb0a48,pending-review,,
src/TortoiseGitBlame/TortoiseGitBlameData.h,TortoiseGitBlame,blob,1470866eb4b8a96b34df58aa23f17629ec54fda1,pending-review,,
src/TortoiseGitBlame/TortoiseGitBlameDoc.cpp,TortoiseGitBlame,blob,6530683a8d6917914fe3ff1b3d13abd3a3d03f68,pending-review,,
src/TortoiseGitBlame/TortoiseGitBlameDoc.h,TortoiseGitBlame,blob,f63411e16cf41879250ce79a179bd1556cc08a2c,pending-review,,
src/TortoiseGitBlame/TortoiseGitBlameLang.vcxproj,TortoiseGitBlame,blob,f3f3b95b95de22962c6163696d26692c4d333e73,pending-review,,
src/TortoiseGitBlame/TortoiseGitBlameLang.vcxproj.filters,TortoiseGitBlame,blob,b8b48e62222f9d2d99ed4ba2bf0205a3d2131be1,pending-review,,
src/TortoiseGitBlame/TortoiseGitBlameView.cpp,TortoiseGitBlame,blob,574f423041725a149f292ab51f1267b467cbd9e6,pending-review,,
src/TortoiseGitBlame/TortoiseGitBlameView.h,TortoiseGitBlame,blob,020b5c0c7a199ef5645d17f4d42962c5ab3a89f4,pending-review,,
src/TortoiseGitBlame/res/TortoiseGitBlame.rc2,TortoiseGitBlame,blob,e8dbdf6181f3a2647b303a05fb333db24916ea2f,pending-review,,
src/TortoiseGitBlame/stdafx.cpp,TortoiseGitBlame,blob,4f02f63812772c703f91f34b060f65edddb6908f,pending-review,,
src/TortoiseGitBlame/stdafx.h,TortoiseGitBlame,blob,4af34a32bee2649908c532e2e7f957495071af54,pending-review,,
src/TortoiseGitSetup/CustomActions/CustomActions.cpp,TortoiseGitSetup,blob,5cd0fa61a8ab3afdb25a993946f05d6a2fb00e20,pending-review,,
src/TortoiseGitSetup/CustomActions/CustomActions.def,TortoiseGitSetup,blob,613ce92a3c3c3eabd71fe0a71bd1339039c41101,pending-review,,
src/TortoiseGitSetup/CustomActions/CustomActions.rc2,TortoiseGitSetup,blob,b04e8ca4c6ad1bcd9d2ba8db9624ee3bf9f41e13,pending-review,,
src/TortoiseGitSetup/CustomActions/CustomActions.vcxproj,TortoiseGitSetup,blob,2072352dffca8d3d7d91128b88cebddd2af76249,pending-review,,
src/TortoiseGitSetup/CustomActions/CustomActions.vcxproj.filters,TortoiseGitSetup,blob,5595ae32bcdaa670c6dbb62d6edeb7d179eeb20b,pending-review,,
src/TortoiseGitSetup/CustomActions/CustomActions11.cpp,TortoiseGitSetup,blob,018d6c424f59f2cce8259dc3d154fdb215cff6cf,pending-review,,
src/TortoiseGitSetup/CustomActions/CustomActions11.def,TortoiseGitSetup,blob,317ec56967edc32a8a9ca0381e38cc8e7494df0a,pending-review,,
src/TortoiseGitSetup/CustomActions/CustomActions11.vcxproj,TortoiseGitSetup,blob,8bca30e407e00665df6e62bafe0c2c5cab8665d4,pending-review,,
src/TortoiseGitSetup/CustomActions/CustomActions11.vcxproj.filters,TortoiseGitSetup,blob,b033c9c25008408a57dc0f1e878d46c34f1274da,pending-review,,
src/TortoiseGitSetup/CustomActions/Resource.rc,TortoiseGitSetup,blob,eb981b7d714635378e6e850c3dec43c917e9a6d1,pending-review,,
src/TortoiseGitSetup/CustomActions/resource.h,TortoiseGitSetup,blob,886997235bdd11d299291a9b7cb1e7b5d54f56d1,pending-review,,
src/TortoiseGitSetup/CustomActions/stdafx.cpp,TortoiseGitSetup,blob,026ae03b106256dfa31ebbe515b564a9c386be13,pending-review,,
src/TortoiseGitSetup/CustomActions/stdafx.h,TortoiseGitSetup,blob,a2b65efcdb086cf68195fb7a0a6b526a74ac93e2,pending-review,,
src/TortoiseGitSetup/FeaturesFragment.wxi,TortoiseGitSetup,blob,f194ce860e314c13bea6c45a6eeade1d9af0a990,pending-review,,
src/TortoiseGitSetup/HTMLHelpfiles.wxi,TortoiseGitSetup,blob,db277815686529049308e8ead4a877c9a13c6093,pending-review,,
src/TortoiseGitSetup/Includes.wxi,TortoiseGitSetup,blob,ff4ef7628fd87aa18a4b199985089baac337fd25,pending-review,,
src/TortoiseGitSetup/ProtocolSupport.wxi,TortoiseGitSetup,blob,83c8134a8efde9f09191e5198defb4ea2b378a2d,pending-review,,
src/TortoiseGitSetup/RestartExplorer/Resource.h,TortoiseGitSetup,blob,1ba8a5d2cb4275c85d7e1ac7484fa583d0b498c1,pending-review,,
src/TortoiseGitSetup/RestartExplorer/RestartExplorer.cpp,TortoiseGitSetup,blob,fa2b0065d6e1b3a370224fd39a557603c57e54b6,pending-review,,
src/TortoiseGitSetup/RestartExplorer/RestartExplorer.rc,TortoiseGitSetup,blob,1e4f71e0f1e1ca058fc1ecd4ab77f679eb125dcb,pending-review,,
src/TortoiseGitSetup/RestartExplorer/RestartExplorer.rc2,TortoiseGitSetup,blob,8ee0cc1485de9f70d1f7c665748c3868c0bb1826,pending-review,,
src/TortoiseGitSetup/RestartExplorer/RestartExplorer.vcxproj,TortoiseGitSetup,blob,83f1e4b269a6ab4ecc7614300112013847d15624,pending-review,,
src/TortoiseGitSetup/RestartExplorer/RestartExplorer.vcxproj.filters,TortoiseGitSetup,blob,347af812a2a2e35a7cbb1c77125ff95154ff6f3e,pending-review,,
src/TortoiseGitSetup/RestartExplorer/stdafx.cpp,TortoiseGitSetup,blob,f4feeeab52c78edf0d491387e102b08f41cff09f,pending-review,,
src/TortoiseGitSetup/RestartExplorer/stdafx.h,TortoiseGitSetup,blob,3b0cd036f95da6832eda374571d6089d769615a7,pending-review,,
src/TortoiseGitSetup/SparsePackage/AppxManifest.xml,TortoiseGitSetup,blob,b4e4425b234906a2c90854d5838d7929172df8c1,pending-review,,
src/TortoiseGitSetup/SparsePackageArm64/AppxManifest.xml,TortoiseGitSetup,blob,49a6c378aa011dc8eb8a1af81707e7b301e389c1,pending-review,,
src/TortoiseGitSetup/StructureFragment.wxi,TortoiseGitSetup,blob,5b532dc3cf2411f199b851e523487f8f77a018e2,pending-review,,
src/TortoiseGitSetup/TortoiseGIT.wxs,TortoiseGitSetup,blob,fce96777ff9a90c516303f73e5e14a5bf60a6ce6,pending-review,,
src/TortoiseGitSetup/TortoiseUDiff.wxi,TortoiseGitSetup,blob,28cffc0890055b63538501186db5b3b176475d31,pending-review,,
src/TortoiseGitSetup/UIFragment.wxi,TortoiseGitSetup,blob,b3d6631be711355f625119944d16419b9d478ea3,pending-review,,
src/TortoiseGitSetup/VersionNumberInclude.wxi,TortoiseGitSetup,blob,6dd4d2a84ce34e598890c9fe6e0dd63e032d9d75,pending-review,,
src/TortoiseGitSetup/WiXSetup.wixproj,TortoiseGitSetup,blob,fbf3590cc1a5d75b23808dcb0ef4b9c3c1f2fbd3,pending-review,,
src/TortoiseGitSetup/WixUI_Simplest.wxs,TortoiseGitSetup,blob,f7bc6738b51017f3c4ea46e07edc47eef8891525,pending-review,,
src/TortoiseGitSetup/include/Banner.jpg,TortoiseGitSetup,blob,abbd869bc86e5954ddca6308937ad37d02d46874,pending-review,,
src/TortoiseGitSetup/include/Complete.ico,TortoiseGitSetup,blob,93a95a1b190530733b16e26c8f1882e007f43315,pending-review,,
src/TortoiseGitSetup/include/Custom.ico,TortoiseGitSetup,blob,878d3ba54b8bfaf2de6ea1e8584bb25726492e5d,pending-review,,
src/TortoiseGitSetup/include/Dialog.jpg,TortoiseGitSetup,blob,d669356ff313cc17aec2a5a07474de7345247115,pending-review,,
src/TortoiseGitSetup/include/Exclam.ico,TortoiseGitSetup,blob,906ce3246dba72e290f6a3008b19ea129233f213,pending-review,,
src/TortoiseGitSetup/include/Info.ico,TortoiseGitSetup,blob,7e0ff7f14c24ace2d59e24260b666ca60ef57482,pending-review,,
src/TortoiseGitSetup/include/New.ico,TortoiseGitSetup,blob,27881dfe972209bb5825c15cb7bc00bbde46c7c2,pending-review,,
src/TortoiseGitSetup/include/NewFldrBtn.bmp,TortoiseGitSetup,blob,06ce56d0ee1c2553712c7deb51141715e0eefde5,pending-review,,
src/TortoiseGitSetup/include/Remove.ico,TortoiseGitSetup,blob,097cafe274a9b8e05bd6e4bc6fa92abe56c40b51,pending-review,,
src/TortoiseGitSetup/include/Repair.ico,TortoiseGitSetup,blob,6fb68610c9af370020f00cd1d0ff589db8d19b6d,pending-review,,
src/TortoiseGitSetup/include/TGIT_eula.rtf,TortoiseGitSetup,blob,f57e6394849a2cf62ead597844786a368f8d6abe,pending-review,,
src/TortoiseGitSetup/include/Typical.ico,TortoiseGitSetup,blob,94753ac296389ae5b90e56608a5fd1882692985f,pending-review,,
src/TortoiseGitSetup/include/Up.ico,TortoiseGitSetup,blob,86f6b5a84755483dee8175ebc821d3af0ce866b8,pending-review,,
src/TortoiseGitSetup/include/UpFldrBtn.bmp,TortoiseGitSetup,blob,045be0dc1bf4e8f9cf9bf56eadab373447bbd053,pending-review,,
src/TortoiseGitSetup/include/autolist.txt,TortoiseGitSetup,blob,4115a7a301b9a209613e7b458ee2215cd205f5d4,pending-review,,
src/TortoiseGitSetup/include/snippet.txt,TortoiseGitSetup,blob,301f52c0a1aacdcf53775677ec24b0be949b70d8,pending-review,,
src/TortoiseIDiff/.editorconfig,TortoiseIDiff,blob,a92bb066d1ef62df16aed294de739eb4fadd07d5,pending-review,,
src/TortoiseIDiff/AboutDlg.cpp,TortoiseIDiff,blob,50b45d04d991e7f7934d6df2cf433e1ada42d659,pending-review,,
src/TortoiseIDiff/AboutDlg.h,TortoiseIDiff,blob,ea779fcb12c2bc2d6a360e21dfaf6e33edfda7dc,pending-review,,
src/TortoiseIDiff/MainWindow.cpp,TortoiseIDiff,blob,915f4ae1ea5b90c4ecdcc8c601caf46f3ff24a7f,pending-review,,
src/TortoiseIDiff/MainWindow.h,TortoiseIDiff,blob,68173a8a82bf12d77f961e23817ca7b0bc9292f0,pending-review,,
src/TortoiseIDiff/NiceTrackbar.cpp,TortoiseIDiff,blob,d5d3b5ef3e138215fbe440d7a75b0a0f391d65e1,pending-review,,
src/TortoiseIDiff/NiceTrackbar.h,TortoiseIDiff,blob,ca2a9d1f1e9b62b424ff33de2dac42f48f69bf98,pending-review,,
src/TortoiseIDiff/PicWindow.cpp,TortoiseIDiff,blob,bd24a0b17d7e4993a079b5de4a85e5aa5936893b,pending-review,,
src/TortoiseIDiff/PicWindow.h,TortoiseIDiff,blob,de3045aadf3262da6cea9a19b6e721cc967e89c5,pending-review,,
src/TortoiseIDiff/TortoiseIDiff.cpp,TortoiseIDiff,blob,aad253d33c067380bb52732af522eba15f5663f4,pending-review,,
src/TortoiseIDiff/TortoiseIDiff.h,TortoiseIDiff,blob,e92044318e2276907aba4aeab4377cc45406884b,pending-review,,
src/TortoiseIDiff/TortoiseIDiff.rc,TortoiseIDiff,blob,c7274e43f674874ad0d017b3b171cc6ddd2fef31,pending-review,,
src/TortoiseIDiff/TortoiseIDiff.rc2,TortoiseIDiff,blob,359c7cc4211ca164c862019ef8b5290eb78323a6,pending-review,,
src/TortoiseIDiff/TortoiseIDiff.vcxproj,TortoiseIDiff,blob,0050fda3d65065de5d38e6b779ca3d193f4ad8a3,pending-review,,
src/TortoiseIDiff/TortoiseIDiff.vcxproj.filters,TortoiseIDiff,blob,7c6ba7d2ec31dace9e74d7af0b0cc387ec190004,pending-review,,
src/TortoiseIDiff/TortoiseIDiffLang.vcxproj,TortoiseIDiff,blob,984ccf1ff0756831711fac7a014627a22d18815c,pending-review,,
src/TortoiseIDiff/TortoiseIDiffLang.vcxproj.filters,TortoiseIDiff,blob,711043c1853bfe628d29f14e52f2d49b011d6bf0,pending-review,,
src/TortoiseIDiff/resource.h,TortoiseIDiff,blob,ee3eeac25fa41293ade177e36fb36a792ff2a11f,pending-review,,
src/TortoiseIDiff/resources/TortoiseIDiff.ico,TortoiseIDiff,blob,737b6ab594a910dfe8da65b890c8a7bbf4d13073,pending-review,,
src/TortoiseIDiff/resources/alphatoggle.ico,TortoiseIDiff,blob,dd62a9d1aa20274bc6dd80ae3884c625632243ea,pending-review,,
src/TortoiseIDiff/resources/blend.ico,TortoiseIDiff,blob,642312f2d4979d1e900b54781ef5e64cbd18e05d,pending-review,,
src/TortoiseIDiff/resources/fitheights.ico,TortoiseIDiff,blob,1815bf1ba7fe9cb58514443652208b3785f54b34,pending-review,,
src/TortoiseIDiff/resources/fitinwindow.ico,TortoiseIDiff,blob,216b13af2c4c9fb88477c04f8809cbea08f3b9a1,pending-review,,
src/TortoiseIDiff/resources/fitwidths.ico,TortoiseIDiff,blob,e9c4dbc7fd3f5085ca51f42cb4b2ba54d4b4f713,pending-review,,
src/TortoiseIDiff/resources/imginfo.ico,TortoiseIDiff,blob,ce799b5de6b8acf792afabf1f2357f605c08df50,pending-review,,
src/TortoiseIDiff/resources/link.ico,TortoiseIDiff,blob,3e153a7a4030fc6d0f162bb2373410b17040ee6d,pending-review,,
src/TortoiseIDiff/resources/origsize.ico,TortoiseIDiff,blob,22f3cfd2f61452ca8bba9bf758e14827d4842dde,pending-review,,
src/TortoiseIDiff/resources/overlap.ico,TortoiseIDiff,blob,9401488fe0e99b0e47175f278c37acddfa9926a3,pending-review,,
src/TortoiseIDiff/resources/player_fwd.ico,TortoiseIDiff,blob,24010a1b51e77eea4fd8d2fcdb494c76d1d1b0eb,pending-review,,
src/TortoiseIDiff/resources/player_rew.ico,TortoiseIDiff,blob,b8eacba2ebb36a32b087e2654ad777335013a5e0,pending-review,,
src/TortoiseIDiff/resources/player_start.ico,TortoiseIDiff,blob,dfcda139161c7f02e421954a18a6decb4cb3ccf0,pending-review,,
src/TortoiseIDiff/resources/player_stop.ico,TortoiseIDiff,blob,a06d63c398866e96d38607abe1113feab4e47fb4,pending-review,,
src/TortoiseIDiff/resources/vertical.ico,TortoiseIDiff,blob,bbf06831452d980af93a09bf9337ce9b47ff075d,pending-review,,
src/TortoiseIDiff/resources/zoomin.ico,TortoiseIDiff,blob,2787eab1ec693514ccb4bb2d6b72a11ec51b3926,pending-review,,
src/TortoiseIDiff/resources/zoomout.ico,TortoiseIDiff,blob,837acbf2f83947a3bb046dd8a6c0e6362105b9b8,pending-review,,
src/TortoiseIDiff/stdafx.cpp,TortoiseIDiff,blob,2baddc3c4fce1a87fec8c932171fb76714e0571c,pending-review,,
src/TortoiseIDiff/stdafx.h,TortoiseIDiff,blob,62953a9d97c731e5f036bee1f46d9b3479ea0a91,pending-review,,
src/TortoiseMerge/AboutDlg.cpp,TortoiseMerge,blob,6aefb0e9bf67ffcef1a8be319a4a86eaf75fef04,pending-review,,
src/TortoiseMerge/AboutDlg.h,TortoiseMerge,blob,014f3ad547e5cf5e2464b0a321d530cc461572e3,pending-review,,
src/TortoiseMerge/AppUtils.cpp,TortoiseMerge,blob,7e67a7ee01c3b25b41b30f1d8142ca265fbd6f46,pending-review,,
src/TortoiseMerge/AppUtils.h,TortoiseMerge,blob,ad0ee78a1baaeb2b3ebb65e5c033dffd2e78b6eb,pending-review,,
src/TortoiseMerge/BaseView.cpp,TortoiseMerge,blob,366693a9d1d37033f6c99222fe616e6c1dc394c5,pending-review,,
src/TortoiseMerge/BaseView.h,TortoiseMerge,blob,b6df00936593fedcc7f6375125d2fdc08a86e138,pending-review,,
src/TortoiseMerge/BottomView.cpp,TortoiseMerge,blob,604c2311ee3b040f233c696debe708a444b4d754,pending-review,,
src/TortoiseMerge/BottomView.h,TortoiseMerge,blob,a7b905538aadc4b90550edbddd8e1812c115b1f7,pending-review,,
src/TortoiseMerge/CustomMFCRibbonStatusBar.h,TortoiseMerge,blob,d2653405a4597fc304a9ac14926dba9dccf23eed,pending-review,,
src/TortoiseMerge/DiffColors.cpp,TortoiseMerge,blob,6da9005c64f9e989f495e0c61805306c3894bc56,pending-review,,
src/TortoiseMerge/DiffColors.h,TortoiseMerge,blob,1e1070aa738a175c5cb9827f61ede75568ef25be,pending-review,,
src/TortoiseMerge/DiffData.cpp,TortoiseMerge,blob,929b1992ef8c8216d08d5a7673895979079f0eb5,pending-review,,
src/TortoiseMerge/DiffData.h,TortoiseMerge,blob,0f4d49b6a917466180d46d53c28ce8c0e8a9df9d,pending-review,,
src/TortoiseMerge/DiffStates.h,TortoiseMerge,blob,640cb75ab4d1ca1f08f4488a8fa1c92cc032b8ae,pending-review,,
src/TortoiseMerge/EOL.cpp,TortoiseMerge,blob,9ca871dd472240cc62578c622e7b49b219d13350,pending-review,,
src/TortoiseMerge/EOL.h,TortoiseMerge,blob,6c0cb1571cbf1a79d8eafba0f31e944824c90ac0,pending-review,,
src/TortoiseMerge/EditorConfigWrapper.cpp,TortoiseMerge,blob,361b7365d56986b0894880eb7a66ae8d1ff79dc3,pending-review,,
src/TortoiseMerge/EditorConfigWrapper.h,TortoiseMerge,blob,3c392dfd8bcc6229b27712668ced4ab52828366b,pending-review,,
src/TortoiseMerge/EncodingDlg.cpp,TortoiseMerge,blob,ea08023ca12b6f62ada444bc113ec6cfe51fb92b,pending-review,,
src/TortoiseMerge/EncodingDlg.h,TortoiseMerge,blob,6abd40f0fbd34e763cf6601af730eb12ad3f8269,pending-review,,
src/TortoiseMerge/FilePatchesDlg.cpp,TortoiseMerge,blob,c882cf833e103f16750f1a9cd04d6a5b6db0402a,pending-review,,
src/TortoiseMerge/FilePatchesDlg.h,TortoiseMerge,blob,ba5e804f0ff26d5f9bff0b5c9d5882456aaf55a9,pending-review,,
src/TortoiseMerge/FileTextLines.cpp,TortoiseMerge,blob,e9ac66ef889687750921f09d4ccafce7f843e996,pending-review,,
src/TortoiseMerge/FileTextLines.h,TortoiseMerge,blob,ec857cb501cd1331aeb0b4e9d5dcf6ef6f405f6a,pending-review,,
src/TortoiseMerge/FindDlg.cpp,TortoiseMerge,blob,f744962b17020ebcbd71efd5711191af94b1c318,pending-review,,
src/TortoiseMerge/FindDlg.h,TortoiseMerge,blob,8f5931cb46cd370f0b1a16a1539e3132c40c889d,pending-review,,
src/TortoiseMerge/GotoLineDlg.cpp,TortoiseMerge,blob,838a31f77395eb56ac59e276b4ef0acde7136c5d,pending-review,,
src/TortoiseMerge/GotoLineDlg.h,TortoiseMerge,blob,c4d2370e3366d8d537584e507062294f51e58c71,pending-review,,
src/TortoiseMerge/LeftView.cpp,TortoiseMerge,blob,363de061ad49eefd502b7fcca0f69c9e398324e6,pending-review,,
src/TortoiseMerge/LeftView.h,TortoiseMerge,blob,2b2a1121d3e8e06491b21460d696b1dbefc099a6,pending-review,,
src/TortoiseMerge/LineDiffBar.cpp,TortoiseMerge,blob,67e8985e54aa5984ce6013d9be4cf5020b2ad3f3,pending-review,,
src/TortoiseMerge/LineDiffBar.h,TortoiseMerge,blob,4c4b27030eae759aba087bdec5a663573ec837b6,pending-review,,
src/TortoiseMerge/LocatorBar.cpp,TortoiseMerge,blob,40b6397feed330b0c56695ac32aab1c748b88f16,pending-review,,
src/TortoiseMerge/LocatorBar.h,TortoiseMerge,blob,d4c525ce48eb28a0a46c689ad5c43488c854e71d,pending-review,,
src/TortoiseMerge/MainFrm.cpp,TortoiseMerge,blob,0d5d08525a1ee6a3f8bfa5f15cff9bf6bcba1138,pending-review,,
src/TortoiseMerge/MainFrm.h,TortoiseMerge,blob,24f371aeb7550a66ba1b05516a7ff8333837a036,pending-review,,
src/TortoiseMerge/MovedBlocks.cpp,TortoiseMerge,blob,93b7b68d2fecc84063f355a226d00fb30d5d5348,pending-review,,
src/TortoiseMerge/MovedBlocks.h,TortoiseMerge,blob,74c3e4db756fc7f3dd4b899443508eb122451921,pending-review,,
src/TortoiseMerge/NativeRibbonApp.cpp,TortoiseMerge,blob,52ac8190e6f0f9606a51b2f5e54dbfd0557af490,pending-review,,
src/TortoiseMerge/NativeRibbonApp.h,TortoiseMerge,blob,a681cd3538406556fd274eccd207472da7e0745e,pending-review,,
src/TortoiseMerge/OpenDlg.cpp,TortoiseMerge,blob,036e41132514056f64e439fd6ffc6f4c87306c9b,pending-review,,
src/TortoiseMerge/OpenDlg.h,TortoiseMerge,blob,f43babd303421457a9eaecbf48151a7665d7803b,pending-review,,
src/TortoiseMerge/Patch.cpp,TortoiseMerge,blob,2c3478f84f6b19abdda23fca1088e8358c2b016a,pending-review,,
src/TortoiseMerge/Patch.h,TortoiseMerge,blob,ab508b9532f59c19845668287ae1f64d86f4ccc3,pending-review,,
src/TortoiseMerge/RegexFilterDlg.cpp,TortoiseMerge,blob,94bd5d7015acc561078ebba5c60dd998e1d35775,pending-review,,
src/TortoiseMerge/RegexFilterDlg.h,TortoiseMerge,blob,feb9573050d8ee877eca2cce4253c2d3bcd8e43e,pending-review,,
src/TortoiseMerge/RegexFiltersDlg.cpp,TortoiseMerge,blob,4841d280c96bf45233624e3d839e6b1589e49d6f,pending-review,,
src/TortoiseMerge/RegexFiltersDlg.h,TortoiseMerge,blob,fe17101e35e882daf3affe5e224ada051db1c372,pending-review,,
src/TortoiseMerge/RightView.cpp,TortoiseMerge,blob,4b7e417a5c6ce3f68ad80b582aef80cfc157ed9d,pending-review,,
src/TortoiseMerge/RightView.h,TortoiseMerge,blob,b2952a2e6bb9c13ab91eb177959c658f31efca46,pending-review,,
src/TortoiseMerge/SetColorPage.cpp,TortoiseMerge,blob,168b70259d0a4ff7af969bce007c7d7f44d025e7,pending-review,,
src/TortoiseMerge/SetColorPage.h,TortoiseMerge,blob,5f524592dfe8caeb05d11294b0bf2c28ffd566a4,pending-review,,
src/TortoiseMerge/SetMainPage.cpp,TortoiseMerge,blob,34599580d98bb5862099cd36cd761acd959c690f,pending-review,,
src/TortoiseMerge/SetMainPage.h,TortoiseMerge,blob,e014dc7ad0b60a7ece3fac0d8212f1e36a9eb0d2,pending-review,,
src/TortoiseMerge/Settings.cpp,TortoiseMerge,blob,880c544e4850ab6b35f95b4ef114f0d25281f621,pending-review,,
src/TortoiseMerge/Settings.h,TortoiseMerge,blob,0feb3f5830c995b98609f6d31d843aa9edca3569,pending-review,,
src/TortoiseMerge/TempFile.cpp,TortoiseMerge,blob,9fa2c4499e06aa80b1a0fe8556437fae7fcda341,pending-review,,
src/TortoiseMerge/TempFile.h,TortoiseMerge,blob,e14eca9704acaefa26e37f601b3db7972ba23515,pending-review,,
src/TortoiseMerge/TortoiseMerge.cpp,TortoiseMerge,blob,a9372b76927a2a025f39989dd1e3d6b1b8915ae9,pending-review,,
src/TortoiseMerge/TortoiseMerge.h,TortoiseMerge,blob,de63d5a5005dacdc18b5c465acd2717cdddf14de,pending-review,,
src/TortoiseMerge/TortoiseMerge.vcxproj,TortoiseMerge,blob,54ca79075ed70431a62d586c1f91494fe5b5a108,pending-review,,
src/TortoiseMerge/TortoiseMerge.vcxproj.filters,TortoiseMerge,blob,3f923a16c4c90dc046532036c3be8275e232057e,pending-review,,
src/TortoiseMerge/TortoiseMergeLang.vcxproj,TortoiseMerge,blob,1609d61011f9912fc3a7af666847a77b13c3aa72,pending-review,,
src/TortoiseMerge/TortoiseMergeLang.vcxproj.filters,TortoiseMerge,blob,382a27b447b5bec47fa7e66866e6200883982967,pending-review,,
src/TortoiseMerge/Undo.cpp,TortoiseMerge,blob,7afd9e198c9803310e8f0b87cea1334c679bb5e0,pending-review,,
src/TortoiseMerge/Undo.h,TortoiseMerge,blob,04f82d0be85a8145a6866f2bd5031ff173fa0e7c,pending-review,,
src/TortoiseMerge/ViewData.cpp,TortoiseMerge,blob,884fc26a0b130de3e521b04142116af8889a74e6,pending-review,,
src/TortoiseMerge/ViewData.h,TortoiseMerge,blob,6eb1ea853f5912fac72569c0cfd776f9c7766799,pending-review,,
src/TortoiseMerge/WorkingFile.cpp,TortoiseMerge,blob,aa8d13844f9d483238c02969220f1a74d0135d97,pending-review,,
src/TortoiseMerge/WorkingFile.h,TortoiseMerge,blob,49aa9be725ed9409eac1e68d0e12d5eec20c5903,pending-review,,
src/TortoiseMerge/XSplitter.cpp,TortoiseMerge,blob,4fbb827c43ad7cbd54361912119ebab92e995053,pending-review,,
src/TortoiseMerge/XSplitter.h,TortoiseMerge,blob,8b1b92d92dbe9ce875c8e3d30fb83df138560ca2,pending-review,,
src/TortoiseMerge/libsvn_diff/.editorconfig,TortoiseMerge,blob,7807f27cc2758f938195a6a70bb392b8e72b27ad,pending-review,,
src/TortoiseMerge/libsvn_diff/SVNLineDiff.cpp,TortoiseMerge,blob,c612ec78375383eca9bd92371613189f365e6f86,pending-review,,
src/TortoiseMerge/libsvn_diff/TortoiseGit.txt,TortoiseMerge,blob,537288e686730c6b5fcbd92e98f83fc5cdbd33a7,pending-review,,
src/TortoiseMerge/libsvn_diff/adler32.c,TortoiseMerge,blob,1b1bca315ef4c906930495980b7c26f7f7e1501a,pending-review,,
src/TortoiseMerge/libsvn_diff/atomic.c,TortoiseMerge,blob,303cd8035bb9fe74f868575360aac3836aceaff6,pending-review,,
src/TortoiseMerge/libsvn_diff/checksum.c,TortoiseMerge,blob,06e3b778e4ba01583d599c9f0ad7ae54ae7b7f90,pending-review,,
src/TortoiseMerge/libsvn_diff/cmdline.c,TortoiseMerge,blob,bb47c72f500d89fd6ce8d6476b9b24d0bd22861a,pending-review,,
src/TortoiseMerge/libsvn_diff/ctype.c,TortoiseMerge,blob,23a98085014ac89a4fc9f28efb2281456052c956,pending-review,,
src/TortoiseMerge/libsvn_diff/deprecated.c,TortoiseMerge,blob,2edfd8ace07c0c760e71c1af08623473d6a585d3,pending-review,,
src/TortoiseMerge/libsvn_diff/diff.c,TortoiseMerge,blob,0fc7d4818720ddab00055098d8ed27833bfaf75c,pending-review,,
src/TortoiseMerge/libsvn_diff/diff.h,TortoiseMerge,blob,20e7cfe9e0ab7dba2c141461070d12413fa809b6,pending-review,,
src/TortoiseMerge/libsvn_diff/diff3.c,TortoiseMerge,blob,f65eb9c766292f8e4c5a04887f1e4cd98a067b90,pending-review,,
src/TortoiseMerge/libsvn_diff/diff4.c,TortoiseMerge,blob,29ad36cbf423f93d790ecca7ad1e40b6b74fe383,pending-review,,
src/TortoiseMerge/libsvn_diff/diff_file.c,TortoiseMerge,blob,ecaad0b92a26077a693d23ecab7b722b7c07363c,pending-review,,
src/TortoiseMerge/libsvn_diff/diff_memory.c,TortoiseMerge,blob,c0676b9fa2cd5153ff5440e29f4ca917dd1bc9cc,pending-review,,
src/TortoiseMerge/libsvn_diff/dirent_uri.c,TortoiseMerge,blob,8990fd08d604f1526092e5d2869059f9c7ccd8af,pending-review,,
src/TortoiseMerge/libsvn_diff/dirent_uri.h,TortoiseMerge,blob,9b0ae6655efc9eaf6325b83771dc35700c9d9d93,pending-review,,
src/TortoiseMerge/libsvn_diff/dso.c,TortoiseMerge,blob,c55dbb3598fe0124ad2973b0c92d951775a409a7,pending-review,,
src/TortoiseMerge/libsvn_diff/eol.c,TortoiseMerge,blob,d06f99a6eea6329c3737a3c2de76c54a00a6ad9f,pending-review,,
src/TortoiseMerge/libsvn_diff/error.c,TortoiseMerge,blob,ad81a9827263b6ad94da44ce0afeea2ddda5cb54,pending-review,,
src/TortoiseMerge/libsvn_diff/hash.c,TortoiseMerge,blob,052adc460b991b485f68eb18ad1ad489232f8621,pending-review,,
src/TortoiseMerge/libsvn_diff/io.c,TortoiseMerge,blob,36bcf157369c446fb0628113f7e41c28248ee8d3,pending-review,,
src/TortoiseMerge/libsvn_diff/iter.c,TortoiseMerge,blob,92cfc1fcac76182521d5bfd277c91416bc55b9f5,pending-review,,
src/TortoiseMerge/libsvn_diff/lcs.c,TortoiseMerge,blob,2e28b8aee0ff5a82528396b2c4da65fe00cae8a8,pending-review,,
src/TortoiseMerge/libsvn_diff/md5.c,TortoiseMerge,blob,1947f0f68a5e6f05422646c69d2553a2513b782d,pending-review,,
src/TortoiseMerge/libsvn_diff/md5.h,TortoiseMerge,blob,273b5031b091802298ab3becd649f4c676dd532c,pending-review,,
src/TortoiseMerge/libsvn_diff/mergeinfo.c,TortoiseMerge,blob,f12ef83b6dd2c16ec42f9b3310064802a86defed,pending-review,,
src/TortoiseMerge/libsvn_diff/mutex.c,TortoiseMerge,blob,3663f5b15cf689a536a2b49ffd5f15e0ca752eea,pending-review,,
src/TortoiseMerge/libsvn_diff/path.c,TortoiseMerge,blob,7554f24cbf0abf844df7e81cf5fb404a94e6469c,pending-review,,
src/TortoiseMerge/libsvn_diff/pool.c,TortoiseMerge,blob,26c609e33179eafa062d5b607e531d3e8a6a3632,pending-review,,
src/TortoiseMerge/libsvn_diff/private/svn_adler32.h,TortoiseMerge,blob,4be67f6c629b37ade352cd0075d4fba1106170de,pending-review,,
src/TortoiseMerge/libsvn_diff/private/svn_atomic.h,TortoiseMerge,blob,2739b00f38c8fdd73218a3ce7a204440f623b204,pending-review,,
src/TortoiseMerge/libsvn_diff/private/svn_dep_compat.h,TortoiseMerge,blob,f08bbb0fc4fb3de6a44a2b08f9824b6e1375422f,pending-review,,
src/TortoiseMerge/libsvn_diff/private/svn_diff_private.h,TortoiseMerge,blob,4b08c54981d8e0db9af7685c120e63e00b731a92,pending-review,,
src/TortoiseMerge/libsvn_diff/private/svn_eol_private.h,TortoiseMerge,blob,2419745c939d915dacebcaf36f57501d8eed89cc,pending-review,,
src/TortoiseMerge/libsvn_diff/private/svn_error_private.h,TortoiseMerge,blob,cc850a7f0d203e26810a860362e70d77b84354c6,pending-review,,
src/TortoiseMerge/libsvn_diff/private/svn_fspath.h,TortoiseMerge,blob,c9ce0370c920cbfd05655019a6919f70754fc30d,pending-review,,
src/TortoiseMerge/libsvn_diff/private/svn_io_private.h,TortoiseMerge,blob,2115159c6e1c49b0276142512f560cc99abf9a6f,pending-review,,
src/TortoiseMerge/libsvn_diff/private/svn_mergeinfo_private.h,TortoiseMerge,blob,4e222f83956561937333bdd52dcfd6a8da6ac6a0,pending-review,,
src/TortoiseMerge/libsvn_diff/private/svn_mutex.h,TortoiseMerge,blob,8398eda6b811498502f8792b4b4c698984035a72,pending-review,,
src/TortoiseMerge/libsvn_diff/private/svn_string_private.h,TortoiseMerge,blob,081e1237d8afd75bddf86babe87a29a7551f8f41,pending-review,,
src/TortoiseMerge/libsvn_diff/private/svn_subr_private.h,TortoiseMerge,blob,5f7a96813f5e0d227297a0051d92821354617158,pending-review,,
src/TortoiseMerge/libsvn_diff/private/svn_utf_private.h,TortoiseMerge,blob,a405b91a46e85ab3285e878cf9a9cc098ab4dea9,pending-review,,
src/TortoiseMerge/libsvn_diff/properties.c,TortoiseMerge,blob,a97a03bca04b2771629a885edc0d7a598319083d,pending-review,,
src/TortoiseMerge/libsvn_diff/sha1.c,TortoiseMerge,blob,4d6c862c672621bae40a069e6dd64a8d1a1ba217,pending-review,,
src/TortoiseMerge/libsvn_diff/sha1.h,TortoiseMerge,blob,fb7ab5cb88bed799527fb69839a254eb99d4e427,pending-review,,
src/TortoiseMerge/libsvn_diff/sorts.c,TortoiseMerge,blob,7ddb19d6d9f2b91655b5f8bffaad8c0ed9a07947,pending-review,,
src/TortoiseMerge/libsvn_diff/spillbuf.c,TortoiseMerge,blob,664f806a206f2d090b5d33e7432bf86f80b183cf,pending-review,,
src/TortoiseMerge/libsvn_diff/stream.c,TortoiseMerge,blob,70e9e4894138173545050e14c29f2f36293ddf9a,pending-review,,
src/TortoiseMerge/libsvn_diff/string.c,TortoiseMerge,blob,acd0e0d88b77dc482947ed04638104d1ebb9505a,pending-review,,
src/TortoiseMerge/libsvn_diff/token.c,TortoiseMerge,blob,11778e260fef2c01e7ebad1f5f90d564b2b0bd03,pending-review,,
src/TortoiseMerge/libsvn_diff/types.c,TortoiseMerge,blob,e8cc0650c14d81d347e282b7a1d2edf9a7403c94,pending-review,,
src/TortoiseMerge/libsvn_diff/utf.c,TortoiseMerge,blob,0b48bdb66acdc9140c0ca1c37dcf58cfa6aa12f4,pending-review,,
src/TortoiseMerge/libsvn_diff/utf_validate.c,TortoiseMerge,blob,86ccbc8fb1c7fb8b8dbe624b3dbba456fe711b5b,pending-review,,
src/TortoiseMerge/libsvn_diff/util.c,TortoiseMerge,blob,94612db5456cc32fc04cbd96dc3decdd69fd47ac,pending-review,,
src/TortoiseMerge/libsvn_diff/win32_xlate.c,TortoiseMerge,blob,1ed3a8afc48b580922a6874722a2275a67a6cf05,pending-review,,
src/TortoiseMerge/libsvn_diff/win32_xlate.h,TortoiseMerge,blob,6776051d450f4e9b242b7aaf31f7a424fc07177a,pending-review,,
src/TortoiseMerge/resource.h,TortoiseMerge,blob,6ee0b07f708e7cffdee1b1f1fe03bf03890b87b4,pending-review,,
src/TortoiseMerge/stdafx.cpp,TortoiseMerge,blob,54456edf5d8de6a04b6a9d8de4c438686f5ebd32,pending-review,,
src/TortoiseMerge/stdafx.h,TortoiseMerge,blob,6b29e06cfca675142b9892eccbc86d6a700b97b4,pending-review,,
src/TortoiseMerge/svninclude/.editorconfig,TortoiseMerge,blob,0d19606e5aeb46033ada2c4c33b818473dd333b2,pending-review,,
src/TortoiseMerge/svninclude/SVNLineDiff.h,TortoiseMerge,blob,8ddff1dd92988d63fe46e268e283560d7c0288f0,pending-review,,
src/TortoiseMerge/svninclude/svn_auth.h,TortoiseMerge,blob,ba5654ffd20433236c7c6b9b04b258b8ef61931c,pending-review,,
src/TortoiseMerge/svninclude/svn_base64.h,TortoiseMerge,blob,1ccb56f127ed174a5faac013463cd55311bcc0f2,pending-review,,
src/TortoiseMerge/svninclude/svn_checksum.h,TortoiseMerge,blob,4a85d908c58902dc14d4fb8e96ea9e418cfe76bf,pending-review,,
src/TortoiseMerge/svninclude/svn_cmdline.h,TortoiseMerge,blob,1ce869cfa86da21d161ae29d7438b969ba9f9825,pending-review,,
src/TortoiseMerge/svninclude/svn_config.h,TortoiseMerge,blob,f5bed7bf64a760911ad23112e0bf509ccc8a4659,pending-review,,
src/TortoiseMerge/svninclude/svn_ctype.h,TortoiseMerge,blob,58255ef9d9d62690d25efb13997254a07860a630,pending-review,,
src/TortoiseMerge/svninclude/svn_delta.h,TortoiseMerge,blob,cdb9d1c4beacab109bf33f70d9fc2dee5b9b8808,pending-review,,
src/TortoiseMerge/svninclude/svn_diff.h,TortoiseMerge,blob,0c118ac8de4a8ccb33258ecd8f382a3f861697ab,pending-review,,
src/TortoiseMerge/svninclude/svn_dirent_uri.h,TortoiseMerge,blob,b29f9407a9a5bdaade03bfa7fb78f0ad3f69b9c5,pending-review,,
src/TortoiseMerge/svninclude/svn_dso.h,TortoiseMerge,blob,3a386c84665e74e1ab376a874a4ede3bdd6a6d2c,pending-review,,
src/TortoiseMerge/svninclude/svn_error.h,TortoiseMerge,blob,4e8524b4d8acc21f9dd078ab01b5dc2ac0b80e9b,pending-review,,
src/TortoiseMerge/svninclude/svn_error_codes.h,TortoiseMerge,blob,6bba0d81899e19c7e06e2f049b9dce76f87db80f,pending-review,,
src/TortoiseMerge/svninclude/svn_hash.h,TortoiseMerge,blob,d2f6cd18599cf22690dff877e030a3b84a906a41,pending-review,,
src/TortoiseMerge/svninclude/svn_io.h,TortoiseMerge,blob,af8fe8e4d2e80eacfadcff322f22929ef9d0fcd3,pending-review,,
src/TortoiseMerge/svninclude/svn_iter.h,TortoiseMerge,blob,3158624a9c98e3b7a43f3f740d85a2e87bf7d8bd,pending-review,,
src/TortoiseMerge/svninclude/svn_md5.h,TortoiseMerge,blob,9b987fdff2ae7cc229f441b7b933691ac602a379,pending-review,,
src/TortoiseMerge/svninclude/svn_mergeinfo.h,TortoiseMerge,blob,4e87c0160a1fb85a4f3381b20d4f01da6ea80005,pending-review,,
src/TortoiseMerge/svninclude/svn_path.h,TortoiseMerge,blob,66a33ac21f5096965bdecd3a9305dcbb27ed9e10,pending-review,,
src/TortoiseMerge/svninclude/svn_pools.h,TortoiseMerge,blob,25a0ba8c2551b2e152734f16d353e6c0230b8db9,pending-review,,
src/TortoiseMerge/svninclude/svn_private_config.h,TortoiseMerge,blob,c993a60a22a1996a14dfc22cbfa8a8d8e32a09bc,pending-review,,
src/TortoiseMerge/svninclude/svn_props.h,TortoiseMerge,blob,305b56264ccc96e5c908a7bd31fcb4ff0cb41629,pending-review,,
src/TortoiseMerge/svninclude/svn_ra.h,TortoiseMerge,blob,d2d14aed4926cbd811303721738622d404533b53,pending-review,,
src/TortoiseMerge/svninclude/svn_ra_svn.h,TortoiseMerge,blob,90bb36fca0fd845e1a305eda64aa30c16c9865af,pending-review,,
src/TortoiseMerge/svninclude/svn_sorts.h,TortoiseMerge,blob,c88092ca766c658cb150d5db0e57ac710b796460,pending-review,,
src/TortoiseMerge/svninclude/svn_string.h,TortoiseMerge,blob,b74b04047176819351520d02251f0e3d37c3f031,pending-review,,
src/TortoiseMerge/svninclude/svn_subst.h,TortoiseMerge,blob,0284677044805d5e9d81f4fef1f70a23f54da331,pending-review,,
src/TortoiseMerge/svninclude/svn_types.h,TortoiseMerge,blob,b5982d1402486eaca5380ad0ee2ae3f5e30a8896,pending-review,,
src/TortoiseMerge/svninclude/svn_utf.h,TortoiseMerge,blob,60cbab9b5410b3b2d588f18995b2fc0a5a439e6f,pending-review,,
src/TortoiseMerge/svninclude/svn_version.h,TortoiseMerge,blob,29ba9afe9a996600a891cd0ff40cbf7ba7323c50,pending-review,,
src/TortoisePlink/.editorconfig,TortoisePlink,blob,376839650ab231c450f43a1a2896d59b4415a80b,pending-review,,
src/TortoisePlink/CHARSET/CHARSET.H,TortoisePlink,blob,e4a45bdd8335e22822076cf91688d6d02d1a96d5,pending-review,,
src/TortoisePlink/CMDLINE.C,TortoisePlink,blob,b2b29e83104a6ef4a72fcdcbc7be0ff2a48696f2,pending-review,,
src/TortoisePlink/LDISC.C,TortoisePlink,blob,7d54d792139e1d1ab9daeb1f7f9a4b023e4e0ee7,pending-review,,
src/TortoisePlink/LICENCE,TortoisePlink,blob,6252b9631a4c4e12250cd38397be8dc199a193a8,pending-review,,
src/TortoisePlink/LOGGING.C,TortoisePlink,blob,996f96ef985a3f40cf1e5552af3cd012c751fbea,pending-review,,
src/TortoisePlink/LoginDialog.cpp,TortoisePlink,blob,8925c3e3878e5574db562551444126915b0f8bb7,pending-review,,
src/TortoisePlink/LoginDialog.h,TortoisePlink,blob,02555e4d35092785a67d0640d1747a577f79e66e,pending-review,,
src/TortoisePlink/MISC.H,TortoisePlink,blob,a25f7a3cb32d305d1a046883f80f71b42c8cf9c6,pending-review,,
src/TortoisePlink/NETWORK.H,TortoisePlink,blob,d5929a699d13cd174ca1ec08144e65f331a7ad6c,pending-review,,
src/TortoisePlink/PINGER.C,TortoisePlink,blob,d29b22d926c7e52fa0a4532d9180338c27b87aa9,pending-review,,
src/TortoisePlink/PUTTY.H,TortoisePlink,blob,ab2abd4c633c637d2b5629dcbb5794938c5abbf4,pending-review,,
src/TortoisePlink/PUTTYMEM.H,TortoisePlink,blob,63e288b4899f194a3967077725213d331f7da8ca,pending-review,,
src/TortoisePlink/SETTINGS.C,TortoisePlink,blob,91ad5bb001044c3fce275df44ce74b5e29bed1f9,pending-review,,
src/TortoisePlink/SSH.H,TortoisePlink,blob,ea6954d94c6ab74e184a69983cdb3e7d6bb3b003,pending-review,,
src/TortoisePlink/SSHPUBK.C,TortoisePlink,blob,6fb50abf66cbfb2e9e49a346a6fbd09da608222e,pending-review,,
src/TortoisePlink/SSHRAND.C,TortoisePlink,blob,ba66b784c8c8f6c1d29b70d2101c54e62e0b4940,pending-review,,
src/TortoisePlink/STORAGE.H,TortoisePlink,blob,90c97f92fa6336f61b3f3d29393c8786087b1ede,pending-review,,
src/TortoisePlink/TIMING.C,TortoisePlink,blob,d2a5b5681fbc8f3acc7a7af3a630ebc69a1f99a1,pending-review,,
src/TortoisePlink/TREE234.H,TortoisePlink,blob,3a1e503af360e40996182beb72c9d1dd847d9e66,pending-review,,
src/TortoisePlink/VERSION.C,TortoisePlink,blob,20f36abf5769d5c657090530e25b49618c034bd8,pending-review,,
src/TortoisePlink/Windows/MSVC/Plink/TortoisePlink.vcxproj,TortoisePlink,blob,c5992db150ba95f54e8ca0f1c0aefb9a45389e5d,pending-review,,
src/TortoisePlink/Windows/MSVC/Plink/TortoisePlink.vcxproj.filters,TortoisePlink,blob,f8e0d30efda9aa5f8134bffeed9c2266d32f7149,pending-review,,
src/TortoisePlink/Windows/PUTTY.ICO,TortoisePlink,blob,fcd641a0a9b002b453e9f746ceb19b859384657b,pending-review,,
src/TortoisePlink/Windows/TortoisePlink.rc,TortoisePlink,blob,257c117448f7783e84bcf9bba122bf994ce5f0b5,pending-review,,
src/TortoisePlink/Windows/TortoisePlinkRes.h,TortoisePlink,blob,81462933265350e5ef0dc58d6eb845802a75dc1d,pending-review,,
src/TortoisePlink/Windows/agent-client.c,TortoisePlink,blob,904e79558f35def457f3971e9cedee53af54db8b,pending-review,,
src/TortoisePlink/Windows/cliloop.c,TortoisePlink,blob,bf0229bbd08950be80577cf95c512e1d081cfd4f,pending-review,,
src/TortoisePlink/Windows/console.c,TortoisePlink,blob,e2d96b1bfd8cbd55dcbaa88ed0d743f50119b46e,pending-review,,
src/TortoisePlink/Windows/cryptoapi.h,TortoisePlink,blob,99445fe0d258eb5d91307cbd2d04817adae5fa07,pending-review,,
src/TortoisePlink/Windows/gss.c,TortoisePlink,blob,788d6d6c6788046d88d356c9438ef510b964e1c9,pending-review,,
src/TortoisePlink/Windows/handle-io.c,TortoisePlink,blob,197ba9a9749dfb1946d8864267c49b1ecb38920d,pending-review,,
src/TortoisePlink/Windows/handle-socket.c,TortoisePlink,blob,ffb41735124d291aeebfc588c10597eea11951af,pending-review,,
src/TortoisePlink/Windows/handle-wait.c,TortoisePlink,blob,d6ab6e40abdec555209ca2c7c44f1529f52ca739,pending-review,,
src/TortoisePlink/Windows/help.c,TortoisePlink,blob,28d61586a34173cc9c86ba7a7a4f9d932ba1731a,pending-review,,
src/TortoisePlink/Windows/help.h,TortoisePlink,blob,c8c2f4809a6bfbeb02c8ad10a4118e72704f56f0,pending-review,,
src/TortoisePlink/Windows/help.rc2,TortoisePlink,blob,8bd271cf70ed8853ebbe79817b2e876e594ff5fc,pending-review,,
src/TortoisePlink/Windows/local-proxy.c,TortoisePlink,blob,52e34c67681233baf0aefef9faf9ae9bbdb6e184,pending-review,,
src/TortoisePlink/Windows/named-pipe-client.c,TortoisePlink,blob,b3281bc31444bc3439326a1a6b9a169bcf12e6e4,pending-review,,
src/TortoisePlink/Windows/named-pipe-server.c,TortoisePlink,blob,b0e5b3b3314d1700d32c10f5f0270ac49cc9e0ea,pending-review,,
src/TortoisePlink/Windows/network.c,TortoisePlink,blob,f545f72b82d586d8d83112c8297c1714ccdcc2cd,pending-review,,
src/TortoisePlink/Windows/no-jump-list.c,TortoisePlink,blob,4c072551ad3a0cd39948ee1b1c470247def1a5ac,pending-review,,
src/TortoisePlink/Windows/nohelp.c,TortoisePlink,blob,b8f1f9c9278f0900447776c870859563c90fbb62,pending-review,,
src/TortoisePlink/Windows/noise.c,TortoisePlink,blob,705275115eadb809e835f8b23a2194b714d80c65,pending-review,,
src/TortoisePlink/Windows/platform.h,TortoisePlink,blob,6599433d138c0a8d62e47a1c2556dad0ac6edae1,pending-review,,
src/TortoisePlink/Windows/plink.c,TortoisePlink,blob,313a4302faa667451eb20699e312866a1920f7c9,pending-review,,
src/TortoisePlink/Windows/putty-rc.h,TortoisePlink,blob,dc2dc0f3a708eca20c22ea5c53cc33e82035a9a1,pending-review,,
src/TortoisePlink/Windows/security-api.h,TortoisePlink,blob,34fc9b9b7d73960cc2f70dab00046be35d185dc2,pending-review,,
src/TortoisePlink/Windows/select-cli.c,TortoisePlink,blob,9fc3049f3d73c7ab4c2d57ef8f6b7f7597dfd3a2,pending-review,,
src/TortoisePlink/Windows/sharing.c,TortoisePlink,blob,bce1ea1e587cb251dfda6dc67ad7a14e4c87e889,pending-review,,
src/TortoisePlink/Windows/storage.c,TortoisePlink,blob,6f2cfbb8b9c49a5ee669792adf9a643ed0b85693,pending-review,,
src/TortoisePlink/Windows/unicode.c,TortoisePlink,blob,f0c0301b84467fb0aab205f2d6d7dabc819de42d,pending-review,,
src/TortoisePlink/Windows/utils/agent_mutex_name.c,TortoisePlink,blob,080b64a291c0a23bbbd52f86881b4f83358beb14,pending-review,,
src/TortoisePlink/Windows/utils/agent_named_pipe_name.c,TortoisePlink,blob,561ff6349fc0337b0b4ea3510ee7928f0eef13ec,pending-review,,
src/TortoisePlink/Windows/utils/arm_arch_queries.c,TortoisePlink,blob,28241eb2aea716402487fb99f36c6db8bef17ff6,pending-review,,
src/TortoisePlink/Windows/utils/aux_match_opt.c,TortoisePlink,blob,eccb56cd7d7194846d5ae11a310b4b10edd02925,pending-review,,
src/TortoisePlink/Windows/utils/cmdline_arg.c,TortoisePlink,blob,19f08a291883fc52b129284a46d26a950c63a6ee,pending-review,,
src/TortoisePlink/Windows/utils/cryptoapi.c,TortoisePlink,blob,828b83a9d2af81353be3ed9c0a0d1c1f3093ee08,pending-review,,
src/TortoisePlink/Windows/utils/defaults.c,TortoisePlink,blob,0c0c01b506d338620e273cdb5e42b034f6d6e56f,pending-review,,
src/TortoisePlink/Windows/utils/dll_hijacking_protection.c,TortoisePlink,blob,649a3c1e8bac2434aee61410e375bf96d0d8cec5,pending-review,,
src/TortoisePlink/Windows/utils/dputs.c,TortoisePlink,blob,0915bdcc2b366c43896bd5ffc2c579966aa3c623,pending-review,,
src/TortoisePlink/Windows/utils/escape_registry_key.c,TortoisePlink,blob,e711ca6bbee15180bd2b81e21c0495bc104e98e8,pending-review,,
src/TortoisePlink/Windows/utils/filename.c,TortoisePlink,blob,2764dc229cdff7503c0cd0d5a9657e182154d43a,pending-review,,
src/TortoisePlink/Windows/utils/fontspec.c,TortoisePlink,blob,0b15a15e7806e111327f3a208ab8c5e7610ec43f,pending-review,,
src/TortoisePlink/Windows/utils/get_system_dir.c,TortoisePlink,blob,3d0fedb64a61b5a4d24c191cde6d02b8a45ff883,pending-review,,
src/TortoisePlink/Windows/utils/get_username.c,TortoisePlink,blob,7901ac52546ebd4cd85743d02fcb4773559022c4,pending-review,,
src/TortoisePlink/Windows/utils/interprocess_mutex.c,TortoisePlink,blob,e21ddcf445dfe7ad709d6a2854c22ecdad42debc,pending-review,,
src/TortoisePlink/Windows/utils/is_console_handle.c,TortoisePlink,blob,6f0c11869a212b8a145982f530e701153aa49b48,pending-review,,
src/TortoisePlink/Windows/utils/load_system32_dll.c,TortoisePlink,blob,ea84258fe7751f41594b422d85d6907f8a0720c3,pending-review,,
src/TortoisePlink/Windows/utils/ltime.c,TortoisePlink,blob,394f0bda508e41033fd70e5978c25e0e5caee68e,pending-review,,
src/TortoisePlink/Windows/utils/make_spr_sw_abort_winerror.c,TortoisePlink,blob,8df09dbb7344a87cd4052f37481d6dad49df7097,pending-review,,
src/TortoisePlink/Windows/utils/open_for_write_would_lose_data.c,TortoisePlink,blob,6cdea1824cda381ef552e95ec85942fc9cd219ce,pending-review,,
src/TortoisePlink/Windows/utils/platform_get_x_display.c,TortoisePlink,blob,95b0fba4d2e1ba8ef9b53cd5934ae1d50520cf03,pending-review,,
src/TortoisePlink/Windows/utils/registry.c,TortoisePlink,blob,0a74f36b8843b0f087b8c66f852c225988d47502,pending-review,,
src/TortoisePlink/Windows/utils/request_file.c,TortoisePlink,blob,6db67bffdd39606a89fd860846bdc66ee1f35904,pending-review,,
src/TortoisePlink/Windows/utils/security.c,TortoisePlink,blob,b1f78a47598158fc1cc44115da25266fa3d72d90,pending-review,,
src/TortoisePlink/Windows/utils/split_into_argv.c,TortoisePlink,blob,3600f999b6550fe6cd5a96bdcb4f138e2960face,pending-review,,
src/TortoisePlink/Windows/utils/split_into_argv_w.c,TortoisePlink,blob,9345d25646afa44919bdfa6f39cec6231ff07cee,pending-review,,
src/TortoisePlink/Windows/utils/subprocess_waiter.c,TortoisePlink,blob,110a344c1181f0d317e9fdc27203ba420114b167,pending-review,,
src/TortoisePlink/Windows/utils/version.c,TortoisePlink,blob,a99d794886ac58e4c9c73b194e39931e3780291e,pending-review,,
src/TortoisePlink/Windows/utils/win_strerror.c,TortoisePlink,blob,d18433605c86d24e56b63cf17deeedbb79054d89,pending-review,,
src/TortoisePlink/Windows/x11.c,TortoisePlink,blob,5daab5d4b61c4d1ad9635259a1bebabaf63189c0,pending-review,,
src/TortoisePlink/be_list.c,TortoisePlink,blob,94659585f98a21a9f6c0c7f7bb6985e0d3fbc3b1,pending-review,,
src/TortoisePlink/callback.c,TortoisePlink,blob,a1d63b8887fbd2394a700e74da2779a915974d14,pending-review,,
src/TortoisePlink/clicons.c,TortoisePlink,blob,cfcc16c30008c3c7742f85cb61a37204047ee4e8,pending-review,,
src/TortoisePlink/conf-enums.h,TortoisePlink,blob,1df507ab630255a51c1d5cc68b52c8f222ee0673,pending-review,,
src/TortoisePlink/conf.h,TortoisePlink,blob,0aad07c25a4cb0bb437db517d1eb451bf07bba3c,pending-review,,
src/TortoisePlink/console.c,TortoisePlink,blob,5a7c9f3e4c3860dace02c2e54095425564bde361,pending-review,,
src/TortoisePlink/console.h,TortoisePlink,blob,9e603dc5c2a776b0c367ef04bde8bb4340c6e8bf,pending-review,,
src/TortoisePlink/crypto/aes-common.c,TortoisePlink,blob,5150bd4220ec3907f11178adc705a23ac820804a,pending-review,,
src/TortoisePlink/crypto/aes-neon.c,TortoisePlink,blob,76174f38624b30db7096ee062642db65b1d876dc,pending-review,,
src/TortoisePlink/crypto/aes-ni.c,TortoisePlink,blob,f0903f2c4a1b6764a9dc8ab29a0dd4b0dfc80e9e,pending-review,,
src/TortoisePlink/crypto/aes-select.c,TortoisePlink,blob,f53da0dcefbd7388cceb734759d3dca13a3b9d78,pending-review,,
src/TortoisePlink/crypto/aes-sw.c,TortoisePlink,blob,9afa386a30c275799ee785f2f94826b9a109cbca,pending-review,,
src/TortoisePlink/crypto/aes.h,TortoisePlink,blob,02dbf66cd492122470f99d899d5c0230b9769961,pending-review,,
src/TortoisePlink/crypto/aesgcm-clmul.c,TortoisePlink,blob,f917357b2177ee44c22f40050bf06dc5452f3d8d,pending-review,,
src/TortoisePlink/crypto/aesgcm-common.c,TortoisePlink,blob,7d5d92d1bceb0ee6b907808414412b6947a04654,pending-review,,
src/TortoisePlink/crypto/aesgcm-footer.h,TortoisePlink,blob,b040d74e187f401add0155899d113b5a4d5a4409,pending-review,,
src/TortoisePlink/crypto/aesgcm-ref-poly.c,TortoisePlink,blob,9c9b56398628bb0b9d483c7b2b6ce1fb06731af0,pending-review,,
src/TortoisePlink/crypto/aesgcm-select.c,TortoisePlink,blob,eed352a4e0654d9a9c38b911136bc74a3a40fffc,pending-review,,
src/TortoisePlink/crypto/aesgcm-sw.c,TortoisePlink,blob,b6d3759c3cb197de4e9f49d5059a97c8416f1754,pending-review,,
src/TortoisePlink/crypto/aesgcm.h,TortoisePlink,blob,04d5869cc9b58b3fcaff4be5d92ffff9fc469b44,pending-review,,
src/TortoisePlink/crypto/arcfour.c,TortoisePlink,blob,f418c0899414b03d47af5942fd33a17152a2dd19,pending-review,,
src/TortoisePlink/crypto/argon2.c,TortoisePlink,blob,7150be20c38fd6bd2274adc75dbe3c2af66e8294,pending-review,,
src/TortoisePlink/crypto/bcrypt.c,TortoisePlink,blob,1ee5db1f3ff254fc7f8965ba1b038bd529743596,pending-review,,
src/TortoisePlink/crypto/blake2.c,TortoisePlink,blob,7ed3c311bb5fbc4b4edb4a111fd1f5df38fbeeb1,pending-review,,
src/TortoisePlink/crypto/blowfish.c,TortoisePlink,blob,0f6a0059ad7ad289c81b34a82baa176259e4d97c,pending-review,,
src/TortoisePlink/crypto/blowfish.h,TortoisePlink,blob,51b10bf3f61b280be384f3381fc216938268c456,pending-review,,
src/TortoisePlink/crypto/chacha20-poly1305.c,TortoisePlink,blob,310b99b585ac0af774c62101082476cbfb7e68c4,pending-review,,
src/TortoisePlink/crypto/crc32.c,TortoisePlink,blob,9d2c17aaa5cefc75fe792c5c5cd06333a7cd6f4b,pending-review,,
src/TortoisePlink/crypto/des.c,TortoisePlink,blob,a5e7265c080f4d27b3242e7856eb5eb4a47a5138,pending-review,,
src/TortoisePlink/crypto/diffie-hellman.c,TortoisePlink,blob,7c2fca1f3d3a75bad5563dee3be7393fe0729adf,pending-review,,
src/TortoisePlink/crypto/dsa.c,TortoisePlink,blob,76bd4f255020b1acbad4d2b99a6212a5fe81dbbe,pending-review,,
src/TortoisePlink/crypto/ecc-arithmetic.c,TortoisePlink,blob,75b8fa9337cb6893a9d0561bd1bd368267b28f2f,pending-review,,
src/TortoisePlink/crypto/ecc-ssh.c,TortoisePlink,blob,9c2e929921b0e810ec3fa5729858008246f4c2bd,pending-review,,
src/TortoisePlink/crypto/ecc.h,TortoisePlink,blob,bbd198ac003634e749fc25f3c495087357ba7ffa,pending-review,,
src/TortoisePlink/crypto/hash_simple.c,TortoisePlink,blob,7f152e46fabe520e89f1723def5d4138ea27b595,pending-review,,
src/TortoisePlink/crypto/hmac.c,TortoisePlink,blob,885b7ba5ae43b94680a4c8c4a3d9d0f170898a6e,pending-review,,
src/TortoisePlink/crypto/kex-hybrid.c,TortoisePlink,blob,ca71dc28bec0e0fb526d7b1da747b0f131e6bc4e,pending-review,,
src/TortoisePlink/crypto/mac.c,TortoisePlink,blob,39713fc9a509f5b63fb026c827b855a8a4562bbf,pending-review,,
src/TortoisePlink/crypto/mac_simple.c,TortoisePlink,blob,050e75840a5d0428c391df90357b078e9f8ccea9,pending-review,,
src/TortoisePlink/crypto/md5.c,TortoisePlink,blob,c6deef0e81b175bdf1621689152e5635af088a50,pending-review,,
src/TortoisePlink/crypto/mlkem.c,TortoisePlink,blob,3750d5c7e5481b2aa1ef5c5206cdec5aa6a346f9,pending-review,,
src/TortoisePlink/crypto/mlkem.h,TortoisePlink,blob,a56fbfb5afd35265cdb5d12ebfbdac1d30202d22,pending-review,,
src/TortoisePlink/crypto/mpint.c,TortoisePlink,blob,665ab529ac46fa23903697b332baad2a394f2adb,pending-review,,
src/TortoisePlink/crypto/mpint_i.h,TortoisePlink,blob,d952e4a49349f2094d675e46f3a6b5d0ba9969c7,pending-review,,
src/TortoisePlink/crypto/ntru.c,TortoisePlink,blob,bfc84e13172c4a3038c2e3ebeea2cc2a5f56c6e9,pending-review,,
src/TortoisePlink/crypto/ntru.h,TortoisePlink,blob,f8b880eeb9fbbce3bac4b57f744c4dfbb5ccaa8c,pending-review,,
src/TortoisePlink/crypto/openssh-certs.c,TortoisePlink,blob,6393f51fb258d25e59f2f5c3c6966ffbaffbf91d,pending-review,,
src/TortoisePlink/crypto/prng.c,TortoisePlink,blob,16d62937e800e3390db9475994238f17dd6d9d18,pending-review,,
src/TortoisePlink/crypto/pubkey-pem.c,TortoisePlink,blob,7d4321c37f33cc8e6b8dd63381684bb1bbe44113,pending-review,,
src/TortoisePlink/crypto/pubkey-ppk.c,TortoisePlink,blob,a34c3415d3c7cbf6c85b13c971461941281d1dfe,pending-review,,
src/TortoisePlink/crypto/pubkey-ssh1.c,TortoisePlink,blob,64a5e03dc5998bb4aa42f4407fe6a2d4fd3a876c,pending-review,,
src/TortoisePlink/crypto/rfc6979.c,TortoisePlink,blob,56eabba2fa79e18506f4daa998201f434e5d9d19,pending-review,,
src/TortoisePlink/crypto/rsa.c,TortoisePlink,blob,5b265c0cb0769c554a5bba4af30ad75b72e15874,pending-review,,
src/TortoisePlink/crypto/sha1-common.c,TortoisePlink,blob,cee2fa9aac56f4a8c43d878b690581ddfa61a8ea,pending-review,,
src/TortoisePlink/crypto/sha1-neon.c,TortoisePlink,blob,df8779a1c9cc129b286af2901dcf57d0dce81e07,pending-review,,
src/TortoisePlink/crypto/sha1-ni.c,TortoisePlink,blob,9995fad1f8314ed06129df031158a673d868fabb,pending-review,,
src/TortoisePlink/crypto/sha1-select.c,TortoisePlink,blob,a07de58240c48231531e5c4fe1fb70b1ce72ea5a,pending-review,,
src/TortoisePlink/crypto/sha1-sw.c,TortoisePlink,blob,69e8e94a1024d74c9c5144644c08205b910401e2,pending-review,,
src/TortoisePlink/crypto/sha1.h,TortoisePlink,blob,dd69e71c7cfb656a691d58ee6e46976c5d78cae8,pending-review,,
src/TortoisePlink/crypto/sha256-common.c,TortoisePlink,blob,3946576a2223c84910f5809c2e46bfb61651afeb,pending-review,,
src/TortoisePlink/crypto/sha256-neon.c,TortoisePlink,blob,345a923053f9717f80d8a96894a01abfa2fcc1db,pending-review,,
src/TortoisePlink/crypto/sha256-ni.c,TortoisePlink,blob,9c2b13f5c2915d3b52b83205586c80f05ba8a8dc,pending-review,,
src/TortoisePlink/crypto/sha256-select.c,TortoisePlink,blob,d0cea13078e09bed3dd18a463dcec29908b8eb22,pending-review,,
src/TortoisePlink/crypto/sha256-sw.c,TortoisePlink,blob,211ee8cba60c1d8c93f927ae8eaa861b53aad4b3,pending-review,,
src/TortoisePlink/crypto/sha256.h,TortoisePlink,blob,04cf228ba6cce5f2329c1c002bca25af79509d5b,pending-review,,
src/TortoisePlink/crypto/sha3.c,TortoisePlink,blob,e3fbe2d3ac9a0929ab464d630def991d63b4d583,pending-review,,
src/TortoisePlink/crypto/sha512-common.c,TortoisePlink,blob,1c088d63d2fce81e287b0089ad015bf9c19bf25f,pending-review,,
src/TortoisePlink/crypto/sha512-neon.c,TortoisePlink,blob,6a758fdcdae2c4da27293e9aedb41f18b26b6485,pending-review,,
src/TortoisePlink/crypto/sha512-select.c,TortoisePlink,blob,5767fa13754997f132df6d6b2d38719fa7012124,pending-review,,
src/TortoisePlink/crypto/sha512-sw.c,TortoisePlink,blob,c3c1c60af939612d551069c906d62d89f4922b37,pending-review,,
src/TortoisePlink/crypto/sha512.h,TortoisePlink,blob,5d423aac6df9774be36dfe3ca7126be37a9aac03,pending-review,,
src/TortoisePlink/crypto/smallmoduli.h,TortoisePlink,blob,1d05a0c428fc8cb0bcc15bf1ac21f77b331299b4,pending-review,,
src/TortoisePlink/crypto/xdmauth.c,TortoisePlink,blob,62ec1e5143cd2beb2b6cedc9403b8999a12eeb20,pending-review,,
src/TortoisePlink/defs.h,TortoisePlink,blob,8e45fc0418a0d6747d0de5f6dc2042888cd8be92,pending-review,,
src/TortoisePlink/errsock.c,TortoisePlink,blob,39cd4ba7d022b6994c867e67c509da927da3e118,pending-review,,
src/TortoisePlink/marshal.h,TortoisePlink,blob,ca71e7d7a7b248442fdca43b81bdec04a7876987,pending-review,,
src/TortoisePlink/mpint.h,TortoisePlink,blob,a101365a21293743c63a28737407c408c734b7a0,pending-review,,
src/TortoisePlink/pageant.h,TortoisePlink,blob,9f050c93bde3bc51a3f86ca75bd08b45b81970d0,pending-review,,
src/TortoisePlink/proxy/cproxy.c,TortoisePlink,blob,f995ef065159fe3f7528113387d2dbab2cd4c0c9,pending-review,,
src/TortoisePlink/proxy/cproxy.h,TortoisePlink,blob,2b4eac74c9e74eb512543463b2eb8cca0edb9d17,pending-review,,
src/TortoisePlink/proxy/http.c,TortoisePlink,blob,c2e5e3b639e43fd3f3cc00f41aab435d72fd1212,pending-review,,
src/TortoisePlink/proxy/interactor.c,TortoisePlink,blob,dce78337337c05956356a587a770181d682ba307,pending-review,,
src/TortoisePlink/proxy/local.c,TortoisePlink,blob,39d0e58499a3e4ee65ff33849f858a90a78752d2,pending-review,,
src/TortoisePlink/proxy/newmain.c,TortoisePlink,blob,dde577b1d957a431457420dfc7eaf567645ed742,pending-review,,
src/TortoisePlink/proxy/proxy.c,TortoisePlink,blob,b72f11b542c4fb5d5f7378ae2bef750dda57bcd7,pending-review,,
src/TortoisePlink/proxy/proxy.h,TortoisePlink,blob,c3e3e318c989da9786ba09d71a5feebad825d59a,pending-review,,
src/TortoisePlink/proxy/socks.h,TortoisePlink,blob,2cde7d19a3bac0e540e6b1c14edd1c0a624dd3d7,pending-review,,
src/TortoisePlink/proxy/socks4.c,TortoisePlink,blob,74ebca8febe0f6fde1b2f08d0dfbae88d65d37f7,pending-review,,
src/TortoisePlink/proxy/socks5.c,TortoisePlink,blob,b8043d600dace2b1427d743702f07f9ca450d44e,pending-review,,
src/TortoisePlink/proxy/sshproxy.c,TortoisePlink,blob,099522defa9470c3030a390b701456a18253b40f,pending-review,,
src/TortoisePlink/proxy/telnet.c,TortoisePlink,blob,4baa2b2479745e7d80a03ffe8a8309fa0b836966,pending-review,,
src/TortoisePlink/specials.h,TortoisePlink,blob,731d50fec8b6038578ae4fcc53c2f09b39f179c3,pending-review,,
src/TortoisePlink/ssh/agentf.c,TortoisePlink,blob,2e7728360dc5f26c9f5705c4efdbe4aa8b2feb6f,pending-review,,
src/TortoisePlink/ssh/bpp-bare.c,TortoisePlink,blob,db35ab267b35b24672e2a3e0249ca1b82d4969ca,pending-review,,
src/TortoisePlink/ssh/bpp.h,TortoisePlink,blob,6792f4233152bd07a5edf2df55ec6c2f2755c0f0,pending-review,,
src/TortoisePlink/ssh/bpp1.c,TortoisePlink,blob,53a8f82f31523b6c9b31d4c98747350e0849e656,pending-review,,
src/TortoisePlink/ssh/bpp2.c,TortoisePlink,blob,50a1c9333759402d0f2eb2b64d8af01ec294a025,pending-review,,
src/TortoisePlink/ssh/censor1.c,TortoisePlink,blob,6fc6d2ddb7104122b28a529bc33f30ea22f4fb5a,pending-review,,
src/TortoisePlink/ssh/censor2.c,TortoisePlink,blob,87c8ade99b3bca63fb69a74843929666a9040aeb,pending-review,,
src/TortoisePlink/ssh/channel.h,TortoisePlink,blob,3acba8f7f6d3fbbde5e709aa25b489994df3a63e,pending-review,,
src/TortoisePlink/ssh/common.c,TortoisePlink,blob,23b4591cac8c387fc404572a54a4e09963620a48,pending-review,,
src/TortoisePlink/ssh/connection1-client.c,TortoisePlink,blob,3e977aa1779507b7c4742c7ee676b7cb1bbd6461,pending-review,,
src/TortoisePlink/ssh/connection1.c,TortoisePlink,blob,b2ec7e06c759369cc5dc0b5ffc2e995a735ebd99,pending-review,,
src/TortoisePlink/ssh/connection1.h,TortoisePlink,blob,ba4e05f2fe8b0174beaa385bb900167b3fb31a50,pending-review,,
src/TortoisePlink/ssh/connection2-client.c,TortoisePlink,blob,bd8ae9ed9d44ff2ec1431fe0076cee2a5ada2e55,pending-review,,
src/TortoisePlink/ssh/connection2.c,TortoisePlink,blob,5f09a1bf9406b670b5eddc0c37267d35754c44eb,pending-review,,
src/TortoisePlink/ssh/connection2.h,TortoisePlink,blob,9d1354bcfbfcd26a4d5da353d2fc0f49b1bdb38a,pending-review,,
src/TortoisePlink/ssh/crc-attack-detector.c,TortoisePlink,blob,80dbee5a602c38c526ddab6dd393ebe27ccb428d,pending-review,,
src/TortoisePlink/ssh/gss.h,TortoisePlink,blob,b3d0219d4d461f724ee20e284ca0676b02bdb0cf,pending-review,,
src/TortoisePlink/ssh/gssc.c,TortoisePlink,blob,3e4a0945d1dcdbc0b381862ec096eb8dc22bfc33,pending-review,,
src/TortoisePlink/ssh/gssc.h,TortoisePlink,blob,68b3742649f4f73d6188384d7b7507417ace1e1e,pending-review,,
src/TortoisePlink/ssh/kex2-client.c,TortoisePlink,blob,c33f0a709738a65f4433e41530727062cf74bb3a,pending-review,,
src/TortoisePlink/ssh/login1.c,TortoisePlink,blob,bd58d006afdea1c0e05ba35a818d02f45c9f9144,pending-review,,
src/TortoisePlink/ssh/mainchan.c,TortoisePlink,blob,12e0a08a512efe32948798afc82157e5f4af1c79,pending-review,,
src/TortoisePlink/ssh/pgssapi.c,TortoisePlink,blob,6044fd2d5a25c001997dcf280d0ee119fde8b7cc,pending-review,,
src/TortoisePlink/ssh/pgssapi.h,TortoisePlink,blob,84be612b172b07a459ce3549c40c75f894303c95,pending-review,,
src/TortoisePlink/ssh/portfwd.c,TortoisePlink,blob,9a23a26c56379c35119951a0971b86ae1c97747d,pending-review,,
src/TortoisePlink/ssh/ppl.h,TortoisePlink,blob,070943da54c8b94c497acb5fbdade666dfcbe9ca,pending-review,,
src/TortoisePlink/ssh/server.h,TortoisePlink,blob,db7c72f9905f93d75e22742ce9b504c7a4f22a32,pending-review,,
src/TortoisePlink/ssh/sharing.c,TortoisePlink,blob,f61881d3f280cb7e6192e3db62a1dd0d809bf2d2,pending-review,,
src/TortoisePlink/ssh/signal-list.h,TortoisePlink,blob,5feb35a8e43a702e144a4cb20696fc8c4579bdc2,pending-review,,
src/TortoisePlink/ssh/ssh.c,TortoisePlink,blob,c826a3cc78248a2f2187b2d272571164e5b78e4b,pending-review,,
src/TortoisePlink/ssh/transient-hostkey-cache.c,TortoisePlink,blob,eba6079cd1836bcd4bcb77451c0b3d93806ce6f6,pending-review,,
src/TortoisePlink/ssh/transport2.c,TortoisePlink,blob,bd687948788a0684202c9591dba5e99536c45aec,pending-review,,
src/TortoisePlink/ssh/transport2.h,TortoisePlink,blob,1b0c7513ea840e147cf02015a1262e4928a32948,pending-review,,
src/TortoisePlink/ssh/ttymode-list.h,TortoisePlink,blob,f970c74dabd33d04c089183fa23e6dee1a985159,pending-review,,
src/TortoisePlink/ssh/userauth2-client.c,TortoisePlink,blob,40bdef49e204fa529be9431def9484a59ccca981,pending-review,,
src/TortoisePlink/ssh/verstring.c,TortoisePlink,blob,6d323d1626e44d3b7e007bffd90bd0bba0702cfd,pending-review,,
src/TortoisePlink/ssh/x11fwd.c,TortoisePlink,blob,6d36bec9d9aec6a53434c4e1bb3e1082d086ef60,pending-review,,
src/TortoisePlink/ssh/zlib.c,TortoisePlink,blob,447b239b155f559bba0712bdc433581b8366e409,pending-review,,
src/TortoisePlink/sshcr.h,TortoisePlink,blob,ce4a4236747f6b453640aa194e85d8145442ed1a,pending-review,,
src/TortoisePlink/stubs/no-lineedit.c,TortoisePlink,blob,5d2b9b94d791a7fce6f9564088a392dea68c9681,pending-review,,
src/TortoisePlink/stubs/no-term.c,TortoisePlink,blob,7f1d1a053f4b80488a1aa650c38635f35d20ba7a,pending-review,,
src/TortoisePlink/stubs/null-cipher.c,TortoisePlink,blob,94a9ed5d65d4bef329caafd04ebf4d32c8acf911,pending-review,,
src/TortoisePlink/stubs/null-key.c,TortoisePlink,blob,ef442a339d8f0bb7fbed28fcddf10513c4be8d1a,pending-review,,
src/TortoisePlink/stubs/null-lp.c,TortoisePlink,blob,674a7a6d91c74486773594347ce404bef09ce4f5,pending-review,,
src/TortoisePlink/stubs/null-mac.c,TortoisePlink,blob,88c0b5a66f8c6ee088b4a8a4ebcbaa456d3fd871,pending-review,,
src/TortoisePlink/stubs/null-opener.c,TortoisePlink,blob,3d9d55b4d9d68bdc028c70fdeb0072fd0fd24db7,pending-review,,
src/TortoisePlink/stubs/null-plug.c,TortoisePlink,blob,bf89919fd9d724ff2340b57bcb39bfa55a31d5bd,pending-review,,
src/TortoisePlink/stubs/null-seat.c,TortoisePlink,blob,1623f4af4cbff99be53e11c0e9565a38f269e67b,pending-review,,
src/TortoisePlink/stubs/null-socket.c,TortoisePlink,blob,4484a97e6614bc808c1a559129bed43fae4040c7,pending-review,,
src/TortoisePlink/terminal/terminal.h,TortoisePlink,blob,cad8cf85637db10c3700dada6a1e53c200719ea1,pending-review,,
src/TortoisePlink/unicode/ambiguous_wide_chars.h,TortoisePlink,blob,696b6ebdae341ebb585ef2be1f5594a971cd5401,pending-review,,
src/TortoisePlink/unicode/nonspacing_chars.h,TortoisePlink,blob,b959a3be49a99a16487b7c5705dc55729b532931,pending-review,,
src/TortoisePlink/unicode/wide_chars.h,TortoisePlink,blob,3d2a4730713ac5831d2bb155215d3d79d58da4eb,pending-review,,
src/TortoisePlink/utils/antispoof.c,TortoisePlink,blob,2c726604fae7f52503d80342146925e128d8cf09,pending-review,,
src/TortoisePlink/utils/backend_socket_log.c,TortoisePlink,blob,06586ec663517544cb548c2bea17bbca43b08d96,pending-review,,
src/TortoisePlink/utils/base64_decode.c,TortoisePlink,blob,bf26ef58850ffff8ca67d3d0b56bb5f02f15841e,pending-review,,
src/TortoisePlink/utils/base64_decode_atom.c,TortoisePlink,blob,297b67a6ad7b99e7c43b95f12eb5e524882d68b5,pending-review,,
src/TortoisePlink/utils/base64_encode.c,TortoisePlink,blob,c5aefea04ea25e438d56fa2a92ff93b74b5da8e4,pending-review,,
src/TortoisePlink/utils/base64_encode_atom.c,TortoisePlink,blob,94ce86c781113b68cf461dca892b96d98bbd0546,pending-review,,
src/TortoisePlink/utils/base64_valid.c,TortoisePlink,blob,cd5de59d6048bc8204632bf95d77a4dbc72dee2b,pending-review,,
src/TortoisePlink/utils/bufchain.c,TortoisePlink,blob,fab42451b80030a2af03b3966b733aaf18e033c3,pending-review,,
src/TortoisePlink/utils/buildinfo.c,TortoisePlink,blob,020590982dfb4dcf6d963c4a372ee48b84892162,pending-review,,
src/TortoisePlink/utils/burnstr.c,TortoisePlink,blob,fe88dc25f2bf1325bf552dca305d719bd07a8dda,pending-review,,
src/TortoisePlink/utils/burnwcs.c,TortoisePlink,blob,b7dc93738dac41e7b4b2bf0e813fb21d97f9c420,pending-review,,
src/TortoisePlink/utils/cert-expr.c,TortoisePlink,blob,06af486f342bbdecb6e26525981cea8c3c1d5114,pending-review,,
src/TortoisePlink/utils/chomp.c,TortoisePlink,blob,8c8ea09cfad25d1e73fc173073930edfbcbe6e12,pending-review,,
src/TortoisePlink/utils/cmdline_get_passwd_input_state_new.c,TortoisePlink,blob,a3bd24ee9eeeb7ae9e1b2c29fc071135b30552a9,pending-review,,
src/TortoisePlink/utils/conf.c,TortoisePlink,blob,62acb5f679d57f0e6a306f996e837ac93b881c08,pending-review,,
src/TortoisePlink/utils/conf_data.c,TortoisePlink,blob,f5483b110974a7724f320f3de3f5563a9a5b0f15,pending-review,,
src/TortoisePlink/utils/conf_dest.c,TortoisePlink,blob,a5835c0906d092e8c8f6cc2a26f2dc1c2a70626b,pending-review,,
src/TortoisePlink/utils/conf_launchable.c,TortoisePlink,blob,52c67bcd4251652f21c89c14e6d402dcf030141b,pending-review,,
src/TortoisePlink/utils/ctrlparse.c,TortoisePlink,blob,00dd609b12321c9784cf15289d4812b00807319b,pending-review,,
src/TortoisePlink/utils/decode_utf8.c,TortoisePlink,blob,275b49a4e8e8c4ef192b00ce86f16faafa3f41a4,pending-review,,
src/TortoisePlink/utils/decode_utf8_to_wchar.c,TortoisePlink,blob,b87e318eba0916dc9cf6ad834e7eaef17e2f46d9,pending-review,,
src/TortoisePlink/utils/decode_utf8_to_wide_string.c,TortoisePlink,blob,47ff837cdaffbaa465b4f67d66a5d59b2f9dd971,pending-review,,
src/TortoisePlink/utils/default_description.c,TortoisePlink,blob,3b914f2402d73c5ad579ae7d1e6f8e797c107cdc,pending-review,,
src/TortoisePlink/utils/dup_mb_to_wc.c,TortoisePlink,blob,647f515c81d564eb9b59271801ddad36c066a901,pending-review,,
src/TortoisePlink/utils/dup_wc_to_mb.c,TortoisePlink,blob,6c680e6d70e61d45b218306a846319c0393d031a,pending-review,,
src/TortoisePlink/utils/dupcat.c,TortoisePlink,blob,555e73faf8c245aaa6c956574e83f535077c622e,pending-review,,
src/TortoisePlink/utils/dupprintf.c,TortoisePlink,blob,3d3616f7fee7769aee8994e2b521048b77a11696,pending-review,,
src/TortoisePlink/utils/dupstr.c,TortoisePlink,blob,5fc53ff301feae7dafbc53b42c50e3f989488005,pending-review,,
src/TortoisePlink/utils/dupwcs.c,TortoisePlink,blob,eaf1e5441dc158bbd3cc744afecbb741e2f3edda,pending-review,,
src/TortoisePlink/utils/dupwcscat.c,TortoisePlink,blob,3ee173d72b28e4369ac51dd17cb9584fdd4b19a4,pending-review,,
src/TortoisePlink/utils/encode_utf8.c,TortoisePlink,blob,231993b0b91279031209068346849a6ebff5b72a,pending-review,,
src/TortoisePlink/utils/encode_wide_string_as_utf8.c,TortoisePlink,blob,e51bdcae4d5cd04dff23884adb61400d5bbac0de,pending-review,,
src/TortoisePlink/utils/fgetline.c,TortoisePlink,blob,9cfa58b93c9add18ea8242e61e6d734b0f6fe5b4,pending-review,,
src/TortoisePlink/utils/format_connection_setup_command.c,TortoisePlink,blob,5eeab8d8fc822f36971e2760a65703ec37d1073c,pending-review,,
src/TortoisePlink/utils/host_ca_new_free.c,TortoisePlink,blob,795e60ea921bb441c23a67224bbf46cf6c5765fc,pending-review,,
src/TortoisePlink/utils/host_strchr.c,TortoisePlink,blob,7a5030e297d6cdb00f6c722ae28910b8b56214a0,pending-review,,
src/TortoisePlink/utils/host_strchr_internal.c,TortoisePlink,blob,5397649a24e58cc88edbc5e3a0eca9ef22769aa8,pending-review,,
src/TortoisePlink/utils/host_strcspn.c,TortoisePlink,blob,d9c0d894f6a0d7dc9d7a3d4fbb47162113c5ae8e,pending-review,,
src/TortoisePlink/utils/host_strduptrim.c,TortoisePlink,blob,115852631c8bce8b6c826eebe1d59573dbf4594f,pending-review,,
src/TortoisePlink/utils/host_strrchr.c,TortoisePlink,blob,005b5a742a5db45833b855d798acc8724686c1a3,pending-review,,
src/TortoisePlink/utils/key_components.c,TortoisePlink,blob,b9747b088ab7b5454c22a3f0f67d6636ea2d4cd5,pending-review,,
src/TortoisePlink/utils/log_proxy_stderr.c,TortoisePlink,blob,6ab6391dcff39748b9d87ba9a52fb1cdc07f7e23,pending-review,,
src/TortoisePlink/utils/logeventf.c,TortoisePlink,blob,69b8a11bb4282d260191e0825dd88bcc12a22eb8,pending-review,,
src/TortoisePlink/utils/make_spr_sw_abort_static.c,TortoisePlink,blob,c08e6c77c61496ee3b3286eeb970b99ed1448536,pending-review,,
src/TortoisePlink/utils/marshal.c,TortoisePlink,blob,9c0a39cc9167c29cb3f201dbc54f5fe569c72ac7,pending-review,,
src/TortoisePlink/utils/memory.c,TortoisePlink,blob,272564b8c2a5fa0c24eea97ef950b0f07726589f,pending-review,,
src/TortoisePlink/utils/memxor.c,TortoisePlink,blob,4f33b103e9d8f0e87ddae057815927fb43be028d,pending-review,,
src/TortoisePlink/utils/nullstrcmp.c,TortoisePlink,blob,f410a4a7c34109e5f81422b7ebff91e25b57c0f8,pending-review,,
src/TortoisePlink/utils/out_of_memory.c,TortoisePlink,blob,8ecc710883ae407770a10d7175bb4d11d3ca8106,pending-review,,
src/TortoisePlink/utils/parse_blocksize.c,TortoisePlink,blob,84f84194f551a3fd0b65335da8f5e977f08a3cde,pending-review,,
src/TortoisePlink/utils/percent_decode.c,TortoisePlink,blob,a312d1dccfe75e890312670d830ecabb89ec20af,pending-review,,
src/TortoisePlink/utils/percent_encode.c,TortoisePlink,blob,e0d9ef7b3e7d49eea6e166067eb93990c911e082,pending-review,,
src/TortoisePlink/utils/prompts.c,TortoisePlink,blob,aa851612b5e6f288c8c5c9a27fc3fe5e4b2f19ff,pending-review,,
src/TortoisePlink/utils/ptrlen.c,TortoisePlink,blob,ef8262665055cfc67c5262f86e38d19f103b873c,pending-review,,
src/TortoisePlink/utils/read_file_into.c,TortoisePlink,blob,0c739e4eb429f23bfe68b360a9671d5ad80b0a7d,pending-review,,
src/TortoisePlink/utils/seat_connection_fatal.c,TortoisePlink,blob,c42b24ae63cc7983ae9834bbc4a15793ae6f7a7f,pending-review,,
src/TortoisePlink/utils/seat_dialog_text.c,TortoisePlink,blob,eba1c5b5201d4d2249876f3f9ba37f6a4d18c264,pending-review,,
src/TortoisePlink/utils/seat_nonfatal.c,TortoisePlink,blob,25bf38d0d1bc250f778778770abcf9bca43f7939,pending-review,,
src/TortoisePlink/utils/sessprep.c,TortoisePlink,blob,55d55bada224b12dfc78494ec223ec343ddb7f0b,pending-review,,
src/TortoisePlink/utils/sk_free_peer_info.c,TortoisePlink,blob,2decabacae8975b788f34c966a6951b0321c8b27,pending-review,,
src/TortoisePlink/utils/smemclr.c,TortoisePlink,blob,31a98d2b025e4791df100c15f5e2e5000c40402b,pending-review,,
src/TortoisePlink/utils/smemeq.c,TortoisePlink,blob,819562fd603d8e623712a626276d12a5d959d010,pending-review,,
src/TortoisePlink/utils/spr_get_error_message.c,TortoisePlink,blob,ed6b30683d75047c0eaaed6025fcc4f4e8f0387d,pending-review,,
src/TortoisePlink/utils/ssh2_pick_fingerprint.c,TortoisePlink,blob,5ea683c13e4b96ce4b70698c92e85578425cf142,pending-review,,
src/TortoisePlink/utils/sshutils.c,TortoisePlink,blob,10d222479130966acd569bf07fbc9a4d415e6d00,pending-review,,
src/TortoisePlink/utils/strbuf.c,TortoisePlink,blob,9a2ef80f6fee3dbe762607d9c8f3697f423f12f5,pending-review,,
src/TortoisePlink/utils/string_length_for_printf.c,TortoisePlink,blob,77816e0f95cf3a326df4d01a74432d92ad3acdba,pending-review,,
src/TortoisePlink/utils/stripctrl.c,TortoisePlink,blob,00d6595767ce37ab4fd1557e302c1d927059ad48,pending-review,,
src/TortoisePlink/utils/tempseat.c,TortoisePlink,blob,39405a912b23cc5e764c7e1c5ee0339d71cf42c3,pending-review,,
src/TortoisePlink/utils/tree234.c,TortoisePlink,blob,ae950fafe144d52f7156845455d068b7028b0e47,pending-review,,
src/TortoisePlink/utils/utils.h,TortoisePlink,blob,270a91e31541f33d073984e648efa5fd5346c496,pending-review,,
src/TortoisePlink/utils/validate_manual_hostkey.c,TortoisePlink,blob,c3156b520f4ffd9ed62b693a2319151690425c3f,pending-review,,
src/TortoisePlink/utils/version.c,TortoisePlink,blob,aedf97c98af9f8052618f0387da452e79a1ec858,pending-review,,
src/TortoisePlink/utils/wcwidth.c,TortoisePlink,blob,2a36cdb7c39a6e28d8b55a15ce9431fd902df5da,pending-review,,
src/TortoisePlink/utils/wildcard.c,TortoisePlink,blob,fbf67c3704e82892710f63c4a57e42397f6659a1,pending-review,,
src/TortoisePlink/utils/wordwrap.c,TortoisePlink,blob,352b933756ac1aabe518a1923af9a8959dadf49c,pending-review,,
src/TortoisePlink/utils/write_c_string_literal.c,TortoisePlink,blob,43e3fdbff21534aad300891f14f05d87b620db9a,pending-review,,
src/TortoisePlink/utils/x11_dehexify.c,TortoisePlink,blob,85267b4686e074fd5155027441fe6c62dc2332a5,pending-review,,
src/TortoisePlink/utils/x11_identify_auth_proto.c,TortoisePlink,blob,2b6496910a669eb243ccb3f5c7111848f9718b76,pending-review,,
src/TortoisePlink/utils/x11_make_greeting.c,TortoisePlink,blob,75709af5f2e3634928ea51e13022d1875b523bfc,pending-review,,
src/TortoisePlink/utils/x11_parse_ip.c,TortoisePlink,blob,ddfa96ebc4b44af3b113f9cb5d72f9ab03cc9de1,pending-review,,
src/TortoisePlink/utils/x11authfile.c,TortoisePlink,blob,13b65a637b0f24c45179be53890cca91062b315d,pending-review,,
src/TortoisePlink/utils/x11authnames.c,TortoisePlink,blob,65bd31abdfa9eb7b0dbd17512c73a021d1f5b27f,pending-review,,
src/TortoisePlink/version.h,TortoisePlink,blob,527bca71e9664aa73d249ca3d646392f1129d453,pending-review,,
src/TortoisePlink/x11disp.c,TortoisePlink,blob,ba3cff380c223c15af8c7d481f4c165ada7635a2,pending-review,,
src/TortoiseProc/AboutDlg.cpp,TortoiseProc,blob,6085970f28bc43dd1e5e538612318100bfa14118,pending-review,,
src/TortoiseProc/AboutDlg.h,TortoiseProc,blob,be92116cd021d0c104fbc531a6c7d29947189a48,pending-review,,
src/TortoiseProc/AddDlg.cpp,TortoiseProc,blob,95233e8ea888a18feb21e58c5f565f2c9860d579,pending-review,,
src/TortoiseProc/AddDlg.h,TortoiseProc,blob,dbd337eff027c0d58c1bfd50d84a86eae1667589,pending-review,,
src/TortoiseProc/AddRemoteDlg.cpp,TortoiseProc,blob,f62a686f6529a16a369450d31c434e44a9b5f337,pending-review,,
src/TortoiseProc/AddRemoteDlg.h,TortoiseProc,blob,4c4115fe705e58b67671afefd6058f22e5d0aa55,pending-review,,
src/TortoiseProc/AppUtils.cpp,TortoiseProc,blob,ad5cf29edc933f6469fb9a961b84e8251f5fc563,pending-review,,
src/TortoiseProc/AppUtils.h,TortoiseProc,blob,fe216a6b0e61cd777fe432d18ea810891e994b44,pending-review,,
src/TortoiseProc/AutoTextTestDlg.cpp,TortoiseProc,blob,034b8cdc0319ebeae44be20f672bd30368d25c59,pending-review,,
src/TortoiseProc/AutoTextTestDlg.h,TortoiseProc,blob,ce82cc5ebce1331d7bdd42b888aa1966e68e73a3,pending-review,,
src/TortoiseProc/BisectStartDlg.cpp,TortoiseProc,blob,54756a12a43d14e965f75aeb947325bddb8e627f,pending-review,,
src/TortoiseProc/BisectStartDlg.h,TortoiseProc,blob,ad1f330837148361f900076c0c493f313a189c70,pending-review,,
src/TortoiseProc/BranchCombox.h,TortoiseProc,blob,9d3608114618fcb9db4b7948509727923110f2ab,pending-review,,
src/TortoiseProc/BrowseRefsDlg.cpp,TortoiseProc,blob,735fd67f1fcd366d415fd397344032eb5f297f51,pending-review,,
src/TortoiseProc/BrowseRefsDlg.h,TortoiseProc,blob,8b70d06e007dfee40874b104619cedc80a690412,pending-review,,
src/TortoiseProc/BrowseRefsDlgFilter.cpp,TortoiseProc,blob,fdcbb7712f187479c477e97432783294cd05b93a,pending-review,,
src/TortoiseProc/BrowseRefsDlgFilter.h,TortoiseProc,blob,92d56b471d786c0bd50359f7bb5c5b9315ca0f35,pending-review,,
src/TortoiseProc/BstrSafeVector.h,TortoiseProc,blob,ef645fc1152f7221e196db3d0e196e92b5cc889a,pending-review,,
src/TortoiseProc/BugtraqRegexTestDlg.cpp,TortoiseProc,blob,afcd5f711a82b9b4c8b654fbb27cf6842290d59a,pending-review,,
src/TortoiseProc/BugtraqRegexTestDlg.h,TortoiseProc,blob,88e3ffea29f98a5a1fe3595c76c1a1b9081f202d,pending-review,,
src/TortoiseProc/ChangedDlg.cpp,TortoiseProc,blob,6090253d98f92572eb957f9b8d484f378d4db1be,pending-review,,
src/TortoiseProc/ChangedDlg.h,TortoiseProc,blob,24d2fda2077cc41c8513118cf98ad1d03bc43c59,pending-review,,
src/TortoiseProc/CheckCertificateDlg.cpp,TortoiseProc,blob,1c13653c63456849323c6a8f1e8e4271575110d4,pending-review,,
src/TortoiseProc/CheckCertificateDlg.h,TortoiseProc,blob,9aa692cfb45478808eae1f7637587d11354a18dd,pending-review,,
src/TortoiseProc/CheckForUpdatesDlg.cpp,TortoiseProc,blob,e1c328f4c992fc1a20d356a30f28941607206894,pending-review,,
src/TortoiseProc/CheckForUpdatesDlg.h,TortoiseProc,blob,1bef618af70f40fe2d241dfb93fe737984410e68,pending-review,,
src/TortoiseProc/ChooseVersion.h,TortoiseProc,blob,9bc3080bd557ba11f814e6d9221aa322b1414f1c,pending-review,,
src/TortoiseProc/CleanTypeDlg.cpp,TortoiseProc,blob,a5ed114985e99601501e67246c630d4168c44b85,pending-review,,
src/TortoiseProc/CleanTypeDlg.h,TortoiseProc,blob,6c96397cb99db136485d4d84f51f9545eb6e434d,pending-review,,
src/TortoiseProc/CloneDlg.cpp,TortoiseProc,blob,1d9cdcac52837484f7c18c818cc171fed77cadf1,pending-review,,
src/TortoiseProc/CloneDlg.h,TortoiseProc,blob,32ecacd88942a6ab670db842a5cc925c815b1a1d,pending-review,,
src/TortoiseProc/Colors.cpp,TortoiseProc,blob,f83b8e189b041998f4627aa0da31c38f6899394e,pending-review,,
src/TortoiseProc/Colors.h,TortoiseProc,blob,e262be247e5b8e0cc41959b7d16d09da90e0904e,pending-review,,
src/TortoiseProc/ColumnManager.cpp,TortoiseProc,blob,6776d4d47a80a9af042223ebd5f8589cd48b57f3,pending-review,,
src/TortoiseProc/ColumnManager.h,TortoiseProc,blob,bd12076609badaecb865f168ebefd1e235a7315b,pending-review,,
src/TortoiseProc/Commands/AboutCommand.cpp,TortoiseProc,blob,7cae57c4850bd7ac2f628dc463a59831dc9b62c3,pending-review,,
src/TortoiseProc/Commands/AboutCommand.h,TortoiseProc,blob,342df5d4a7ec294b6cc5436684b1f64b1295d40f,pending-review,,
src/TortoiseProc/Commands/AddCommand.cpp,TortoiseProc,blob,82dcd1b76030d111738e1c321744b6111de320c7,partial,Sources/TurtleGitMac/RepositoryModel.swift; Sources/TurtleGitCore/GitRepository.swift,Initial native command workflow only; upstream options and error/recovery dialogs still require parity audit.
src/TortoiseProc/Commands/AddCommand.h,TortoiseProc,blob,35d9ada6d3efb70220123e70dbbbce3977a1f5db,partial,Sources/TurtleGitMac/RepositoryModel.swift; Sources/TurtleGitCore/GitRepository.swift,Initial native command workflow only; upstream options and error/recovery dialogs still require parity audit.
src/TortoiseProc/Commands/AutoTextTestCommand.h,TortoiseProc,blob,e5371099d0ffd4382a5deb9e5890ae7fcf34332f,pending-review,,
src/TortoiseProc/Commands/BisectCommand.cpp,TortoiseProc,blob,f6fb51387dc08c17e64f69593535d041e4e6f6f6,pending-review,,
src/TortoiseProc/Commands/BisectCommand.h,TortoiseProc,blob,eed9be6e5d7262f88e6ef4ef87590139a79b8195,pending-review,,
src/TortoiseProc/Commands/BlameCommand.cpp,TortoiseProc,blob,50de8c1255078dd6567af991994940edaf499ff5,pending-review,,
src/TortoiseProc/Commands/BlameCommand.h,TortoiseProc,blob,a44e159181c916c486bc118b39b4a046f539ddaa,pending-review,,
src/TortoiseProc/Commands/BranchCommand.cpp,TortoiseProc,blob,2c500f9877e3dbc151661bc09802e219f01c3066,partial,Sources/TurtleGitMac/RepositoryModel.swift; Sources/TurtleGitCore/GitRepository.swift,Initial native command workflow only; upstream options and error/recovery dialogs still require parity audit.
src/TortoiseProc/Commands/BranchCommand.h,TortoiseProc,blob,dda430ee7dd63328aa8ac5085e3fd45361acab7c,partial,Sources/TurtleGitMac/RepositoryModel.swift; Sources/TurtleGitCore/GitRepository.swift,Initial native command workflow only; upstream options and error/recovery dialogs still require parity audit.
src/TortoiseProc/Commands/CatCommand.cpp,TortoiseProc,blob,1b524532a28d1c396d206efb225daec2a8069f11,pending-review,,
src/TortoiseProc/Commands/CatCommand.h,TortoiseProc,blob,43967cd8856296dc7165e87831ce909a777e18e2,pending-review,,
src/TortoiseProc/Commands/CleanupCommand.cpp,TortoiseProc,blob,e7f9c4c1bbdf36fdf08d007c177e8614ec90c122,pending-review,,
src/TortoiseProc/Commands/CleanupCommand.h,TortoiseProc,blob,e0a74917ca68706de2769dbcbac7697620a6da5d,pending-review,,
src/TortoiseProc/Commands/CloneCommand.cpp,TortoiseProc,blob,e354201124abad831b755561bf085d074c3a04af,partial,Sources/TurtleGitMac/RepositoryModel.swift; Sources/TurtleGitCore/GitRepository.swift,Initial native command workflow only; upstream options and error/recovery dialogs still require parity audit.
src/TortoiseProc/Commands/CloneCommand.h,TortoiseProc,blob,13cae0396e32bb8dbed607cf7927af7478722d3b,partial,Sources/TurtleGitMac/RepositoryModel.swift; Sources/TurtleGitCore/GitRepository.swift,Initial native command workflow only; upstream options and error/recovery dialogs still require parity audit.
src/TortoiseProc/Commands/Command.cpp,TortoiseProc,blob,9951fe853a8d0468c98bffafea96f04f59443180,pending-review,,
src/TortoiseProc/Commands/Command.h,TortoiseProc,blob,a0bff1f669c4103e804d253ad296ed66aaa85075,pending-review,,
src/TortoiseProc/Commands/CommitCommand.cpp,TortoiseProc,blob,384594ac9d28827a0e8174b42e9051bf430635e4,partial,Sources/TurtleGitMac/RepositoryModel.swift; Sources/TurtleGitCore/GitRepository.swift,Initial native command workflow only; upstream options and error/recovery dialogs still require parity audit.
src/TortoiseProc/Commands/CommitCommand.h,TortoiseProc,blob,8b3777689dbf17cdf7c864487cd0642295c0d801,partial,Sources/TurtleGitMac/RepositoryModel.swift; Sources/TurtleGitCore/GitRepository.swift,Initial native command workflow only; upstream options and error/recovery dialogs still require parity audit.
src/TortoiseProc/Commands/CommitIsOnRefsCommand.cpp,TortoiseProc,blob,83d9ffe7a438b4d24ad32bef7cbd05c0ef20e99a,pending-review,,
src/TortoiseProc/Commands/CommitIsOnRefsCommand.h,TortoiseProc,blob,aa20ef200e8489a67e82294f0e998bdee222f319,pending-review,,
src/TortoiseProc/Commands/ConflictEditorCommand.cpp,TortoiseProc,blob,197afefcf200f93591f6ee509d2f60fd935c415c,pending-review,,
src/TortoiseProc/Commands/ConflictEditorCommand.h,TortoiseProc,blob,239f8b5cf5ee86f7ffc89ba9262e86bf598dcca3,pending-review,,
src/TortoiseProc/Commands/CrashCommand.h,TortoiseProc,blob,b0690099ce1d2fa99bcc8d19f617bb42d562723d,pending-review,,
src/TortoiseProc/Commands/CreateRepositoryCommand.cpp,TortoiseProc,blob,6f42bd77d9fc88b8f1a1c7771707e122452816ad,partial,Sources/TurtleGitMac/RepositoryModel.swift; Sources/TurtleGitCore/GitRepository.swift,Initial native command workflow only; upstream options and error/recovery dialogs still require parity audit.
src/TortoiseProc/Commands/CreateRepositoryCommand.h,TortoiseProc,blob,c5804e54c4649ef6498d048b6d649701a2a8666b,partial,Sources/TurtleGitMac/RepositoryModel.swift; Sources/TurtleGitCore/GitRepository.swift,Initial native command workflow only; upstream options and error/recovery dialogs still require parity audit.
src/TortoiseProc/Commands/DaemonCommand.cpp,TortoiseProc,blob,972fe872e99645b54c76e2233974eb6971c9bfa3,pending-review,,
src/TortoiseProc/Commands/DaemonCommand.h,TortoiseProc,blob,f0667cbff1757ec554eb64f247fa1ae7f5367c3c,pending-review,,
src/TortoiseProc/Commands/DiffCommand.cpp,TortoiseProc,blob,8165be8f9bb37eed235a451d3cec33d89c71551b,partial,Sources/TurtleGitMac/RepositoryModel.swift; Sources/TurtleGitCore/GitRepository.swift,Initial native command workflow only; upstream options and error/recovery dialogs still require parity audit.
src/TortoiseProc/Commands/DiffCommand.h,TortoiseProc,blob,44fac20868afd9ea7d39830c34d1cb53e3d07149,partial,Sources/TurtleGitMac/RepositoryModel.swift; Sources/TurtleGitCore/GitRepository.swift,Initial native command workflow only; upstream options and error/recovery dialogs still require parity audit.
src/TortoiseProc/Commands/DropCopyAddCommand.cpp,TortoiseProc,blob,da846a4c11ed610d8162cb6f4de6dec88c0395b8,pending-review,,
src/TortoiseProc/Commands/DropCopyAddCommand.h,TortoiseProc,blob,dbf78d0ac9acdd38d3facf03cc209bc23e3a4d66,pending-review,,
src/TortoiseProc/Commands/DropCopyCommand.cpp,TortoiseProc,blob,ae5756aebe6bf0656831ee49b84ff7ba7fa7d512,pending-review,,
src/TortoiseProc/Commands/DropCopyCommand.h,TortoiseProc,blob,098fe31a2b8f4f2aee1e910ba72756f338258f52,pending-review,,
src/TortoiseProc/Commands/DropMoveCommand.cpp,TortoiseProc,blob,1cd9a7c8fc931d1c6362ab57f443093578417edb,pending-review,,
src/TortoiseProc/Commands/DropMoveCommand.h,TortoiseProc,blob,d964a26ad306c4db50b9a41f3936321b7f6605db,pending-review,,
src/TortoiseProc/Commands/ExportCommand.cpp,TortoiseProc,blob,4043fbc5e2fca46dd13c86cfff062dbc94064539,pending-review,,
src/TortoiseProc/Commands/ExportCommand.h,TortoiseProc,blob,96b9edeb9d2da0aaaa3c5b56730a79094a21cfa7,pending-review,,
src/TortoiseProc/Commands/FetchCommand.cpp,TortoiseProc,blob,f4c60bae0c5c297c249146430e3b7004ee091e0a,partial,Sources/TurtleGitMac/RepositoryModel.swift; Sources/TurtleGitCore/GitRepository.swift,Initial native command workflow only; upstream options and error/recovery dialogs still require parity audit.
src/TortoiseProc/Commands/FetchCommand.h,TortoiseProc,blob,49d248173f9f6df1d04ee9f7155fe7bdf5c5dedd,partial,Sources/TurtleGitMac/RepositoryModel.swift; Sources/TurtleGitCore/GitRepository.swift,Initial native command workflow only; upstream options and error/recovery dialogs still require parity audit.
src/TortoiseProc/Commands/FirstStartWizardCommand.cpp,TortoiseProc,blob,fe9a488b26eb83d9e95dc2fd248805e4b353e484,pending-review,,
src/TortoiseProc/Commands/FirstStartWizardCommand.h,TortoiseProc,blob,cf012fbc7758d8f6ff8b464ebfa05d42474da6e4,pending-review,,
src/TortoiseProc/Commands/FormatPatchCommand.cpp,TortoiseProc,blob,0e05626d7c64c484276c45d5a004d2d9f3d668d3,pending-review,,
src/TortoiseProc/Commands/FormatPatchCommand.h,TortoiseProc,blob,68193c94e6f64616e74012d789910e5e56bc2680,pending-review,,
src/TortoiseProc/Commands/HelpCommand.h,TortoiseProc,blob,9bbc80e67728a03c3ae3f2c7e28dd09ab8269bdf,pending-review,,
src/TortoiseProc/Commands/IgnoreCommand.cpp,TortoiseProc,blob,b88a003fa0cbe0b5f1011bf09fd03b358ac1f68f,pending-review,,
src/TortoiseProc/Commands/IgnoreCommand.h,TortoiseProc,blob,624d0856cdb66cc253bdc74baf46df34062310dc,pending-review,,
src/TortoiseProc/Commands/ImportPatchCommand.cpp,TortoiseProc,blob,3a389f8e32560c451f897a7f4ea258a036a14bdb,pending-review,,
src/TortoiseProc/Commands/ImportPatchCommand.h,TortoiseProc,blob,2026d1c83458a30be63b2237843e1c55d2b6b7b6,pending-review,,
src/TortoiseProc/Commands/InaccessibleCommand.cpp,TortoiseProc,blob,c6c479f920d3b4b4e25cc9a055843bbb614a06ad,pending-review,,
src/TortoiseProc/Commands/InaccessibleCommand.h,TortoiseProc,blob,ce90a3598f7aa827eeb367b0b4f42ab029df8cda,pending-review,,
src/TortoiseProc/Commands/LFSCommands.cpp,TortoiseProc,blob,c0d781e995956102af56cc82d6622fe6a0cebb2a,pending-review,,
src/TortoiseProc/Commands/LFSCommands.h,TortoiseProc,blob,a4b467e2d5d0fd395afc33d32654db77efd456d3,pending-review,,
src/TortoiseProc/Commands/LogCommand.cpp,TortoiseProc,blob,dd07ca63cdf1910247d519afef807aa2f09ec0f9,partial,Sources/TurtleGitMac/RepositoryModel.swift; Sources/TurtleGitCore/GitRepository.swift,Initial native command workflow only; upstream options and error/recovery dialogs still require parity audit.
src/TortoiseProc/Commands/LogCommand.h,TortoiseProc,blob,ab96c7c33cc8d2c21dd766ac1b27c15b1cf8d63c,partial,Sources/TurtleGitMac/RepositoryModel.swift; Sources/TurtleGitCore/GitRepository.swift,Initial native command workflow only; upstream options and error/recovery dialogs still require parity audit.
src/TortoiseProc/Commands/MergeCommand.cpp,TortoiseProc,blob,5e16896e8b894defd5a184d02b0563751dd6382a,partial,Sources/TurtleGitMac/RepositoryModel.swift; Sources/TurtleGitCore/GitRepository.swift,Initial native command workflow only; upstream options and error/recovery dialogs still require parity audit.
src/TortoiseProc/Commands/MergeCommand.h,TortoiseProc,blob,016ae4246be4f8082b69671577da634f04adf333,partial,Sources/TurtleGitMac/RepositoryModel.swift; Sources/TurtleGitCore/GitRepository.swift,Initial native command workflow only; upstream options and error/recovery dialogs still require parity audit.
src/TortoiseProc/Commands/PasteCopyCommand.cpp,TortoiseProc,blob,2180d6ffc4f53d18910bac0321dccfadec68308d,pending-review,,
src/TortoiseProc/Commands/PasteCopyCommand.h,TortoiseProc,blob,833ab7d18fc9f397b37523c1562d5a7c1a09c608,pending-review,,
src/TortoiseProc/Commands/PasteMoveCommand.cpp,TortoiseProc,blob,eb4e590e82870d5c117410fea5829b04db0f7c09,pending-review,,
src/TortoiseProc/Commands/PasteMoveCommand.h,TortoiseProc,blob,5bbc885e10867f31d3b106ed11aa796dc2052930,pending-review,,
src/TortoiseProc/Commands/PrevDiffCommand.cpp,TortoiseProc,blob,5cbbfa5c76e6b366f4a3cf458ac491cd5aaedf0d,pending-review,,
src/TortoiseProc/Commands/PrevDiffCommand.h,TortoiseProc,blob,b80bbef3a0a0b6be7b973f8d28a5b17763b2f116,pending-review,,
src/TortoiseProc/Commands/PullCommand.cpp,TortoiseProc,blob,62eb81ecf9cbc06f86831471d3fcc58a6cb80fc7,partial,Sources/TurtleGitMac/RepositoryModel.swift; Sources/TurtleGitCore/GitRepository.swift,Initial native command workflow only; upstream options and error/recovery dialogs still require parity audit.
src/TortoiseProc/Commands/PullCommand.h,TortoiseProc,blob,fefd5c12026b12c52bdfb7fb15c3b9684c65cfdb,partial,Sources/TurtleGitMac/RepositoryModel.swift; Sources/TurtleGitCore/GitRepository.swift,Initial native command workflow only; upstream options and error/recovery dialogs still require parity audit.
src/TortoiseProc/Commands/PushCommand.cpp,TortoiseProc,blob,73303586f54851d457191a0768a86cbf97f90161,partial,Sources/TurtleGitMac/RepositoryModel.swift; Sources/TurtleGitCore/GitRepository.swift,Initial native command workflow only; upstream options and error/recovery dialogs still require parity audit.
src/TortoiseProc/Commands/PushCommand.h,TortoiseProc,blob,b3563811e0ad86774169ce04f9a2b145047960f9,partial,Sources/TurtleGitMac/RepositoryModel.swift; Sources/TurtleGitCore/GitRepository.swift,Initial native command workflow only; upstream options and error/recovery dialogs still require parity audit.
src/TortoiseProc/Commands/RTFMCommand.h,TortoiseProc,blob,5a436085a692b0e6b6deb6c31ce3cfe9cc416056,pending-review,,
src/TortoiseProc/Commands/RebaseCommand.cpp,TortoiseProc,blob,c77464fed61ced750b72abb1e60b6cdfd1733826,partial,Sources/TurtleGitMac/RepositoryModel.swift; Sources/TurtleGitCore/GitRepository.swift,Initial native command workflow only; upstream options and error/recovery dialogs still require parity audit.
src/TortoiseProc/Commands/RebaseCommand.h,TortoiseProc,blob,ca4e0dbaebb5a96f224d12cf66a76c6f640fcc03,partial,Sources/TurtleGitMac/RepositoryModel.swift; Sources/TurtleGitCore/GitRepository.swift,Initial native command workflow only; upstream options and error/recovery dialogs still require parity audit.
src/TortoiseProc/Commands/RebuildIconCacheCommand.cpp,TortoiseProc,blob,13c329e5ec5f093e62a5f3949e1ee71a3835975c,pending-review,,
src/TortoiseProc/Commands/RebuildIconCacheCommand.h,TortoiseProc,blob,cabc581c3377373769c1fddc16c1d818645c0aaf,pending-review,,
src/TortoiseProc/Commands/RefBrowseCommand.h,TortoiseProc,blob,bef5bd9cb3c1ea2462b91cf09fb418526cf211a7,pending-review,,
src/TortoiseProc/Commands/RefLogCommand.cpp,TortoiseProc,blob,543524c1a7b674956b3a1b729c636ee47802c38a,pending-review,,
src/TortoiseProc/Commands/RefLogCommand.h,TortoiseProc,blob,b85fa32d7022764d0ae0aabd46c77e8e46dd441f,pending-review,,
src/TortoiseProc/Commands/RegisterWin11ContextMenu.cpp,TortoiseProc,blob,b4e8aae03bd927bfd357a6dab016b51cea086944,pending-review,,
src/TortoiseProc/Commands/RegisterWin11ContextMenu.h,TortoiseProc,blob,a148220c4bb35e7e28a6e20f42dc37ba253e1fd1,pending-review,,
src/TortoiseProc/Commands/RemoveCommand.cpp,TortoiseProc,blob,29c83fabeb2e67e01145744bf5cb95b0462a72e4,pending-review,,
src/TortoiseProc/Commands/RemoveCommand.h,TortoiseProc,blob,e7f86b5f7592e5cbf38d282fa1d6128c80761da8,pending-review,,
src/TortoiseProc/Commands/RenameCommand.cpp,TortoiseProc,blob,d8fd8229df62dd4886804fd6c76e0528d8c936c2,pending-review,,
src/TortoiseProc/Commands/RenameCommand.h,TortoiseProc,blob,aac54a4b32e00ab71b202c4e5f21f10794c7fb92,pending-review,,
src/TortoiseProc/Commands/RepoStatusCommand.cpp,TortoiseProc,blob,d7329a6a2058101c6065efa2ce58a46b4556c384,partial,Sources/TurtleGitMac/RepositoryModel.swift; Sources/TurtleGitCore/GitRepository.swift,Initial native command workflow only; upstream options and error/recovery dialogs still require parity audit.
src/TortoiseProc/Commands/RepoStatusCommand.h,TortoiseProc,blob,54e0cdcab0aa10dc747d8d31b9db30403bc03087,partial,Sources/TurtleGitMac/RepositoryModel.swift; Sources/TurtleGitCore/GitRepository.swift,Initial native command workflow only; upstream options and error/recovery dialogs still require parity audit.
src/TortoiseProc/Commands/RepositoryBrowserCommand.cpp,TortoiseProc,blob,bba0566a3673b25916b9edfcadd8a6ecb7377710,pending-review,,
src/TortoiseProc/Commands/RepositoryBrowserCommand.h,TortoiseProc,blob,6bc4baecacb22d418706bacea7024531ab73ee44,pending-review,,
src/TortoiseProc/Commands/RequestPullCommand.cpp,TortoiseProc,blob,1bb21319d50bd398234359b5f74cd0f0479e4b09,pending-review,,
src/TortoiseProc/Commands/RequestPullCommand.h,TortoiseProc,blob,0e776515bcb3663cfa71449da3748ce9733ffdd6,pending-review,,
src/TortoiseProc/Commands/ResolveCommand.cpp,TortoiseProc,blob,e555bc350b70f09f9585fb1407ee645e428666e8,pending-review,,
src/TortoiseProc/Commands/ResolveCommand.h,TortoiseProc,blob,cb9c764b5f6e4f6d6f1c5821c12029171f6f4ee5,pending-review,,
src/TortoiseProc/Commands/RevertCommand.cpp,TortoiseProc,blob,73603d4f3eed7e336054866039e6d59d06490088,pending-review,,
src/TortoiseProc/Commands/RevertCommand.h,TortoiseProc,blob,ec6dff7b602afab26b19251e45057c7530da0f36,pending-review,,
src/TortoiseProc/Commands/RevisionGraphCommand.cpp,TortoiseProc,blob,2c89688503da1f649475483464f77adcc6dc7eac,pending-review,,
src/TortoiseProc/Commands/RevisionGraphCommand.h,TortoiseProc,blob,2fff75b3f3d53e75b218e784bffbea2be060d956,pending-review,,
src/TortoiseProc/Commands/SVNDCommitCommand.cpp,TortoiseProc,blob,eb92e79696df7394dd07f62d3ba40b689302e7a1,pending-review,,
src/TortoiseProc/Commands/SVNDCommitCommand.h,TortoiseProc,blob,0607916d944452855a2f70cfa5340cdc886886e6,pending-review,,
src/TortoiseProc/Commands/SVNFetchCommand.cpp,TortoiseProc,blob,8cbd37248c3f4596ee0359f4ac5c31ba3a7a4634,pending-review,,
src/TortoiseProc/Commands/SVNFetchCommand.h,TortoiseProc,blob,2583c6e5680ee53e90094e9817ac8b8cdf9c2239,pending-review,,
src/TortoiseProc/Commands/SVNIgnoreCommand.cpp,TortoiseProc,blob,534e323406263107b66d13240bc9edabb9ed5c39,pending-review,,
src/TortoiseProc/Commands/SVNIgnoreCommand.h,TortoiseProc,blob,21c16f88cfabe2c6600eb84f3ca98ec9b7e982be,pending-review,,
src/TortoiseProc/Commands/SVNRebaseCommand.cpp,TortoiseProc,blob,6f66d8e84918dfd7dd17ed1e8804ff0979b79144,pending-review,,
src/TortoiseProc/Commands/SVNRebaseCommand.h,TortoiseProc,blob,f690aa21e21c0008d75a7e39e6e79c389eb66f70,pending-review,,
src/TortoiseProc/Commands/SendMailCommand.cpp,TortoiseProc,blob,337580f881b26d9b7fae51586bb925a3b6f11092,pending-review,,
src/TortoiseProc/Commands/SendMailCommand.h,TortoiseProc,blob,2dc880efdae1daf0a42ab90d140a580887739c99,pending-review,,
src/TortoiseProc/Commands/SettingsCommand.cpp,TortoiseProc,blob,0efe8f6488dfffaa1f0f3234b5334ab198e35738,pending-review,,
src/TortoiseProc/Commands/SettingsCommand.h,TortoiseProc,blob,46ac8db0cc6f8b5617484c16b5197407beca6c49,pending-review,,
src/TortoiseProc/Commands/ShowCompareCommand.cpp,TortoiseProc,blob,61274df796aabf77bc0f885cfcec3ac10870dee0,pending-review,,
src/TortoiseProc/Commands/ShowCompareCommand.h,TortoiseProc,blob,55fca989c553550d8ca4fa1ed8dbc5d677c727d4,pending-review,,
src/TortoiseProc/Commands/StashCommand.cpp,TortoiseProc,blob,798e206dd0e2e0afbe9433cd6d846d51113a9e05,partial,Sources/TurtleGitMac/RepositoryModel.swift; Sources/TurtleGitCore/GitRepository.swift,Initial native command workflow only; upstream options and error/recovery dialogs still require parity audit.
src/TortoiseProc/Commands/StashCommand.h,TortoiseProc,blob,5e4d7f277f73bb3567345a977f52edd16f559ed6,partial,Sources/TurtleGitMac/RepositoryModel.swift; Sources/TurtleGitCore/GitRepository.swift,Initial native command workflow only; upstream options and error/recovery dialogs still require parity audit.
src/TortoiseProc/Commands/SubmoduleCommand.cpp,TortoiseProc,blob,15323c25f224137cba4106d1a332cd4352e60be8,pending-review,,
src/TortoiseProc/Commands/SubmoduleCommand.h,TortoiseProc,blob,60098e824a6fd12b6c1888f87b373a72e3df3a2c,pending-review,,
src/TortoiseProc/Commands/SwitchCommand.cpp,TortoiseProc,blob,e8b327a2425268fc2df72da47bcf9ebc0eea56e8,partial,Sources/TurtleGitMac/RepositoryModel.swift; Sources/TurtleGitCore/GitRepository.swift,Initial native command workflow only; upstream options and error/recovery dialogs still require parity audit.
src/TortoiseProc/Commands/SwitchCommand.h,TortoiseProc,blob,1886a2f97efe77785809a8552889ef96e18cf2f7,partial,Sources/TurtleGitMac/RepositoryModel.swift; Sources/TurtleGitCore/GitRepository.swift,Initial native command workflow only; upstream options and error/recovery dialogs still require parity audit.
src/TortoiseProc/Commands/SyncCommand.cpp,TortoiseProc,blob,96115b57e9c4e189899c6b781068cd5c9c28cc2f,pending-review,,
src/TortoiseProc/Commands/SyncCommand.h,TortoiseProc,blob,403bebf6d9cf729e09490c8af64e10a6d72e27e6,pending-review,,
src/TortoiseProc/Commands/TagCommand.cpp,TortoiseProc,blob,5fcdd664afc4f79128ca994b74a7cd1374b954e4,partial,Sources/TurtleGitMac/RepositoryModel.swift; Sources/TurtleGitCore/GitRepository.swift,Initial native command workflow only; upstream options and error/recovery dialogs still require parity audit.
src/TortoiseProc/Commands/TagCommand.h,TortoiseProc,blob,885eba0613477a46644e20172689375d75522a94,partial,Sources/TurtleGitMac/RepositoryModel.swift; Sources/TurtleGitCore/GitRepository.swift,Initial native command workflow only; upstream options and error/recovery dialogs still require parity audit.
src/TortoiseProc/Commands/UnIgnoreCommand.cpp,TortoiseProc,blob,cf226f2896d7b0a2874d756e99a8df7a9ae3264e,pending-review,,
src/TortoiseProc/Commands/UnIgnoreCommand.h,TortoiseProc,blob,08af00455a72e1ae20e0b72a0f8b0551c9de8f17,pending-review,,
src/TortoiseProc/Commands/UpdateCheckCommand.cpp,TortoiseProc,blob,053cc43b0c83d642d7238a83df8d6e3b87f3df41,pending-review,,
src/TortoiseProc/Commands/UpdateCheckCommand.h,TortoiseProc,blob,a338d790a4d417119e22e9734cfb3a5bfa0ca009,pending-review,,
src/TortoiseProc/Commands/WorktreeCommand.cpp,TortoiseProc,blob,9a0e2c343b5b99ba372ec0ecec4222e78b46e1f6,pending-review,,
src/TortoiseProc/Commands/WorktreeCommand.h,TortoiseProc,blob,358472914c5c856ec89e1f56627b764de3485373,pending-review,,
src/TortoiseProc/CommitDlg.cpp,TortoiseProc,blob,3f4f032637786bef7e5943d0e7ea0bd4ea701de3,partial-native-replacement,Sources/TurtleGitMac/CommitWindow.swift; Sources/TurtleGitCore/CommitSelection.swift,Native checkbox and optional staging workflow; see docs/COMMIT-PARITY.md for remaining controls.
src/TortoiseProc/CommitDlg.h,TortoiseProc,blob,74c2f3700d7667480bfdf7221ac643e5efaab437,partial-native-replacement,Sources/TurtleGitMac/CommitWindow.swift; Sources/TurtleGitCore/CommitSelection.swift,Native checkbox and optional staging workflow; see docs/COMMIT-PARITY.md for remaining controls.
src/TortoiseProc/CommitIsOnRefsDlg.cpp,TortoiseProc,blob,11368b95c9a5475ce26e045d0cf2e2063dacf9eb,pending-review,,
src/TortoiseProc/CommitIsOnRefsDlg.h,TortoiseProc,blob,dfaa66a7f77b98ffb3dc38ab1fcb74f6443f75e2,pending-review,,
src/TortoiseProc/ConfigureGitExe.h,TortoiseProc,blob,1bfaf3bafe5695598579d8b9b0dafd18864bca3e,pending-review,,
src/TortoiseProc/CreateBranchTagDlg.cpp,TortoiseProc,blob,023120d49dfb8d93fc308a8da59db12b56eb4f5e,pending-review,,
src/TortoiseProc/CreateBranchTagDlg.h,TortoiseProc,blob,624da59a30922c07313cb738a6a78b1f2915ea29,pending-review,,
src/TortoiseProc/CreateChangelistDlg.cpp,TortoiseProc,blob,ee9d1efc33f0b6428228c8828534c619a7dfcd25,pending-review,,
src/TortoiseProc/CreateChangelistDlg.h,TortoiseProc,blob,de768166ee6d2007d551bbe5fdb7677cbbf439fd,pending-review,,
src/TortoiseProc/CreateRepoDlg.cpp,TortoiseProc,blob,79e78604a4e41a2425e72cd20cf121ab0eb27a84,pending-review,,
src/TortoiseProc/CreateRepoDlg.h,TortoiseProc,blob,129f7699761228f226ad6d3e672297c6b0efa8b9,pending-review,,
src/TortoiseProc/CreateWorktreeDlg.cpp,TortoiseProc,blob,e15ff43dcc0a6bf4c09429792dd644919dcf0f1a,pending-review,,
src/TortoiseProc/CreateWorktreeDlg.h,TortoiseProc,blob,cdc58bd112fec3d4a3f35953202928997235436a,pending-review,,
src/TortoiseProc/DeleteConflictDlg.cpp,TortoiseProc,blob,f9e2214a7173b33df4af1f7acef29e3e412d8ebf,pending-review,,
src/TortoiseProc/DeleteConflictDlg.h,TortoiseProc,blob,7c15702476415fd5f8cf356fd285de99f2de38c8,pending-review,,
src/TortoiseProc/DeleteRemoteTagDlg.cpp,TortoiseProc,blob,3f897488309f69bddc72934e10981ac0b2a91492,pending-review,,
src/TortoiseProc/DeleteRemoteTagDlg.h,TortoiseProc,blob,4730398b3c3c213b0b47c77416275fc6048882d6,pending-review,,
src/TortoiseProc/DiffLinesForStaging.cpp,TortoiseProc,blob,dc91d0753551484549d4ab74e8677b9fcca8eb67,pending-review,,
src/TortoiseProc/DiffLinesForStaging.h,TortoiseProc,blob,c767b0ea840dce48b9b812f08c61783ad3a18525,pending-review,,
src/TortoiseProc/EnableStagingTypes.h,TortoiseProc,blob,4edfd0f455755cb1fcf1f5090ae6985236110ad1,pending-review,,
src/TortoiseProc/ExportDlg.cpp,TortoiseProc,blob,e700b242c5386ee87fa779ce9c5727fdfcc237ef,pending-review,,
src/TortoiseProc/ExportDlg.h,TortoiseProc,blob,44f8719287e6f32a856a8b91d2e1bb41ce07c21a,pending-review,,
src/TortoiseProc/FileDiffDlg.cpp,TortoiseProc,blob,fe4171a852023344cac5af1711873104393e1b0a,pending-review,,
src/TortoiseProc/FileDiffDlg.h,TortoiseProc,blob,613511939e889203db0c7ace30cc5c799ebeb214,pending-review,,
src/TortoiseProc/FilterHelper.cpp,TortoiseProc,blob,16d8473f1168f61ebd7aff83444bbf8163fc00b8,pending-review,,
src/TortoiseProc/FilterHelper.h,TortoiseProc,blob,9e1483e256598565dcdc38052f8c8e2e29248528,pending-review,,
src/TortoiseProc/FindBar.cpp,TortoiseProc,blob,837addbec12940e4264d806489ad68f841704c24,pending-review,,
src/TortoiseProc/FindBar.h,TortoiseProc,blob,4d8d1f32b6ef5349dcb2b23e07a3dbad73a8112f,pending-review,,
src/TortoiseProc/FindDlg.cpp,TortoiseProc,blob,3fbec5076d27c7935592e9ae94e02e5c89fe1a77,pending-review,,
src/TortoiseProc/FindDlg.h,TortoiseProc,blob,1c1e151e3fc3bb07312bf3d93e6592c15cde7325,pending-review,,
src/TortoiseProc/FirstStartWizard.cpp,TortoiseProc,blob,f6c25e0f99a84a30b0b11707d9d3f3df343d83e6,pending-review,,
src/TortoiseProc/FirstStartWizard.h,TortoiseProc,blob,944908b6a8bf48284afa75d88f95ffddf9bb7962,pending-review,,
src/TortoiseProc/FirstStartWizardAuthentication.cpp,TortoiseProc,blob,549f3d35aebd53d7d61bba566072ee2c6a9ddd49,pending-review,,
src/TortoiseProc/FirstStartWizardAuthentication.h,TortoiseProc,blob,374cbb532d02a4484a4a4738bb9ad64143915d4a,pending-review,,
src/TortoiseProc/FirstStartWizardBasePage.cpp,TortoiseProc,blob,24c0563a8eb575b3580891750fe65c8e45680d06,pending-review,,
src/TortoiseProc/FirstStartWizardBasePage.h,TortoiseProc,blob,fa652a2008a8b28ca61b788f41819bbf2600484e,pending-review,,
src/TortoiseProc/FirstStartWizardGit.cpp,TortoiseProc,blob,34a7870d393387a71306dfdaba82b516ea0a7f9b,pending-review,,
src/TortoiseProc/FirstStartWizardGit.h,TortoiseProc,blob,9a003f96113783923c1a763b9750a0d0b37fabf4,pending-review,,
src/TortoiseProc/FirstStartWizardLanguage.cpp,TortoiseProc,blob,19b7e5269e8df245831bd779b79a5b3553f60a5a,pending-review,,
src/TortoiseProc/FirstStartWizardLanguage.h,TortoiseProc,blob,01db983adcda734445cab7ba09d78fbb03a10be1,pending-review,,
src/TortoiseProc/FirstStartWizardStart.cpp,TortoiseProc,blob,31418badfe4cfcc25b68ef92908a1de6b66643dd,pending-review,,
src/TortoiseProc/FirstStartWizardStart.h,TortoiseProc,blob,82892c2cb89fd280d6f2fb6b4422e710cc523b6c,pending-review,,
src/TortoiseProc/FirstStartWizardUser.cpp,TortoiseProc,blob,811b1bd038b3d33a1a0231ed4470ce8c00678941,pending-review,,
src/TortoiseProc/FirstStartWizardUser.h,TortoiseProc,blob,787ca476c99f0a4fe904719327bf0720d2dd418d,pending-review,,
src/TortoiseProc/FormatPatchDlg.cpp,TortoiseProc,blob,b8ad0c02bb27397700a6aee773d87ce7656d62c8,pending-review,,
src/TortoiseProc/FormatPatchDlg.h,TortoiseProc,blob,0c6f835c35d32fab5a97c0fc94700edfac71fcb2,pending-review,,
src/TortoiseProc/GitCliOutputParser.cpp,TortoiseProc,blob,719cd542dbb77314dedca6f28f6ad1c29eb43421,pending-review,,
src/TortoiseProc/GitCliOutputParser.h,TortoiseProc,blob,dbbe922317200247c2be24a4dc278f4a37f569db,pending-review,,
src/TortoiseProc/GitDiff.cpp,TortoiseProc,blob,df09c3c370bb1f86b3f71e4981a6b1d64892dce7,pending-review,,
src/TortoiseProc/GitDiff.h,TortoiseProc,blob,5f0ba216ff87f1054fa1a23d128fc75fd492fb14,pending-review,,
src/TortoiseProc/GitLogCache.cpp,TortoiseProc,blob,e4c770a0c77be05f411064bbbd66e85198613df0,pending-review,,
src/TortoiseProc/GitLogList.h,TortoiseProc,blob,6db02968f166adf7b2b1fb1df1410db5e341560a,partial,Sources/TurtleGitMac/LogWindow.swift; Sources/TurtleGitCore/CommitHistory.swift,"Native three-pane dialog, topology lanes, revision/file comparisons and selected revision actions; see docs/LOG-PARITY.md for remaining controls and menu items."
src/TortoiseProc/GitLogListAction.cpp,TortoiseProc,blob,88c255c4c80578c099bbcd4604f6e088f2f9d40a,partial,Sources/TurtleGitMac/LogWindow.swift; Sources/TurtleGitCore/CommitHistory.swift,"Native three-pane dialog, topology lanes, revision/file comparisons and selected revision actions; see docs/LOG-PARITY.md for remaining controls and menu items."
src/TortoiseProc/GitLogListBase.cpp,TortoiseProc,blob,19518f37689e19b7e913c9ff8cc9d65ec223c187,partial,Sources/TurtleGitMac/LogWindow.swift; Sources/TurtleGitCore/CommitHistory.swift,"Native three-pane dialog, topology lanes, revision/file comparisons and selected revision actions; see docs/LOG-PARITY.md for remaining controls and menu items."
src/TortoiseProc/GitLogListBase.h,TortoiseProc,blob,8e4e814ac555e8b91b92e5699f7b2a2fa8b771cb,pending-review,,
src/TortoiseProc/GitProgressDlg.cpp,TortoiseProc,blob,562cc2c58da5f18144494895b95c4662459273e5,pending-review,,
src/TortoiseProc/GitProgressDlg.h,TortoiseProc,blob,caa1d45c6d070661b734b8ad469a394204206117,pending-review,,
src/TortoiseProc/GitProgressList.cpp,TortoiseProc,blob,60bd80285a3e11bf05920d73ceda953d17bf3ae7,pending-review,,
src/TortoiseProc/GitProgressList.h,TortoiseProc,blob,398e1ad4dca796a02a4b18d46c6f0ba2ab7c1037,pending-review,,
src/TortoiseProc/GitRefCompareList.cpp,TortoiseProc,blob,4d249c4ab0fd1179c76f195e5df3ca93c3aa22cf,pending-review,,
src/TortoiseProc/GitRefCompareList.h,TortoiseProc,blob,b208fd47eefe445ba2a82ab8334c80ab4c707756,pending-review,,
src/TortoiseProc/GitStatusListCtrlHelpers.cpp,TortoiseProc,blob,96130c1e179a071f66f962fab17fd3ab71af9cd3,pending-review,,
src/TortoiseProc/GitSwitchDlg.cpp,TortoiseProc,blob,db94cbe8bc1c8d4b0e240b327581c5d97339a4ee,pending-review,,
src/TortoiseProc/GitSwitchDlg.h,TortoiseProc,blob,a0f3d62963d50ba2f1c714dbfdcf1f5d0d9b079b,pending-review,,
src/TortoiseProc/GitTagCompareList.cpp,TortoiseProc,blob,7fe2ee7c872e49da2a2c38c491606d0ba7d80f0d,pending-review,,
src/TortoiseProc/GitTagCompareList.h,TortoiseProc,blob,c49a38b10570f6069af685ce4d879d710b446dbc,pending-review,,
src/TortoiseProc/GravatarPictureBox.cpp,TortoiseProc,blob,4acc5f38f369b00290f5745451a7b8404dc00e8c,pending-review,,
src/TortoiseProc/GravatarPictureBox.h,TortoiseProc,blob,9bb94a6c016063e710f65f17f108c3bec3e6f0e8,pending-review,,
src/TortoiseProc/HistoryDlg.cpp,TortoiseProc,blob,852cfd7591ab464bd29685795c5099a4ace2ae03,pending-review,,
src/TortoiseProc/HistoryDlg.h,TortoiseProc,blob,816b73fc1210cf1ff4313815e65a4c4f663260cd,pending-review,,
src/TortoiseProc/IgnoreDlg.cpp,TortoiseProc,blob,a021b3a770ee1476e8af399ecf78b96800a91c14,pending-review,,
src/TortoiseProc/IgnoreDlg.h,TortoiseProc,blob,915d8cde2a0f402382bfeb0bdda41130f0b4bbbe,pending-review,,
src/TortoiseProc/ImportPatchDlg.cpp,TortoiseProc,blob,3bce8ea1941166a18a3380799d9a44e201a995c9,pending-review,,
src/TortoiseProc/ImportPatchDlg.h,TortoiseProc,blob,a4cdd5287f9bf37c73bdaeedff82e3654a5b3644,pending-review,,
src/TortoiseProc/InputDlg.cpp,TortoiseProc,blob,5cb2f222f134800944a0b5ba18a918e32a4b451b,pending-review,,
src/TortoiseProc/InputDlg.h,TortoiseProc,blob,4fb34ead0d2b16c516efa50aede4001e6e430bb5,pending-review,,
src/TortoiseProc/LFSLocksDlg.cpp,TortoiseProc,blob,f9ebe3aaa8c1089ce356f7b6f1142c5b9ceb1036,pending-review,,
src/TortoiseProc/LFSLocksDlg.h,TortoiseProc,blob,1e52ea8077958b1b1c5d7c9d26ed112db7c86ae8,pending-review,,
src/TortoiseProc/LogDataVector.cpp,TortoiseProc,blob,0859b5b1fae54d5632f9482f5460d3d80cd4f1d2,pending-review,,
src/TortoiseProc/LogDlg.cpp,TortoiseProc,blob,d456ae8d668767195f464ad8d850a15c034127f5,partial,Sources/TurtleGitMac/LogWindow.swift; Sources/TurtleGitCore/CommitHistory.swift,"Native three-pane dialog, topology lanes, revision/file comparisons and selected revision actions; see docs/LOG-PARITY.md for remaining controls and menu items."
src/TortoiseProc/LogDlg.h,TortoiseProc,blob,0865dbb01d1819cd714d5c71cc1b17562c4d45e2,partial,Sources/TurtleGitMac/LogWindow.swift; Sources/TurtleGitCore/CommitHistory.swift,"Native three-pane dialog, topology lanes, revision/file comparisons and selected revision actions; see docs/LOG-PARITY.md for remaining controls and menu items."
src/TortoiseProc/LogDlgFileFilter.cpp,TortoiseProc,blob,c89b3f143d0534fb9fdacdd20cf1539153e7f1bb,pending-review,,
src/TortoiseProc/LogDlgFileFilter.h,TortoiseProc,blob,6e0263c883befbf7b95bd47b35e1dbce02e1fba6,pending-review,,
src/TortoiseProc/LogDlgFilter.cpp,TortoiseProc,blob,72c733884c004c4bdf6dd665e596210826f8d8bf,pending-review,,
src/TortoiseProc/LogDlgFilter.h,TortoiseProc,blob,7f1be30f887a5ee03ecb0241d4f5c6321465be83,pending-review,,
src/TortoiseProc/LogDlgHelper.h,TortoiseProc,blob,b36c3e52ef7763670983f2bfc21bac8165c2e7e8,pending-review,,
src/TortoiseProc/LogFile.cpp,TortoiseProc,blob,a720c2002c338a39d9ffdf3aa4e747e14e092697,pending-review,,
src/TortoiseProc/LogFile.h,TortoiseProc,blob,15a41ae954c947aabb2ab2682feddc7f3f1d5036,pending-review,,
src/TortoiseProc/LogOrdering.cpp,TortoiseProc,blob,da8459b5cf6ac8a09849e14830cc3bc26600fc1e,pending-review,,
src/TortoiseProc/LogOrdering.h,TortoiseProc,blob,4aef6ebe8ab0ab687445804779f30450a5fbd5ee,pending-review,,
src/TortoiseProc/LoglistUtils.cpp,TortoiseProc,blob,73eae8b6ecf12b11b6fac043dd11098f1cc54db4,pending-review,,
src/TortoiseProc/LoglistUtils.h,TortoiseProc,blob,de160a8274806c2b1146673c8f872e501f5489a9,pending-review,,
src/TortoiseProc/MassiveGitTask.cpp,TortoiseProc,blob,7dc1f019c14f38c2c915ee2624150bd7ba87cee4,pending-review,,
src/TortoiseProc/MassiveGitTask.h,TortoiseProc,blob,8c93e34e5dd6738ece51ef0b76267cf142c260bd,pending-review,,
src/TortoiseProc/MergeAbortDlg.cpp,TortoiseProc,blob,82f9ab5eb47252802236ca2203f408f2dae8a239,pending-review,,
src/TortoiseProc/MergeAbortDlg.h,TortoiseProc,blob,499da16eb5c2962f5995d0d6eee9f5fcedde194a,pending-review,,
src/TortoiseProc/MergeDlg.cpp,TortoiseProc,blob,52095311feae10566902c8046bd1b606a1af3773,pending-review,,
src/TortoiseProc/MergeDlg.h,TortoiseProc,blob,550c064cdfa1da8b5e0a31cf39b93d8b270e074a,pending-review,,
src/TortoiseProc/PatchListCtrl.cpp,TortoiseProc,blob,dea42bf97d4a1b265d31712e9b60ce7dd87dda8d,pending-review,,
src/TortoiseProc/PatchListCtrl.h,TortoiseProc,blob,e8ea1a22743da0b38e9db25dda92048ca9f65751,pending-review,,
src/TortoiseProc/PatchViewDlg.cpp,TortoiseProc,blob,fc105d11262ebcc876e5c6b261ac5026c4352f2f,pending-review,,
src/TortoiseProc/PatchViewDlg.h,TortoiseProc,blob,be42747bddda830fa77906840ce3899e2883d203,pending-review,,
src/TortoiseProc/ProgressCommands/AddProgressCommand.cpp,TortoiseProc,blob,b7534dc288347395646bee936ba3079a44a982da,pending-review,,
src/TortoiseProc/ProgressCommands/AddProgressCommand.h,TortoiseProc,blob,5fcf374bbd7dec0c45bc9106d2d3e93b0625d93b,pending-review,,
src/TortoiseProc/ProgressCommands/CloneProgressCommand.cpp,TortoiseProc,blob,9684cda84e51af4e1ae1ab56b34a943d068ee3b5,pending-review,,
src/TortoiseProc/ProgressCommands/CloneProgressCommand.h,TortoiseProc,blob,fc5f7d1bf4526d486fd0091765cc5221120fe01d,pending-review,,
src/TortoiseProc/ProgressCommands/FetchProgressCommand.cpp,TortoiseProc,blob,aa8b0b8497f9c6f83d86a4f18137f439587dbb16,pending-review,,
src/TortoiseProc/ProgressCommands/FetchProgressCommand.h,TortoiseProc,blob,6a3ec290f87ef3cfb429e1907d54c43f10954505,pending-review,,
src/TortoiseProc/ProgressCommands/LFSSetLockedProgressCommand.cpp,TortoiseProc,blob,d3124cd9a0c35c05412ac9c5285c74d114464f6f,pending-review,,
src/TortoiseProc/ProgressCommands/LFSSetLockedProgressCommand.h,TortoiseProc,blob,a7d4a0df37bed35d59d47dcab99630e1525c4025,pending-review,,
src/TortoiseProc/ProgressCommands/RemoteProgressCommand.cpp,TortoiseProc,blob,ba509e36d8c828aef1ace231a47aeac3c2080070,pending-review,,
src/TortoiseProc/ProgressCommands/RemoteProgressCommand.h,TortoiseProc,blob,8943df8438887898f7ec3a10de06ed1707f11bc5,pending-review,,
src/TortoiseProc/ProgressCommands/ResetProgressCommand.cpp,TortoiseProc,blob,2efcd0a0b42180c957168f1f5423a6071bbf5e5c,pending-review,,
src/TortoiseProc/ProgressCommands/ResetProgressCommand.h,TortoiseProc,blob,3febea393c76829f43f112604659079dc8e63669,pending-review,,
src/TortoiseProc/ProgressCommands/ResolveProgressCommand.cpp,TortoiseProc,blob,0060d89286069ddceb6cec22d1a1524823667e39,pending-review,,
src/TortoiseProc/ProgressCommands/ResolveProgressCommand.h,TortoiseProc,blob,28c3db8ebd0b1339d35b1fd420c8d1756292e5d0,pending-review,,
src/TortoiseProc/ProgressCommands/RevertProgressCommand.cpp,TortoiseProc,blob,8efbc404abacc78e8a1ff0b92d7bbc724e91356e,pending-review,,
src/TortoiseProc/ProgressCommands/RevertProgressCommand.h,TortoiseProc,blob,00b43007ac0bd0dcfef91f371409469bb50167a4,pending-review,,
src/TortoiseProc/ProgressCommands/SendMailProgressCommand.cpp,TortoiseProc,blob,93cf562fb85ca4819b81709a186c90b0b4ec54eb,pending-review,,
src/TortoiseProc/ProgressCommands/SendMailProgressCommand.h,TortoiseProc,blob,eb1eaec7fee878134466144614c47d62914f5684,pending-review,,
src/TortoiseProc/ProgressDlg.cpp,TortoiseProc,blob,557988a1303dc86b11c9c74d29be4797aa7e6090,pending-review,,
src/TortoiseProc/ProgressDlg.h,TortoiseProc,blob,c21856cbed61b28586faaf5f37b9ef051e31bb52,pending-review,,
src/TortoiseProc/ProjectProperties.cpp,TortoiseProc,blob,116ee4436d5a6df8e3cfaecf03fe7277cc8f18fc,pending-review,,
src/TortoiseProc/ProjectProperties.h,TortoiseProc,blob,883ebd4189b716775b89327e924e407a7343fdba,pending-review,,
src/TortoiseProc/PromptDlg.cpp,TortoiseProc,blob,f458d3e078f00a0ea7d027237e783d9a23475008,pending-review,,
src/TortoiseProc/PromptDlg.h,TortoiseProc,blob,0aad1a00befa0c408fc388269b013ba281ed98fb,pending-review,,
src/TortoiseProc/PullFetchDlg.cpp,TortoiseProc,blob,261e75446acd8f6c3a14ed29dd57dd56d92a449a,pending-review,,
src/TortoiseProc/PullFetchDlg.h,TortoiseProc,blob,ecddac7ebe6ae0976f3a011206311559c9bb9a89,pending-review,,
src/TortoiseProc/PushDlg.cpp,TortoiseProc,blob,9fc65e54a987e17aece767b750732f723d97becc,pending-review,,
src/TortoiseProc/PushDlg.h,TortoiseProc,blob,2c8b37386d7b7c90dd2b0c7077c2b7c501dc5096,pending-review,,
src/TortoiseProc/RebaseDlg.cpp,TortoiseProc,blob,92f8f3d666bcc43a83b311e6e35d84feb895be05,pending-review,,
src/TortoiseProc/RebaseDlg.h,TortoiseProc,blob,9eb1c4d0cc033f63da5e6573ac142ec1e7421cf1,pending-review,,
src/TortoiseProc/RefLogDlg.cpp,TortoiseProc,blob,e65a202ed236c50d0f9a5174ac34fd29df9e034b,pending-review,,
src/TortoiseProc/RefLogDlg.h,TortoiseProc,blob,1c5a8d508df6a395eadf92028f3d181a1aa9ea8d,pending-review,,
src/TortoiseProc/RenameDlg.cpp,TortoiseProc,blob,aaf17bdc60957e7110098a0e4286e93ab1b41765,pending-review,,
src/TortoiseProc/RenameDlg.h,TortoiseProc,blob,29537996588761258563f383c93cb4398ad9444e,pending-review,,
src/TortoiseProc/RepositoryBrowser.cpp,TortoiseProc,blob,ced08d910b48b8c261fe7d131a409d4dc44875ac,pending-review,,
src/TortoiseProc/RepositoryBrowser.h,TortoiseProc,blob,7d315c6c04315e5251f5bceb1e6725f545bb67bf,pending-review,,
src/TortoiseProc/RequestPullDlg.cpp,TortoiseProc,blob,02d288f1a6e7cf4fdb15eccab2d2bce41a2a3d4e,pending-review,,
src/TortoiseProc/RequestPullDlg.h,TortoiseProc,blob,c51eff667dd9dd8375f1858a86e484021d5514ea,pending-review,,
src/TortoiseProc/ResetDlg.cpp,TortoiseProc,blob,b4bb451612a87b300c9439c39b644335b24c92e1,pending-review,,
src/TortoiseProc/ResetDlg.h,TortoiseProc,blob,914cb7fa98c39503a9fe469d9739735b0ae77c27,pending-review,,
src/TortoiseProc/ResizableColumnsListCtrl.h,TortoiseProc,blob,84350420f3d5dfd6eb685f21415559487dd59611,pending-review,,
src/TortoiseProc/ResolveDlg.cpp,TortoiseProc,blob,c6a3a357abc01caac3827ee20a38343933c560f5,pending-review,,
src/TortoiseProc/ResolveDlg.h,TortoiseProc,blob,3bc6aecd7187b703a7f102a5f675710a52f3cdc0,pending-review,,
src/TortoiseProc/RevertDlg.cpp,TortoiseProc,blob,64f623047b0d7e028c1023c2486924eeaf99051a,pending-review,,
src/TortoiseProc/RevertDlg.h,TortoiseProc,blob,47e08d1ad4877c74da9b09d4ee08679c81a1e6e4,pending-review,,
src/TortoiseProc/RevisionGraph/RevGraphFilterDlg.cpp,TortoiseProc,blob,c4629bdae44ff52b8f403b96ea567c2e20a2b2e2,pending-review,,
src/TortoiseProc/RevisionGraph/RevGraphFilterDlg.h,TortoiseProc,blob,cdbebbd115bad69e5462010fd06c2eba1feee705,pending-review,,
src/TortoiseProc/RevisionGraph/RevisionGraphDlg.cpp,TortoiseProc,blob,15fd37ea3e16c1fdbd3391c7936d0344b47802b9,pending-review,,
src/TortoiseProc/RevisionGraph/RevisionGraphDlg.h,TortoiseProc,blob,d108cd7b7de3c502eb6c49e13d9f348d19aef552,pending-review,,
src/TortoiseProc/RevisionGraph/RevisionGraphDlgDraw.cpp,TortoiseProc,blob,05b360e560ae3b424b71606ccfe43be70c7c910a,pending-review,,
src/TortoiseProc/RevisionGraph/RevisionGraphDlgFunc.cpp,TortoiseProc,blob,0ccab150cce28dbdb3dfdd1cde0e516182609401,pending-review,,
src/TortoiseProc/RevisionGraph/RevisionGraphWnd.cpp,TortoiseProc,blob,f96017678f09cf2942b87d5c98620b228fab34fc,pending-review,,
src/TortoiseProc/RevisionGraph/RevisionGraphWnd.h,TortoiseProc,blob,85b9361ab85ebc8043f0bda23de06ce2994cfe38,pending-review,,
src/TortoiseProc/SVNDCommitDlg.cpp,TortoiseProc,blob,0eb8e9f8706fab2fa5eed5ccc28a0ab2cc1ae6e7,pending-review,,
src/TortoiseProc/SVNDCommitDlg.h,TortoiseProc,blob,ab5ca86e48d7bcbc065598061f371155003852da,pending-review,,
src/TortoiseProc/SVNIgnoreTypeDlg.cpp,TortoiseProc,blob,99b4b345f7579d5cff1fd3235f9f3a973b7adb60,pending-review,,
src/TortoiseProc/SVNIgnoreTypeDlg.h,TortoiseProc,blob,08a011f842ebd2983c02aa7b21bce5e3b9352d84,pending-review,,
src/TortoiseProc/SelectRemoteRefDlg.cpp,TortoiseProc,blob,e246ba064a3c23b74a5b3f15fdd65d60d5045f8b,pending-review,,
src/TortoiseProc/SelectRemoteRefDlg.h,TortoiseProc,blob,2197fbadcaad7d296df51c4359c1309429bf0521,pending-review,,
src/TortoiseProc/SendMail.cpp,TortoiseProc,blob,06284ccd95dbac9e40746c4ce27f3aa041dc6081,pending-review,,
src/TortoiseProc/SendMail.h,TortoiseProc,blob,4a2f4ed355b85a9d59cfcda663dbf8ede31fe7c9,pending-review,,
src/TortoiseProc/SendMailDlg.cpp,TortoiseProc,blob,9d615d50a87e54028de157f5ed542837fe539697,pending-review,,
src/TortoiseProc/SendMailDlg.h,TortoiseProc,blob,74e5821e637353eb4e031b9c15d8af0587aa894d,pending-review,,
src/TortoiseProc/SendMailPatch.cpp,TortoiseProc,blob,9e874d6643e0406e8a48d386360e2897d732e057,pending-review,,
src/TortoiseProc/SendMailPatch.h,TortoiseProc,blob,d1f136e118708b572c7e49e9575a8c52270b213f,pending-review,,
src/TortoiseProc/SerialPatch.cpp,TortoiseProc,blob,f8fba9eec654c67570f5b6e0b2e15fa6c8f42f34,pending-review,,
src/TortoiseProc/SerialPatch.h,TortoiseProc,blob,e5403f1c4a86b39d3de86a301594a56243c07aa7,pending-review,,
src/TortoiseProc/Settings/GitSettings.h,TortoiseProc,blob,2bb4f18284b0bf9f7ab421cd0631f216a574987a,pending-review,,
src/TortoiseProc/Settings/SetBugTraq.cpp,TortoiseProc,blob,50d4b91263d9c59341dee81aa9d95fa732ca1bb7,pending-review,,
src/TortoiseProc/Settings/SetBugTraq.h,TortoiseProc,blob,ec4c0bc6dc38761e8fcdc19201d054f93af16917,pending-review,,
src/TortoiseProc/Settings/SetBugTraqAdv.cpp,TortoiseProc,blob,92fcb59595a8cca4f8e485d5eb4b5612a1650a8f,pending-review,,
src/TortoiseProc/Settings/SetBugTraqAdv.h,TortoiseProc,blob,c626442817ec4e1d3e84ffc1363d64e3ad6b9e47,pending-review,,
src/TortoiseProc/Settings/SetDialogs.cpp,TortoiseProc,blob,14912ad2447b6a5e2828d0f0f1bfa035fcaf0298,pending-review,,
src/TortoiseProc/Settings/SetDialogs.h,TortoiseProc,blob,1e6cd04d3c5f63509f187bd6635edc4b649f7c91,pending-review,,
src/TortoiseProc/Settings/SetDialogs2.cpp,TortoiseProc,blob,67abf27cae395ac4a013856199960db6aac3aee6,pending-review,,
src/TortoiseProc/Settings/SetDialogs2.h,TortoiseProc,blob,c9be1574310d1a5228e00fdfd00dc2fa0d7edbdf,pending-review,,
src/TortoiseProc/Settings/SetDialogs3.cpp,TortoiseProc,blob,b388aa8ff593c131e4805605fc71f74552dd4316,pending-review,,
src/TortoiseProc/Settings/SetDialogs3.h,TortoiseProc,blob,68a0f0d672bd0c438e998c7d6dc319a7752f10db,pending-review,,
src/TortoiseProc/Settings/SetExtMenu.h,TortoiseProc,blob,e201ca2a7b71fda24a7a470bffedcc3fb8249b1b,pending-review,,
src/TortoiseProc/Settings/SetHooks.cpp,TortoiseProc,blob,10b19cfa195a98833f7fab520bfeadfcd9c1649b,pending-review,,
src/TortoiseProc/Settings/SetHooks.h,TortoiseProc,blob,17ca320a3913c2a5f931da45ed301bfb3967011a,pending-review,,
src/TortoiseProc/Settings/SetHooksAdv.cpp,TortoiseProc,blob,d5f59fb9267a6e39ae970e9d3953356f5f7101c2,pending-review,,
src/TortoiseProc/Settings/SetHooksAdv.h,TortoiseProc,blob,8d02a2c2eebd69b0a5e0b591e2198548201f8260,pending-review,,
src/TortoiseProc/Settings/SetLookAndFeelPage.cpp,TortoiseProc,blob,b07c8e3f470f5b207e783340dfa4bec2a3259109,pending-review,,
src/TortoiseProc/Settings/SetLookAndFeelPage.h,TortoiseProc,blob,c1019cfba2f50b6968393c741f0142ddad32eb36,pending-review,,
src/TortoiseProc/Settings/SetMainPage.cpp,TortoiseProc,blob,0227cc370634ae0e5390b3a66c6a859a0ab77b27,pending-review,,
src/TortoiseProc/Settings/SetMainPage.h,TortoiseProc,blob,8e93b46db5a1303d1f6d38163c0b609b30569343,pending-review,,
src/TortoiseProc/Settings/SetOverlayHandlers.cpp,TortoiseProc,blob,8f2f339a9e4a289cfa1d163b0f1626a176a33dae,pending-review,,
src/TortoiseProc/Settings/SetOverlayHandlers.h,TortoiseProc,blob,4fb61caa69aedc933b5e9980d680225a851ba7a7,pending-review,,
src/TortoiseProc/Settings/SetOverlayIcons.cpp,TortoiseProc,blob,781d455b97d84be92d411be967824164abf3e789,pending-review,,
src/TortoiseProc/Settings/SetOverlayIcons.h,TortoiseProc,blob,a324c5960b702e1ab0d8d2b92ec919048dfe186c,pending-review,,
src/TortoiseProc/Settings/SetOverlayPage.cpp,TortoiseProc,blob,5e31aef484f63b9f75911a2b53a5be3f3df82965,pending-review,,
src/TortoiseProc/Settings/SetOverlayPage.h,TortoiseProc,blob,708622f4c987a026a54b7479b850ae4baa1aad5d,pending-review,,
src/TortoiseProc/Settings/SetProgsAdvDlg.cpp,TortoiseProc,blob,9cdf30bec3d4b68342c6b02375eb14f47561d6e5,pending-review,,
src/TortoiseProc/Settings/SetProgsAdvDlg.h,TortoiseProc,blob,164f982bb687285da6b69b2f4b7d93f85497dc6a,pending-review,,
src/TortoiseProc/Settings/SetProxyPage.cpp,TortoiseProc,blob,9e079ba53d6e4715a06aef913faf6c1233d61dd6,pending-review,,
src/TortoiseProc/Settings/SetProxyPage.h,TortoiseProc,blob,fca9d5827d5538bbf7c2efa885e87491134d4fd1,pending-review,,
src/TortoiseProc/Settings/SetSavedDataPage.cpp,TortoiseProc,blob,761468a1b46c2f4ec196a351527e76de1ffbbc7c,pending-review,,
src/TortoiseProc/Settings/SetSavedDataPage.h,TortoiseProc,blob,4951f95f7d126fa52bd2fe37465efc8308b2ff60,pending-review,,
src/TortoiseProc/Settings/SetWin11ContextMenu.h,TortoiseProc,blob,02ae648b186514d938e3b07b9f05144e5b942863,pending-review,,
src/TortoiseProc/Settings/SettingGitConfig.cpp,TortoiseProc,blob,8fb3160d4cdd8056436bf1ac6faf87fc4c60650e,pending-review,,
src/TortoiseProc/Settings/SettingGitConfig.h,TortoiseProc,blob,de17f3023237ffcca0b276762b11edbaa837dc96,pending-review,,
src/TortoiseProc/Settings/SettingGitCredential.cpp,TortoiseProc,blob,15f3607c3a58e2d13cf0601a2dfe833c78940f4e,pending-review,,
src/TortoiseProc/Settings/SettingGitCredential.h,TortoiseProc,blob,9642134e76dbf5894f8cd97da2c718e40caebf77,pending-review,,
src/TortoiseProc/Settings/SettingGitRemote.cpp,TortoiseProc,blob,41a05c1a1af17efd256e67756cd3c3ee5b1150af,pending-review,,
src/TortoiseProc/Settings/SettingGitRemote.h,TortoiseProc,blob,cbadff4ee92dda3b1179d675850f5646c05e04d2,pending-review,,
src/TortoiseProc/Settings/SettingSMTP.cpp,TortoiseProc,blob,c4764591074889bcbe7d2ca6df9aca3c0b8a8011,pending-review,,
src/TortoiseProc/Settings/SettingSMTP.h,TortoiseProc,blob,9199309fa4cd4f71cde50007f97d0e2313961add,pending-review,,
src/TortoiseProc/Settings/Settings.cpp,TortoiseProc,blob,0dcb41ea7fb14c7822081c747cb25ce69bb3756d,pending-review,,
src/TortoiseProc/Settings/Settings.h,TortoiseProc,blob,21c7c9a9e4fb385322c0d45db39c93ebb143100d,pending-review,,
src/TortoiseProc/Settings/SettingsAdvanced.cpp,TortoiseProc,blob,1b222ebf9053e0e902f79413899dc92d35071464,pending-review,,
src/TortoiseProc/Settings/SettingsAdvanced.h,TortoiseProc,blob,86f71b16237139ab46530d5ddbc988649f96ae31,pending-review,,
src/TortoiseProc/Settings/SettingsBugtraqConfig.cpp,TortoiseProc,blob,a1b75d071e811a53406c1847a32560741533d26c,pending-review,,
src/TortoiseProc/Settings/SettingsBugtraqConfig.h,TortoiseProc,blob,5cb2d29954c8a53d481392cde216d75202110f3f,pending-review,,
src/TortoiseProc/Settings/SettingsColors.cpp,TortoiseProc,blob,cc8a00046fa3fbf39f5ec465de68f75f23ed5995,pending-review,,
src/TortoiseProc/Settings/SettingsColors.h,TortoiseProc,blob,fc32917811b3e9ac903774edb3aef5f809cfc518,pending-review,,
src/TortoiseProc/Settings/SettingsColors2.cpp,TortoiseProc,blob,f7e9d4bb7d159d02db11fc7ce180a74576d78c6b,pending-review,,
src/TortoiseProc/Settings/SettingsColors2.h,TortoiseProc,blob,ecf5e9ae7f0d4fb88576938e931843822a67bf8f,pending-review,,
src/TortoiseProc/Settings/SettingsColors3.cpp,TortoiseProc,blob,36f21b532c07cca7c39d7de7c43857a85e285fac,pending-review,,
src/TortoiseProc/Settings/SettingsColors3.h,TortoiseProc,blob,bc3656f7484f3bd46dca97ac41ad1fa44e01a23e,pending-review,,
src/TortoiseProc/Settings/SettingsProgsAlternativeEditor.cpp,TortoiseProc,blob,e4f00ad3ab2d973bc32c670f064fdbfb520c8a8f,pending-review,,
src/TortoiseProc/Settings/SettingsProgsAlternativeEditor.h,TortoiseProc,blob,a2ed307f61cd81a7eddeb416f232fac65209841d,pending-review,,
src/TortoiseProc/Settings/SettingsProgsDiff.cpp,TortoiseProc,blob,9cd5e7c658477fd8120a7f521c8ce0f16cc10175,pending-review,,
src/TortoiseProc/Settings/SettingsProgsDiff.h,TortoiseProc,blob,66f480bac1872754c846cb280a61b7e600fb1c90,pending-review,,
src/TortoiseProc/Settings/SettingsProgsMerge.cpp,TortoiseProc,blob,e217211116b71928a3508de0325837c8c31602a6,pending-review,,
src/TortoiseProc/Settings/SettingsProgsMerge.h,TortoiseProc,blob,6a2f573ace4020179ea07f8edb3255b8d1a6ad54,pending-review,,
src/TortoiseProc/Settings/SettingsPropPage.cpp,TortoiseProc,blob,44725f0bdc33dcb5c5d912914fb959bb4806f818,pending-review,,
src/TortoiseProc/Settings/SettingsPropPage.h,TortoiseProc,blob,669263d81f63fca658caf35f20dd943198728cc1,pending-review,,
src/TortoiseProc/Settings/SettingsTBlame.cpp,TortoiseProc,blob,207860168c385227ce59adea694e083efb487cf3,pending-review,,
src/TortoiseProc/Settings/SettingsTBlame.h,TortoiseProc,blob,9050235c623795b11320f556ade8e0bd6c1bb792,pending-review,,
src/TortoiseProc/Settings/SettingsTUDiff.cpp,TortoiseProc,blob,f7013ed3cb19b7c3c625d98c8d15e437a6862da6,pending-review,,
src/TortoiseProc/Settings/SettingsTUDiff.h,TortoiseProc,blob,f4ab493bfaf15d299da6c47a0ffe0ef0ef775968,pending-review,,
src/TortoiseProc/Settings/ToolAssocDlg.cpp,TortoiseProc,blob,e8c4bce235fb5c082e398dbd42f1f79d12a9af1d,pending-review,,
src/TortoiseProc/Settings/ToolAssocDlg.h,TortoiseProc,blob,ebb8697b7f0e09bd02fcd62fa135b81c02978d40,pending-review,,
src/TortoiseProc/SimplePrompt.cpp,TortoiseProc,blob,09b9d7291de077b8b4e6c752e06e614860ac9c80,pending-review,,
src/TortoiseProc/SimplePrompt.h,TortoiseProc,blob,e9284aff67a54c3886bf26271d984a4a980a691e,pending-review,,
src/TortoiseProc/SinglePropSheetDlg.cpp,TortoiseProc,blob,77193840648aca0e91f0ca59639c3f21eaf06a99,pending-review,,
src/TortoiseProc/SinglePropSheetDlg.h,TortoiseProc,blob,4a592815c74a3fe51dd0ef94fda59059ce06f3ec,pending-review,,
src/TortoiseProc/StagingOperations.cpp,TortoiseProc,blob,3311c83378e5e76c00f7c7285de27a618591a888,pending-review,,
src/TortoiseProc/StagingOperations.h,TortoiseProc,blob,a6f345adead4a5b8af83935d83d4029b3fd2e471,pending-review,,
src/TortoiseProc/StashSave.cpp,TortoiseProc,blob,567dc24d633c4c717814c548329307f34c929fee,pending-review,,
src/TortoiseProc/StashSave.h,TortoiseProc,blob,45b1616311f4932f870b3b08de6ce8e31013d871,pending-review,,
src/TortoiseProc/StatGraphDlg.cpp,TortoiseProc,blob,99eaf454cddff437ac9622f79abd446c69f9ca21,pending-review,,
src/TortoiseProc/StatGraphDlg.h,TortoiseProc,blob,e26379e23a1d3c00460b877f6ad98d2475e79321,pending-review,,
src/TortoiseProc/SubmoduleAddDlg.cpp,TortoiseProc,blob,8a6d30cb43121b13b928460bc9fd3fd25b4f29bd,pending-review,,
src/TortoiseProc/SubmoduleAddDlg.h,TortoiseProc,blob,b4b11ee8204dc18fbe75f8fa9084ce73f756e1c1,pending-review,,
src/TortoiseProc/SubmoduleDiffDlg.cpp,TortoiseProc,blob,2cf3e4174776d769bfb46a6caa0d44fea23cdca2,pending-review,,
src/TortoiseProc/SubmoduleDiffDlg.h,TortoiseProc,blob,b77438be20a61c659b5eb8b75c1164e00506b75d,pending-review,,
src/TortoiseProc/SubmoduleResolveConflictDlg.cpp,TortoiseProc,blob,afcce367380d03a36ac89dad5412afbd64156f79,pending-review,,
src/TortoiseProc/SubmoduleResolveConflictDlg.h,TortoiseProc,blob,efaa5da2ec9bd6406ec7563a155a0e2581951cd4,pending-review,,
src/TortoiseProc/SubmoduleUpdateDlg.cpp,TortoiseProc,blob,6bfca39956f295e061d828c1935ba4600ef87fbe,pending-review,,
src/TortoiseProc/SubmoduleUpdateDlg.h,TortoiseProc,blob,92f297d17c0ab5a459ec268ca0f05408543804c1,pending-review,,
src/TortoiseProc/SyncDlg.cpp,TortoiseProc,blob,17bfe829c486fee35345727136bec8d1adbf21f9,pending-review,,
src/TortoiseProc/SyncDlg.h,TortoiseProc,blob,d45012f6ae0579ef1b98394f05017b6fa365bac9,pending-review,,
src/TortoiseProc/SyncTabCtrl.cpp,TortoiseProc,blob,692428a34e6b90e99be7fa135963d36d806054a9,pending-review,,
src/TortoiseProc/SyncTabCtrl.h,TortoiseProc,blob,80a3c81f43bd18e8a024f4aa30c801f70fc88ccf,pending-review,,
src/TortoiseProc/TortoiseProc.cpp,TortoiseProc,blob,c4d5d19a0c3b4ef8db0d8e894ec3caf22e5eb0dd,pending-review,,
src/TortoiseProc/TortoiseProc.h,TortoiseProc,blob,cc4e193d4915db26d6e5d6a71ea23cffc8628d02,pending-review,,
src/TortoiseProc/TortoiseProc.vcxproj,TortoiseProc,blob,44de880103a12a806776e8e227a69de6edee4449,pending-review,,
src/TortoiseProc/TortoiseProc.vcxproj.filters,TortoiseProc,blob,3547a5f96b523c862b3850fe5c6f9ac5c511dd0e,pending-review,,
src/TortoiseProc/TortoiseProcLang.vcxproj,TortoiseProc,blob,8961a66d78953d4ec2a4fd44af7e39819de59778,pending-review,,
src/TortoiseProc/TortoiseProcLang.vcxproj.filters,TortoiseProc,blob,e328523fe6420d8b64a49aab4bf3247914a9b9a5,pending-review,,
src/TortoiseProc/URLDlg.cpp,TortoiseProc,blob,35d3b53ba66bebafd0043365cae3f4b16b2dacab,pending-review,,
src/TortoiseProc/URLDlg.h,TortoiseProc,blob,a7927c449968130a5dfa6ac75c366855880009c4,pending-review,,
src/TortoiseProc/UpdateCrypto.cpp,TortoiseProc,blob,521d15f95f00318949583a8961c4f2657e24e3a8,pending-review,,
src/TortoiseProc/UpdateCrypto.h,TortoiseProc,blob,79d34120e66f2cac05532a81a942681fce5849ed,pending-review,,
src/TortoiseProc/UpdateDownloader.cpp,TortoiseProc,blob,4864a2749e252989015028a9335a928a6457504e,pending-review,,
src/TortoiseProc/UpdateDownloader.h,TortoiseProc,blob,83d6251b871ae53ddfe22dfad0b915040c764eb0,pending-review,,
src/TortoiseProc/UpdateListCtrl.cpp,TortoiseProc,blob,9c07e017e73a9efcf5e091928bebe9d48bef380a,pending-review,,
src/TortoiseProc/UpdateListCtrl.h,TortoiseProc,blob,5ca2cc4d8835b74e15f2651fd0ad8859dda52303,pending-review,,
src/TortoiseProc/UserPassword.cpp,TortoiseProc,blob,4b5cedbe9e857db87700a6269ea1586a82ac77b4,pending-review,,
src/TortoiseProc/UserPassword.h,TortoiseProc,blob,bc93b65070f45387635ee1fe87531647139ec887,pending-review,,
src/TortoiseProc/VersioncheckParser.cpp,TortoiseProc,blob,699d2d7d257b7e30046bbe9de76833441bab45e7,pending-review,,
src/TortoiseProc/VersioncheckParser.h,TortoiseProc,blob,aa84c54873c56ca7eb394992194b5d11adf32e26,pending-review,,
src/TortoiseProc/WorktreeListDlg.cpp,TortoiseProc,blob,701eaacccef376c67f0816246939e9801d8f856e,pending-review,,
src/TortoiseProc/WorktreeListDlg.h,TortoiseProc,blob,8111e8605867ff3dcf6a9ee50018bd1e1f9e8e83,pending-review,,
src/TortoiseProc/gitlogcache.h,TortoiseProc,blob,fa04325a0a0861fc3252da9f49e5cddf7e0bbcaf,pending-review,,
src/TortoiseProc/lanes.cpp,TortoiseProc,blob,1c17035bf30db9ae2d294127457bd3881f0d5a01,pending-review,,
src/TortoiseProc/lanes.h,TortoiseProc,blob,c05d1050064ef3d541b7fc814fb94dc1ed70c8bd,pending-review,,
src/TortoiseProc/refloglist.cpp,TortoiseProc,blob,c1fb07f5fa8bf318d436fbb877656944b8d2f008,pending-review,,
src/TortoiseProc/refloglist.h,TortoiseProc,blob,aabb60709e88b54512df49b179b43c4a71e1f2fb,pending-review,,
src/TortoiseProc/resource.h,TortoiseProc,blob,4f9409abcfafb5a90fa0b390f51bc56fe5e7bafe,pending-review,,
src/TortoiseProc/stdafx.cpp,TortoiseProc,blob,e0cacce6448d6e5bc8162388398175e5317ffcad,pending-review,,
src/TortoiseProc/stdafx.h,TortoiseProc,blob,13690d6920bc73fae615e422dddb73cecdcf750d,pending-review,,
src/TortoiseShell/ContextMenu.cpp,TortoiseShell,blob,0b31f963e73ff71cd9cdb0861972a671236ae20f,pending-review,,
src/TortoiseShell/ExplorerCommand.cpp,TortoiseShell,blob,fae1432cabc9a8f835f40683a4c3e596b48adc0b,pending-review,,
src/TortoiseShell/ExplorerCommand.h,TortoiseShell,blob,51ba946464ae4780195edbce81bec06addaa1aa1,pending-review,,
src/TortoiseShell/GITPropertyPage.cpp,TortoiseShell,blob,56eb322d166e22a5ca50dba8e49001591b608b28,pending-review,,
src/TortoiseShell/GITPropertyPage.h,TortoiseShell,blob,11887009a157249b99bbfb03bf2d30c9655a230f,pending-review,,
src/TortoiseShell/Globals.h,TortoiseShell,blob,03bd738af728fa9c3897b637d02024bea015d264,pending-review,,
src/TortoiseShell/Guids.h,TortoiseShell,blob,9461cf759e2993a56a1b563eb5ed2a67dfbb7f8a,pending-review,,
src/TortoiseShell/IconOverlay.cpp,TortoiseShell,blob,d2a725ca3530cb23bccc090e2d49615f5b2e4226,pending-review,,
src/TortoiseShell/ItemIDList.cpp,TortoiseShell,blob,3792ecb6d5eb2745fd9fa8ade92c8e31363a3ce7,pending-review,,
src/TortoiseShell/ItemIDList.h,TortoiseShell,blob,0ff5a8e9317d0bce9d3a0d065ea6709d0ac333fb,pending-review,,
src/TortoiseShell/MenuInfo.cpp,TortoiseShell,blob,aee7f91ad1111fe03ab85b390855885ca940a27f,partial,Sources/TurtleGitCore/MenuIcons.swift; FinderSync/FinderSync.swift,Original command icons mapped to implemented app/Finder menus; full shell menu conditions and command set pending.
src/TortoiseShell/MenuInfo.h,TortoiseShell,blob,afbb71b2688fa55c8239e7dec61524f82c2b94d5,pending-review,,
src/TortoiseShell/PIDL.cpp,TortoiseShell,blob,5595d5578142324a162e3419de0180aa31021580,pending-review,,
src/TortoiseShell/PIDL.h,TortoiseShell,blob,06e711daa09557a083b7ffa75ca0189b86ccb2c8,pending-review,,
src/TortoiseShell/PreserveChdir.cpp,TortoiseShell,blob,bfec51eae205953c871ceacf36bab5e52a3d9f59,pending-review,,
src/TortoiseShell/PreserveChdir.h,TortoiseShell,blob,52bea4a17aecfd3f93451e300b1271dc3264418b,pending-review,,
src/TortoiseShell/RemoteCacheLink.cpp,TortoiseShell,blob,50876282715c692f4d56b819f5801912f0be3a05,pending-review,,
src/TortoiseShell/RemoteCacheLink.h,TortoiseShell,blob,09894158ee9a97c6c2f58949df9c988d97e1b3c9,pending-review,,
src/TortoiseShell/ShellCache.cpp,TortoiseShell,blob,051ebfaf173f2be7b50f57f504d7850f568fc1a0,pending-review,,
src/TortoiseShell/ShellCache.h,TortoiseShell,blob,ca6fa68e167b0e212f4a705c379f6a21ccd51cd4,pending-review,,
src/TortoiseShell/ShellExt.cpp,TortoiseShell,blob,2e35859029cf34aa644d65cb9c1be3b41d0f35b1,pending-review,,
src/TortoiseShell/ShellExt.def,TortoiseShell,blob,b14b609d49e45e4edc3a52c3cefc968a74f353b6,pending-review,,
src/TortoiseShell/ShellExt.h,TortoiseShell,blob,071b89a968096d14d49fd3574093f4d10493fba1,pending-review,,
src/TortoiseShell/ShellExtClassFactory.cpp,TortoiseShell,blob,94f3c45573d5a1882d21f01f1f6d98ac5afbe99f,pending-review,,
src/TortoiseShell/ShellExtClassFactory.h,TortoiseShell,blob,8962502c1f621c55d6f596c92d90bb659a19641e,pending-review,,
src/TortoiseShell/ShellObjects.cpp,TortoiseShell,blob,8278152b3ea5e1017a26dd32f3ddaca9168a396c,pending-review,,
src/TortoiseShell/ShellObjects.h,TortoiseShell,blob,a70ea9cf1df4844b46e932925961be69778c5a73,pending-review,,
src/TortoiseShell/TortoiseGIT.cpp,TortoiseShell,blob,0a522bb2dadfe6210602d8a72056200bdda1e9b5,pending-review,,
src/TortoiseShell/TortoiseShell.vcxproj,TortoiseShell,blob,970894f94a0f3e54d095fa6a8e5b732d5c899b7c,pending-review,,
src/TortoiseShell/TortoiseShell.vcxproj.filters,TortoiseShell,blob,083fe8d9fab70a0d658ee52024f1d111e4966934,pending-review,,
src/TortoiseShell/TortoiseStub.cpp,TortoiseShell,blob,f2357ac151dff4f35ed7b82a868d8790a4575ee0,pending-review,,
src/TortoiseShell/TortoiseStub.def,TortoiseShell,blob,f60488f61b30d7887f74a3bfbd5728c938ed1e4f,pending-review,,
src/TortoiseShell/TortoiseStub.rc,TortoiseShell,blob,2cace9e08e42a2baa0b0c3aaf0be7532a53826c7,pending-review,,
src/TortoiseShell/TortoiseStub.vcxproj,TortoiseShell,blob,711166a1ddef59302319cdc5859294a30c1624c2,pending-review,,
src/TortoiseShell/TortoiseStub.vcxproj.filters,TortoiseShell,blob,b06ac4a7601b46a1f967d7d168e56fba2436d245,pending-review,,
src/TortoiseShell/deregister.reg,TortoiseShell,blob,6bac5f9a11d5fe91b698ffc57130992b14f7e653,pending-review,,
src/TortoiseShell/register.registry,TortoiseShell,blob,6a23cccf15803657d7cdf4515e69f337de0efea0,pending-review,,
src/TortoiseShell/register_recover.registry,TortoiseShell,blob,42ead4090f31902fb4f7ef5d2e9c83f541e9b50c,pending-review,,
src/TortoiseShell/registerrelease.registry,TortoiseShell,blob,38304065323c367ae1658f65045829d94f0ca906,pending-review,,
src/TortoiseShell/resource.h,TortoiseShell,blob,7731c459948240aaa58b4ec9a65c92f9bdaf2f5a,pending-review,,
src/TortoiseShell/resourceshell.rc,TortoiseShell,blob,c5b11b96e120e1f4e2eabcd7d93d222d6cff4ce0,partial,Sources/TurtleGitCore/MenuIcons.swift; FinderSync/FinderSync.swift,Original command icons mapped to implemented app/Finder menus; full shell menu conditions and command set pending.
src/TortoiseShell/resourceshell.rc2,TortoiseShell,blob,a1571e2860b3e6a11add6fd5ab8f7baab6cf196e,pending-review,,
src/TortoiseShell/stdafx.cpp,TortoiseShell,blob,f4db1290c0bc1f4f6ccf9d048a35816388fd473e,pending-review,,
src/TortoiseShell/stdafx.h,TortoiseShell,blob,47f7d928fdee666fc71d137ecb9988bf8ddaf8be,pending-review,,
src/TortoiseUDiff/FindBar.cpp,TortoiseUDiff,blob,9358df8dca55831f36fe9e02b90bb53c39f585b3,pending-review,,
src/TortoiseUDiff/FindBar.h,TortoiseUDiff,blob,a83d9d9abd9dbd826808235d0691d75d4cd21d63,pending-review,,
src/TortoiseUDiff/MainWindow.cpp,TortoiseUDiff,blob,fc1d4053019e4b8bc5c2a1c08837d19c7c506751,pending-review,,
src/TortoiseUDiff/MainWindow.h,TortoiseUDiff,blob,cf3da3dfbcbabe3082da0b2102c386e5dd847b57,pending-review,,
src/TortoiseUDiff/Readme.txt,TortoiseUDiff,blob,d2cc96bfe3cbcc19eb935782c2e542bca4c7e82a,pending-review,,
src/TortoiseUDiff/TortoiseUDiff.cpp,TortoiseUDiff,blob,4361c8187844778705e57635a34daad8c679f025,pending-review,,
src/TortoiseUDiff/TortoiseUDiff.h,TortoiseUDiff,blob,a84da8ae81e5f66f4fb557290cb7ce5040a19846,pending-review,,
src/TortoiseUDiff/TortoiseUDiff.ico,TortoiseUDiff,blob,18c711b1faa9eab1bdf9c8fc4d9bf6d189dccf0f,pending-review,,
src/TortoiseUDiff/TortoiseUDiff.rc,TortoiseUDiff,blob,1a5c590842d2d99b38eb53a6f11aa640f0d1cbca,pending-review,,
src/TortoiseUDiff/TortoiseUDiff.rc2,TortoiseUDiff,blob,8262899e242522396abc543a88938480aeeb3b9c,pending-review,,
src/TortoiseUDiff/TortoiseUDiff.vcxproj,TortoiseUDiff,blob,b07277d95363be421adc797136eeb2e08a5028a3,pending-review,,
src/TortoiseUDiff/TortoiseUDiff.vcxproj.filters,TortoiseUDiff,blob,f8211cfc75cc5abddf8d84382d318e4257f1c7f2,pending-review,,
src/TortoiseUDiff/TortoiseUDiffLang.vcxproj,TortoiseUDiff,blob,dff6bdabd0187565579bbfdf2e98eea8c008876a,pending-review,,
src/TortoiseUDiff/TortoiseUDiffLang.vcxproj.filters,TortoiseUDiff,blob,a5314f21af29defcd403f5ce72b1cb618355df88,pending-review,,
src/TortoiseUDiff/UDiffColors.h,TortoiseUDiff,blob,65d7e61aa154245193bce08fbbea75d2f4c49034,pending-review,,
src/TortoiseUDiff/resource.h,TortoiseUDiff,blob,3deeb1edc9c26ca4650b882b0f715b1139246e87,pending-review,,
src/TortoiseUDiff/stdafx.cpp,TortoiseUDiff,blob,85c3d251aec89b0da8c1ae738a32da5386bd4fca,pending-review,,
src/TortoiseUDiff/stdafx.h,TortoiseUDiff,blob,87a08d2a98854c0c616f33a6c30181df144bc5fa,pending-review,,
src/Utils/ACEdit.cpp,Utils,blob,622d33add2fb7805b63592376fd4b5a728c69eb5,pending-review,,
src/Utils/ACEdit.h,Utils,blob,e7f82f402cd06e47641cb633c8942dee5e2121f5,pending-review,,
src/Utils/ACListWnd.cpp,Utils,blob,24d976c0245097a924b1f93659613e056d7e670b,pending-review,,
src/Utils/ACListWnd.h,Utils,blob,1f0ba20edbca70aa6ea35286f587a5b443df4f56,pending-review,,
src/Utils/BugTraqAssociations.cpp,Utils,blob,13015dc426ff8e42bbe8469dbd78f626f621b97b,pending-review,,
src/Utils/BugTraqAssociations.h,Utils,blob,abeddfe6add9d42ecd985cdd87fde1c398149813,pending-review,,
src/Utils/COMError.cpp,Utils,blob,4b8a3bc95f35b59c1669c6c12bee24eb0823f202,pending-review,,
src/Utils/COMError.h,Utils,blob,ce2c52403bbb27ee17ae898a9895b510cc276842,pending-review,,
src/Utils/CertificateValidationHelper.h,Utils,blob,9616120f7f532e5de045bcf9c30343a9534e5cae,pending-review,,
src/Utils/ClipboardHelper.h,Utils,blob,6d97151a5275b3d70c1c850ab128589e51007a82,pending-review,,
src/Utils/CmdLineParser.cpp,Utils,blob,6a4591a3451094f4bd594c263db521637ce06517,pending-review,,
src/Utils/CmdLineParser.h,Utils,blob,9bde30a530b6610c2856456485da483f0280e896,pending-review,,
src/Utils/CommonAppUtils.cpp,Utils,blob,e238480c30808908b318d1f419c246ab0c116895,pending-review,,
src/Utils/CommonAppUtils.h,Utils,blob,165c42c0d0c1f9b141e85c46dd9140c047db724e,pending-review,,
src/Utils/CrashReport.h,Utils,blob,f9a8b51f74bcfb610d40a8e72cdfe09354c96137,pending-review,,
src/Utils/CreateProcessHelper.h,Utils,blob,2158e8cd3690f43655e343b8818cd24c15b3b342,pending-review,,
src/Utils/DPIAware.h,Utils,blob,da18b7d7fc2ac436b940a787dcbd6f00b9cd4ed3,pending-review,,
src/Utils/DarkModeHelper.cpp,Utils,blob,7533134088166433204dd8c5e35688cf52c7b0b0,pending-review,,
src/Utils/DarkModeHelper.h,Utils,blob,28eb674f50a4f04160cb481c7992b1935a32face,pending-review,,
src/Utils/Debug.cpp,Utils,blob,a0218694fc416441edcb21f713dfc00230d3723e,pending-review,,
src/Utils/Debug.h,Utils,blob,fa8ff5d23bcb1d8724c2ba9129863434f867a2dc,pending-review,,
src/Utils/DebugHelpers.h,Utils,blob,4f7726fa2e870d6726c05305f6928ba500506ecb,pending-review,,
src/Utils/DebugOutput.cpp,Utils,blob,71cc3cb3501cef7a68e3c89748d01364539273ad,pending-review,,
src/Utils/DebugOutput.h,Utils,blob,c455febbe4bbdacf57c8e8f9f41be9339f23c545,pending-review,,
src/Utils/DirFileEnum.cpp,Utils,blob,cc8a6b4546478457fd6e25311565f159f1f75fac,pending-review,,
src/Utils/DirFileEnum.h,Utils,blob,bffb93df426e9e8954694725114da78eaef9c8ca,pending-review,,
src/Utils/DllVersion.h,Utils,blob,1bc00e6f5a23cde8c0723f516ed17027cf5e2b77,pending-review,,
src/Utils/DragDropImpl.cpp,Utils,blob,4c7ec678c6aae1b99a027d6d5e5aa2889afe69ee,pending-review,,
src/Utils/DragDropImpl.h,Utils,blob,cf055c6fd423a2af90a658b969e7cd76ecbc55d7,pending-review,,
src/Utils/FormatMessageWrapper.h,Utils,blob,7e54382290f7705e7ef459f2be172f0ad8d3396b,pending-review,,
src/Utils/Graphviz.cpp,Utils,blob,a5d2665b95eb087266c7055bbb8d0b6ddc2e1341,pending-review,,
src/Utils/Graphviz.h,Utils,blob,634f917842364ad799de9d850d4442da8b69eee6,pending-review,,
src/Utils/Hash.cpp,Utils,blob,6478f6175ec6d6c233d25cb4ceb0d6e6bd99c992,pending-review,,
src/Utils/Hash.h,Utils,blob,cbc5eaf8075064a13642105a4921419099641889,pending-review,,
src/Utils/HighResClock.h,Utils,blob,ea240a75ee0b1998fe1e8c6e8bebe78551b4f949,pending-review,,
src/Utils/Hooks.cpp,Utils,blob,cd363ab5ce7a34115d247a201a97220689d49d99,pending-review,,
src/Utils/Hooks.h,Utils,blob,c5d4ab2ea7b7fd0e217d695921984f8ed85ea572,pending-review,,
src/Utils/HwSMTP.cpp,Utils,blob,e931580b7c22d07d6bbba29c75e3907b38a7482e,pending-review,,
src/Utils/HwSMTP.h,Utils,blob,b61575f7722865efe54d1dd41be10a7460d3312a,pending-review,,
src/Utils/IInputValidator.h,Utils,blob,449606e6ad9aee583bd74b8d12c598196a5d4bcb,pending-review,,
src/Utils/IconExtractor.cpp,Utils,blob,91d6916f9b7bda9785517ae81e569004c62de97b,pending-review,,
src/Utils/IconExtractor.h,Utils,blob,e28a7d573426725e7a80e0502d6a1763d409b9b9,pending-review,,
src/Utils/JumpListHelpers.cpp,Utils,blob,53201eac793aa95eb548eb23afdcc12871cd8936,pending-review,,
src/Utils/JumpListHelpers.h,Utils,blob,b42b461105c98103ed37c112d34afeab5ebc597a,pending-review,,
src/Utils/LangDll.cpp,Utils,blob,4bbb0d38c08799c11ce75700631cb0703848287a,pending-review,,
src/Utils/LangDll.h,Utils,blob,d8c3ba01a8bda8c1ef833014f8ed60b47aa27cbf,pending-review,,
src/Utils/Libraries.cpp,Utils,blob,9438b418685d78d626714bfc80aa20b2ec764d60,pending-review,,
src/Utils/Libraries.h,Utils,blob,8a5983a7f69f3d2332ad29e12401558c7622ce76,pending-review,,
src/Utils/LoadIconEx.cpp,Utils,blob,6a6f5d3fd2931352b068d5aada543bb73d310696,pending-review,,
src/Utils/LoadIconEx.h,Utils,blob,514073d2f93270af48d16b88f44b6cc9ab8f2883,pending-review,,
src/Utils/LruCache.h,Utils,blob,206a2d1ac90e9c4ba13c190132526a3ad0c1cb6c,pending-review,,
src/Utils/MailMsg.cpp,Utils,blob,15c3fb72d2b5a5c782fb7070a331370711735693,pending-review,,
src/Utils/MailMsg.h,Utils,blob,6cea51b23bb3b73d7670518a17fb404171e35bd0,pending-review,,
src/Utils/MiscUI/AnimationManager.cpp,Utils,blob,63e99b24d13619193d0ebec023a47ab7a9321b9a,pending-review,,
src/Utils/MiscUI/AnimationManager.h,Utils,blob,3018b9013a0817b241cd37b4aeff277d65477ee0,pending-review,,
src/Utils/MiscUI/BaseDialog.cpp,Utils,blob,643086f97980e14c7b725a02b4059f9d7e8a3838,pending-review,,
src/Utils/MiscUI/BaseDialog.h,Utils,blob,574aaf61f62bfef014cacb65e58635628878cac2,pending-review,,
src/Utils/MiscUI/BaseWindow.cpp,Utils,blob,7a3b200db769b5fbd4a3e0e2ba7b20edaae63992,pending-review,,
src/Utils/MiscUI/BaseWindow.h,Utils,blob,70a6e76513a50b5e5e7a1a33db5435399c8db223,pending-review,,
src/Utils/MiscUI/BrowseFolder.cpp,Utils,blob,dd529d1a5bc70c2b5c227ed5dc449970d9b49e20,pending-review,,
src/Utils/MiscUI/BrowseFolder.h,Utils,blob,768e956f343da54a68a4d11deaeee16bb07c7076,pending-review,,
src/Utils/MiscUI/BufferDC.cpp,Utils,blob,9d03f0c657dd97d732268adf09cd3d2b09482da7,pending-review,,
src/Utils/MiscUI/BufferDC.h,Utils,blob,8f2e2b8b2097848ec62381cc399ca516ced5ea53,pending-review,,
src/Utils/MiscUI/CommonDialogFunctions.h,Utils,blob,76b32311bc871657288b6377d0ace657a4360c42,pending-review,,
src/Utils/MiscUI/ControlsBridge.h,Utils,blob,114484c7a8f65ac9f9cdd9f86c6bbfe3e45ed35e,pending-review,,
src/Utils/MiscUI/Cursor.h,Utils,blob,63d094252a92fc9d64daaf9a8750b9a5ae601c79,pending-review,,
src/Utils/MiscUI/DIB.cpp,Utils,blob,750eee88c5e8b99db8b9ecefbf8aaba4281eddfc,pending-review,,
src/Utils/MiscUI/DIB.h,Utils,blob,e4d296de556d4a1715846eba015ac7fdddfa5fec,pending-review,,
src/Utils/MiscUI/DlgTemplate.h,Utils,blob,10f2e45bdb63608294d0c665bd16d897b7ebd9bd,pending-review,,
src/Utils/MiscUI/DockablePaneUnscaledStoredState.cpp,Utils,blob,8ceb81d1849c240b928ee1ac29f23a7a30840ae1,pending-review,,
src/Utils/MiscUI/DockablePaneUnscaledStoredState.h,Utils,blob,2f3b8f4cecf1fca9d7a419b2c94c59992b997a0a,pending-review,,
src/Utils/MiscUI/EditWordBreak.cpp,Utils,blob,edf8f7eadccacdf220c54a9c08ea7e33fc1b0c79,pending-review,,
src/Utils/MiscUI/EditWordBreak.h,Utils,blob,5365a5c56386475985d578416f583136084251d2,pending-review,,
src/Utils/MiscUI/ExtTextOutFL.h,Utils,blob,1ad52905e121b1b9bf0b5829daa51917278c0e58,pending-review,,
src/Utils/MiscUI/FileDlgEventHandler.cpp,Utils,blob,aec60761428e843ad23845dd7cdb941b86ccb1a9,pending-review,,
src/Utils/MiscUI/FileDlgEventHandler.h,Utils,blob,ba2990b81d25b0b9c494693a87cc394a1e4cd28c,pending-review,,
src/Utils/MiscUI/FileDropEdit.cpp,Utils,blob,44c5c5400ea0f11f8d70afe3e9ac46a690a21194,pending-review,,
src/Utils/MiscUI/FileDropEdit.h,Utils,blob,2ebbee9fc5a1341a849264e90e86a2de4b649c5f,pending-review,,
src/Utils/MiscUI/FilterEdit.cpp,Utils,blob,42f33fe36d2a0f715f4bfcc184605d229c847a0d,pending-review,,
src/Utils/MiscUI/FilterEdit.h,Utils,blob,834a3b3bceeb5859a2b5297bfe7ea3d5bea44184,pending-review,,
src/Utils/MiscUI/GestureEnabledControl.h,Utils,blob,0426791b158a2618c8655b8cac5ca3c002afc8ca,pending-review,,
src/Utils/MiscUI/HighColorTab.hpp,Utils,blob,ba9e561120565021406ec02c87a08eca1e609fbe,pending-review,,
src/Utils/MiscUI/HintCtrl.h,Utils,blob,58e04cd2057edbdab4bd21b63b2b4cc748bfe81b,pending-review,,
src/Utils/MiscUI/HistoryCombo.cpp,Utils,blob,f52dcb94e8403eb3bcb0a6b0d80db47e92d61657,pending-review,,
src/Utils/MiscUI/HistoryCombo.h,Utils,blob,bf4a584d39c698ca13afa236b2ea3d0e6fe128ba,pending-review,,
src/Utils/MiscUI/HorizontalResizableStandAloneDialog.cpp,Utils,blob,48124149346b703c35fcb1361d66893e1bf33b8e,pending-review,,
src/Utils/MiscUI/HorizontalResizableStandAloneDialog.h,Utils,blob,1682d205d04184ca4544f00e9ebdaf82468b6e40,pending-review,,
src/Utils/MiscUI/HyperLink.cpp,Utils,blob,a903ebddbc453f1ac5df8d7f0ef389f7d77bbf29,pending-review,,
src/Utils/MiscUI/HyperLink.h,Utils,blob,c17c0264fb124886290a4a50f8aeb3886f6a7d97,pending-review,,
src/Utils/MiscUI/IconBitmapUtils.cpp,Utils,blob,9626653805e2f63ea313b3a7f0cc7ce4623db7c4,pending-review,,
src/Utils/MiscUI/IconBitmapUtils.h,Utils,blob,c0a87a1a2f7e47b35fd14a334cdcd7bb3ff49a93,pending-review,,
src/Utils/MiscUI/IconMenu.cpp,Utils,blob,35f66245c6176381bbf7355c92065c10b25dedd1,pending-review,,
src/Utils/MiscUI/IconMenu.h,Utils,blob,a773bcb909beba53ddaea65b9cb53dd83659bb4f,pending-review,,
src/Utils/MiscUI/LineColors.h,Utils,blob,4f9f9436558068c2cf7e508cf425aae93b7866aa,pending-review,,
src/Utils/MiscUI/LinkControl.cpp,Utils,blob,b0b034c90025bf1830d717d3d49f6128cbd8f537,pending-review,,
src/Utils/MiscUI/LinkControl.h,Utils,blob,ba8505501b4de47df1f4bd24bcc6bf29daf57b7c,pending-review,,
src/Utils/MiscUI/MenuButton.cpp,Utils,blob,f9d8bdbf6c96be5e9880855be9c42fa38242a9b8,pending-review,,
src/Utils/MiscUI/MenuButton.h,Utils,blob,54bfd257bcbae35ccdd27e9625316f7cad101a97,pending-review,,
src/Utils/MiscUI/MessageBox.cpp,Utils,blob,9cff2f2887d83bf5dfebf1b6a90acda2048bc42b,pending-review,,
src/Utils/MiscUI/MessageBox.h,Utils,blob,e8b868ab5acf0d4bd565ccdc7c016f70c60f089b,pending-review,,
src/Utils/MiscUI/MyGraph.cpp,Utils,blob,e8437b4e2b6d90baa3bd76af154e85fdef23a4dc,pending-review,,
src/Utils/MiscUI/MyGraph.h,Utils,blob,84508f304620354243c1e0f0efb252530d8a2eed,pending-review,,
src/Utils/MiscUI/MyMemDC.h,Utils,blob,7321feb3f3c5edf606f4fb6c18b614bd2a33cf50,pending-review,,
src/Utils/MiscUI/Picture.cpp,Utils,blob,2448f3079cd07c7f1e42b87668418c9106fc2750,pending-review,,
src/Utils/MiscUI/Picture.h,Utils,blob,e4fa429d128f568a2589284665ee7bc8597663a9,pending-review,,
src/Utils/MiscUI/RegexEdit.cpp,Utils,blob,2da04dd5d44d96ce133d72bf7baad2837dd51fe0,pending-review,,
src/Utils/MiscUI/RegexEdit.h,Utils,blob,67a730b23357e4258150d3bce1c2dba589bbc5d3,pending-review,,
src/Utils/MiscUI/ResString.h,Utils,blob,fe2f1de1b41385fc6eaedfd01967d9d694dae6f6,pending-review,,
src/Utils/MiscUI/SVG.cpp,Utils,blob,dd5281004d10d1d13f530562938c45071ad19c6d,pending-review,,
src/Utils/MiscUI/SVG.h,Utils,blob,d1ed505a17a58335e6abee5f1d5a940fa8de845b,pending-review,,
src/Utils/MiscUI/SciEdit.cpp,Utils,blob,5d221b688a02e72bf8b5ef0a9e260f9aa2a3fc7e,pending-review,,
src/Utils/MiscUI/SciEdit.h,Utils,blob,0c26375d84d7d27b111a5759af820d9058da9b6e,pending-review,,
src/Utils/MiscUI/ScrollTool.cpp,Utils,blob,6d2b06b711211029d239fcd253294424729431d3,pending-review,,
src/Utils/MiscUI/ScrollTool.h,Utils,blob,0215acd3b4b07f47466a78a354fa42aaf5ad9578,pending-review,,
src/Utils/MiscUI/SplitterControl.cpp,Utils,blob,d554209a22c06d62626e66b48a6ce02b778e93de,pending-review,,
src/Utils/MiscUI/SplitterControl.h,Utils,blob,a4b37074bf413e94454a3053bb166ac2f367ad5d,pending-review,,
src/Utils/MiscUI/StandAloneDlg.cpp,Utils,blob,57d84a454d30f45d6622982bd4ba090b6414ce18,pending-review,,
src/Utils/MiscUI/StandAloneDlg.h,Utils,blob,9318dc83e07aaefdd8890ac66ffcd4c1f7ad39b4,pending-review,,
src/Utils/MiscUI/SysProgressDlg.cpp,Utils,blob,e211299daca3bdf5cc35cdc71abebc21bc26b97a,pending-review,,
src/Utils/MiscUI/SysProgressDlg.h,Utils,blob,40bbb2636a61133510a3125c6d179c18c6773037,pending-review,,
src/Utils/MiscUI/ThemeControls.cpp,Utils,blob,ee31d574574043f96d55fb7d1094400c60294b64,pending-review,,
src/Utils/MiscUI/ThemeControls.h,Utils,blob,f51fb86231a4fc00097d787edf5dfd754ab7286d,pending-review,,
src/Utils/MiscUI/ThemeMFCVisualManager.cpp,Utils,blob,e446fa91d979ec32903d42031dc6acc0f6da6078,pending-review,,
src/Utils/MiscUI/ThemeMFCVisualManager.h,Utils,blob,ad0a8a0026d725b85d7dc96bce3c3b94b9ad8ca6,pending-review,,
src/Utils/MiscUI/Tooltip.cpp,Utils,blob,c56583481067952a322f6458e642bc773dca2314,pending-review,,
src/Utils/MiscUI/Tooltip.h,Utils,blob,eb0c948ecca7329a42475a5c9593a57190cd4c7b,pending-review,,
src/Utils/MiscUI/TripleClick.h,Utils,blob,976d3a67ed4819dafabbdc6d4983097084d67483,pending-review,,
src/Utils/MiscUI/WaitCursorEx.cpp,Utils,blob,6716719e6bcb22204339034449224fd54a705a51,pending-review,,
src/Utils/MiscUI/WaitCursorEx.h,Utils,blob,06e3d11693737aa148cb0bbe5bbbba04a50f2d0f,pending-review,,
src/Utils/MiscUI/WaterEffect.cpp,Utils,blob,d62e415b4d731fa7aa0aeca68b90a576b83d3ab5,pending-review,,
src/Utils/MiscUI/WaterEffect.h,Utils,blob,44774574537eefc85e1904c80d90686de93d9794,pending-review,,
src/Utils/MiscUI/filterEdit.jpg,Utils,blob,b2cd892972950e515523bb9ce126eec7c1db0f31,pending-review,,
src/Utils/MiscUI/hyperlink_base.cpp,Utils,blob,8c698beac79634d92ecaad7229a2efbc35f60dd2,pending-review,,
src/Utils/MiscUI/hyperlink_base.h,Utils,blob,5d1a56fc0fbb2853cbaadc17640999d82492b675,pending-review,,
src/Utils/Monitor.cpp,Utils,blob,e6490e589d0f0f8f486ff35c4a11194c783c12a0,pending-review,,
src/Utils/Monitor.h,Utils,blob,bc35418814c16c47e4cb5bf4d5f167e014431c11,pending-review,,
src/Utils/PathUtils.cpp,Utils,blob,f29f21004ed105395d213a19b5f01409721910df,pending-review,,
src/Utils/PathUtils.h,Utils,blob,fa1eafc6fde49f0c1e7e246aed3b65143d618a34,pending-review,,
src/Utils/PathWatcher.cpp,Utils,blob,85a2cd9f8151436dc915bdefd94b382962e1e10b,pending-review,,
src/Utils/PathWatcher.h,Utils,blob,3eb0b0bb6316558c521cf1504f106003f0de4073,pending-review,,
src/Utils/PersonalDictionary.cpp,Utils,blob,5c7e598fcbb63330576d42a1acc8666ea2d0fc0f,pending-review,,
src/Utils/PersonalDictionary.h,Utils,blob,a87a5b97ac24b86e34877c2b2b60e3f5c5e94690,pending-review,,
src/Utils/ProfilingInfo.cpp,Utils,blob,6bf7baf0a3012b658caa8e46c867c211a24146c8,pending-review,,
src/Utils/ProfilingInfo.h,Utils,blob,aef20d299cbd9f91c55ba710f46563410ba64299,pending-review,,
src/Utils/ReaderWriterLock.cpp,Utils,blob,2d964f68841c3f83e7b13b690e465c533c15ba22,pending-review,,
src/Utils/ReaderWriterLock.h,Utils,blob,b5ddd7d91c54287655388338914e28c4025e9899,pending-review,,
src/Utils/RegHistory.cpp,Utils,blob,23a4466ba7bb413767a874a0043717caf3c1b3a8,pending-review,,
src/Utils/RegHistory.h,Utils,blob,56a9831c95eebf7379b059c89b693678722efd21,pending-review,,
src/Utils/Registry.cpp,Utils,blob,7aa84c14580439d6fc04b339d5d3f0b15b84c0d3,pending-review,,
src/Utils/SelectFileFilter.h,Utils,blob,d55ee960edcc3d681325f6f47b5294336049f27a,pending-review,,
src/Utils/ShellUpdater.cpp,Utils,blob,596cc9c5b17e5766e032d734ec57047368ab06db,pending-review,,
src/Utils/ShellUpdater.h,Utils,blob,47ef9e2cd5cb74481784427bfc3500dafe3ddb08,pending-review,,
src/Utils/SmartHandle.h,Utils,blob,5b1b2d979cef40c5f6d9eb20a37bac4dbff2e4c3,pending-review,,
src/Utils/SmartLibgit2Ref.h,Utils,blob,bd8182ad913b31f7e331fd4c02c56e4686d2046a,pending-review,,
src/Utils/StringUtils.cpp,Utils,blob,09c29060ed993c1307fb5056e0812e4cbaab91b9,pending-review,,
src/Utils/StringUtils.h,Utils,blob,88140116575b2887eb225d38ea9f8cd46a3c8066,pending-review,,
src/Utils/SysImageList.cpp,Utils,blob,7d8b0b53125072297ea122f96d5c7b15d4dd57c9,pending-review,,
src/Utils/SysImageList.h,Utils,blob,d47842a7d0a72e1031490e18219fe77df3d18336,pending-review,,
src/Utils/SysInfo.cpp,Utils,blob,7f36e628f74222e8c157541185b7609d1ac97b70,pending-review,,
src/Utils/SysInfo.h,Utils,blob,37cf363a0d3ebaeb45f16d71d61508a2893db335,pending-review,,
src/Utils/TaskbarUUID.cpp,Utils,blob,1a6a1a3dc9d0d552918fc57c4a01b6f52bff6466,pending-review,,
src/Utils/TaskbarUUID.h,Utils,blob,9c9e705454b4cc49cefd52961fd8860c2d05345f,pending-review,,
src/Utils/TempFile.cpp,Utils,blob,f143428854a3b9f711ae9aca7339aa4e654d5dca,pending-review,,
src/Utils/TempFile.h,Utils,blob,25bb7b69ce9ec1824713cde826eeafd9496d8de6,pending-review,,
src/Utils/Theme.cpp,Utils,blob,619a0b07219aa0fadefba8692cb35ebda3fd03c3,pending-review,,
src/Utils/Theme.h,Utils,blob,3f1622a81a2aa63f5c4d2c01b88d917c5c194bfa,pending-review,,
src/Utils/TreePropSheet/PropPageFrame.cpp,Utils,blob,36de10caf3fad48de5e3a3c35abec3923ef8614e,pending-review,,
src/Utils/TreePropSheet/PropPageFrame.h,Utils,blob,ba095ad6328859c6bc481217bc590bbc60c3f7e5,pending-review,,
src/Utils/TreePropSheet/PropPageFrameDefault.cpp,Utils,blob,b5541d27aba5f529ac9738232ce57b053501aaff,pending-review,,
src/Utils/TreePropSheet/PropPageFrameDefault.h,Utils,blob,4493e6408195b54a321c1b3a3d8ecaa80389d67a,pending-review,,
src/Utils/TreePropSheet/TreePropSheet.cpp,Utils,blob,155c92024c42be1d2fa24a0975be5e688ff57cbb,pending-review,,
src/Utils/TreePropSheet/TreePropSheet.h,Utils,blob,c42116a21da3fc90dea6b3f7b9b40450ed48998a,pending-review,,
src/Utils/URLFinder.h,Utils,blob,069cadee1eacb70a6d46ebeaf0933e76c8a3430d,pending-review,,
src/Utils/UnicodeUtils.cpp,Utils,blob,3b2c5c97935acdcb139f28e9a6c7c1a17e41b41d,pending-review,,
src/Utils/UnicodeUtils.h,Utils,blob,62073de87b79c1e6d9594453dbf37b4ba84f4f78,pending-review,,
src/Utils/UniqueQueue.h,Utils,blob,73dba4a4ac7cc5b4aa3abdeea7de308a365656fb,pending-review,,
src/Utils/Windows10Colors.cpp,Utils,blob,952793190edeeb0c09c8b09789e706d1941ad2c9,pending-review,,
src/Utils/Windows10Colors.h,Utils,blob,0862f7787ad89ffb3273f6dfa0580cabc778300d,pending-review,,
src/Utils/WindowsCredentialsStore.cpp,Utils,blob,8a5e90a2746be79fa5e181d1cd3c45eac483ab48,pending-review,,
src/Utils/WindowsCredentialsStore.h,Utils,blob,25d29df3f4a9dfa1c55b20e420ae658595a5484e,pending-review,,
src/Utils/accHelper.cpp,Utils,blob,f70c5325580845fc2e97b1b9db50fb1e391de7a3,pending-review,,
src/Utils/registry.h,Utils,blob,61502a27a1be82ff505518e9b8a32ef391f9d885,pending-review,,
src/Utils/resource.rc,Utils,blob,86ca8f552e9881796c0d96c9c73549258f0f2a5b,pending-review,,
src/Utils/scope_exit_noexcept.h,Utils,blob,da63d3b72cbacac4d85441a7f4f5d039b2fcc2d5,pending-review,,
src/compatibility.manifest.xml,compatibility.manifest.xml,blob,217b0f25847ae374f56a7533e453bc1b24c35588,pending-review,,
src/identity.manifest,identity.manifest,blob,12c770ec946b89d5f0c8ccd31a849597150ca395,pending-review,,
src/libgit2/.clang-format,libgit2,blob,330a973086bea8dd1056fa19533dc687d3a07675,pending-review,,
src/libgit2/filter-filter.c,libgit2,blob,8bb49fe6f7457cecfb620d63136f4ab4977a1f28,pending-review,,
src/libgit2/filter-filter.h,libgit2,blob,ad77238c5d909f223ef97ecb2d10e6678fe17f5d,pending-review,,
src/libgit2/ssh-wintunnel.c,libgit2,blob,59e4d864256d88518e411cd2e4077f8b3a51e14e,pending-review,,
src/libgit2/ssh-wintunnel.h,libgit2,blob,d24ff5b15fbd3601bf3dc5a6b43eb5bfe660dc17,pending-review,,
src/libgit2/system-call.c,libgit2,blob,da7ec705cb099e420b231ac904cb95a8fc22d630,pending-review,,
src/libgit2/system-call.h,libgit2,blob,08e19db9b4cb3c3426c83b78ecbf04c1d2a6bf5d,pending-review,,
src/perMonitorV2DpiAware.manifest,perMonitorV2DpiAware.manifest,blob,4dbc44f39ef5420c77c54a94be74d1c8aeb52f67,pending-review,,
src/touch/Resource.h,touch,blob,8890461efaf5b00cfba71ea94697e610e6f1f0e7,pending-review,,
src/touch/stdafx.cpp,touch,blob,f4feeeab52c78edf0d491387e102b08f41cff09f,pending-review,,
src/touch/stdafx.h,touch,blob,f28be782339c468114a2cd92442ab66211103d1e,pending-review,,
src/touch/touch.cpp,touch,blob,6b99729922c1877ba7598a8905f3d16ba2a3acf6,pending-review,,
src/touch/touch.rc,touch,blob,2c24c0e3d19b56657cbab5f9aecd9a925f79f20e,pending-review,,
src/touch/touch.rc2,touch,blob,f5859f3c2a73ca1cc469afd7732effba7a6346b4,pending-review,,
src/touch/touch.vcxproj,touch,blob,4f9ff7f391a2e43026d202e9a6da70760d7f2a06,pending-review,,
src/touch/touch.vcxproj.filters,touch,blob,81c7c14d0e819863be8dbfcd7d6eaf8f718823f1,pending-review,,
src/version.h,version.h,blob,067c81bfdd2fa31fe69c4b520f21e4ffa38de8b6,pending-review,,
test/Cache/Cache.cpp,test,blob,583f94f9109b02c86046d3e9ffa2ec063a0d7a87,pending-review,,
test/Cache/Cache.h,test,blob,b1a75271f4d5d17788496a58b27ebe2ad2d3b817,pending-review,,
test/Cache/Cache.rc,test,blob,0196967dc309f4c705f58a8c01096bae01707767,pending-review,,
test/Cache/Cache.vcxproj,test,blob,1c976b93c0c297bfdd8b1e79a9061e3752f23b65,pending-review,,
test/Cache/Cache.vcxproj.filters,test,blob,badc9769826808163fcc9f51687c5129514b2258,pending-review,,
test/Cache/CacheDlg.cpp,test,blob,56285282ed9630230050160245333cd30a8c2b19,pending-review,,
test/Cache/CacheDlg.h,test,blob,01a2c4d64901fa687b0fdb849851f78ce1365579,pending-review,,
test/Cache/res/Cache.ico,test,blob,8a84ca3d34597ada57e4c79ef62b28cf07b5ed9a,pending-review,,
test/Cache/res/Cache.manifest,test,blob,38fea021f94fa5c816fb5a906f79ea615747b510,pending-review,,
test/Cache/res/Cache.rc2,test,blob,3eb989955ae1b7dff4f83ce16fa713edf5e1d571,pending-review,,
test/Cache/resource.h,test,blob,a4b91d0da4848d5eb43bb240f3401fa085f3a315,pending-review,,
test/Cache/stdafx.cpp,test,blob,20bdd174a23f5690cf287678a90cc3cf1c629f08,pending-review,,
test/Cache/stdafx.h,test,blob,a112c4195629b606af5e981010db4f616ac55e25,pending-review,,
test/UnitTests/AppUtilsTest.cpp,test,blob,c2db167dc2893395ba497ba030d1a0e78b22bf6c,pending-review,,
test/UnitTests/AutoTempDir.cpp,test,blob,c87e03f58fe36ef062f8344e3205d09bb90e5cef,pending-review,,
test/UnitTests/AutoTempDir.h,test,blob,967f065b92f7f57c015ecade5a14bdcf740c0d91,pending-review,,
test/UnitTests/CmdLineParserTest.cpp,test,blob,be5b9395301d2b621513422f15a950002a8e3dff,pending-review,,
test/UnitTests/FileTextLinesTest.cpp,test,blob,c1ecf186520f0fc80a9e6cb6b0aca8bfabf57513,pending-review,,
test/UnitTests/GitAdminDirTest.cpp,test,blob,d0b9bf9ba0768f6db5414a46095fbd0417f6873c,pending-review,,
test/UnitTests/GitByteArrayTest.cpp,test,blob,cade76e0fd54a2056bea04308c80575b95e54b2a,pending-review,,
test/UnitTests/GitCliOutputParserTest.cpp,test,blob,91de1191964f3978030f9cd8383589e6a670e6cd,pending-review,,
test/UnitTests/GitHashTest.cpp,test,blob,761a752cda2011a6c3fd18bebcc5986efaaa2424,pending-review,,
test/UnitTests/GitIndexTest.cpp,test,blob,8d25f0b37e582d8cdb36dda14384559945dacddf,pending-review,,
test/UnitTests/GitRevLoglistTest.cpp,test,blob,3db9c1bb6e382bc440a1bd49ae680626da5817ec,pending-review,,
test/UnitTests/GitRevRefBrowseTest.cpp,test,blob,3b01b684208aabdff18106dd4865669ec263558b,pending-review,,
test/UnitTests/GitRevTest.cpp,test,blob,47572d95f8c54ce30ee038215af69aeff3727d26,pending-review,,
test/UnitTests/GitTest.cpp,test,blob,f2032185e631c0c3503d6c78ea4003c92ba93243,pending-review,,
test/UnitTests/GitWCRevStatusTest.cpp,test,blob,f0681372ff3ae8e63e08bd047be787c525f7f0a5,pending-review,,
test/UnitTests/LogDataVectorTest.cpp,test,blob,7d36b6ebd16d3452a1c1daeee1c2896d9b9915a0,pending-review,,
test/UnitTests/LogFileTest.cpp,test,blob,331315986c793294028f3a0e7736ff2e71000487,pending-review,,
test/UnitTests/LruCacheTest.cpp,test,blob,a7e5cc1bc4b1aa641c510f74c7de612c0f592809,pending-review,,
test/UnitTests/PatchTest.cpp,test,blob,61450b552e40735621c0298a96cb522c96a322f4,pending-review,,
test/UnitTests/PathUtilsTest.cpp,test,blob,9cc6b016c2871dcc02302e2d3b30d7c74527f9be,pending-review,,
test/UnitTests/PersonalDictionaryTest.cpp,test,blob,04a3c0dc1834bfd770e9e6182ac2810aa1a1a3ef,pending-review,,
test/UnitTests/ProjectPropertiesTest.cpp,test,blob,d9b93fc241b50a9aa74c1d68fac19f80e1ea15e6,pending-review,,
test/UnitTests/RepositoryFixtures.h,test,blob,df4a4b4a78a53ae87ed897daf5a05853e53b03b4,pending-review,,
test/UnitTests/SerialPatchTest.cpp,test,blob,dc5e69442e2116a97f9c2a772440a8e77b5f3a8c,pending-review,,
test/UnitTests/StagingTest.cpp,test,blob,d0197214464e380e0954ad69f0d47d702d230ed4,pending-review,,
test/UnitTests/StringUtilsTest.cpp,test,blob,f32c2a4da27707f4f58f3259b6f910acd37b6fdc,pending-review,,
test/UnitTests/TGitPathTest.cpp,test,blob,bb22a186d894defad9fbe0e3c5cb572d7e4b67e1,pending-review,,
test/UnitTests/TempFileTest.cpp,test,blob,dd4d69fff9b96a7d3033922769c8282965cdf140,pending-review,,
test/UnitTests/TortoiseGitBlameDataTest.cpp,test,blob,3347bd77098b2c4e3ed770a15149ce8681314274,pending-review,,
test/UnitTests/UnicodeUtilsTest.cpp,test,blob,a827f2850a4cf4e190de9f44d5e93bc7affc0c32,pending-review,,
test/UnitTests/UniqueQueueTests.cpp,test,blob,dddaf7bd2b2725e129ed7bf953c5cb4463e5f600,pending-review,,
test/UnitTests/UnitTests.cpp,test,blob,d1b707c189090e2b487635de98640f77c53dc07f,pending-review,,
test/UnitTests/UnitTests.rc2,test,blob,7c2689d27b4c7d415f057b10f767b0e2b460a82f,pending-review,,
test/UnitTests/UnitTests.vcxproj,test,blob,f93c99714fe67e94e6ed4ab7fcfa9f30fa91ae15,pending-review,,
test/UnitTests/UnitTests.vcxproj.filters,test,blob,6f635be7ae5267bcdba0a6ce27514105deead8d3,pending-review,,
test/UnitTests/UpdateCryptoTest.cpp,test,blob,e3dd1ad3c0c4ec38826f9aa7e4ffc01056d5c4ce,pending-review,,
test/UnitTests/VersioncheckParserTest.cpp,test,blob,8b17f34335d3af2d64e474e215456937827c3c78,pending-review,,
test/UnitTests/WindowsCredentialsStoreTests.cpp,test,blob,2b9dadf8705e81e3078852cb15680d1108f1f7bc,pending-review,,
test/UnitTests/libgit2Test.cpp,test,blob,9aef8cc33485d83e2b68de16d5739063089497bb,pending-review,,
test/UnitTests/libgitTest.cpp,test,blob,a70e041c85e497b30954068ccc564a102c1eab3d,pending-review,,
test/UnitTests/resources/blame/HEAD,test,blob,cb089cd89a7d7686d284d8761201649346b5aa1c,pending-review,,
test/UnitTests/resources/blame/config,test,blob,4494257535264d40efc09683fc3e8eed4cb0e1bb,pending-review,,
test/UnitTests/resources/blame/index,test,blob,cf696b6d937ff3877c9b217cfcf793f8722e6e69,pending-review,,
test/UnitTests/resources/blame/info/refs,test,blob,1143574cd6c7cca8fc136e538d3a27628a09d1a3,pending-review,,
test/UnitTests/resources/blame/objects/info/packs,test,blob,4bd1e9a2776bfade24adf582cac4fccff50c2a0b,pending-review,,
test/UnitTests/resources/blame/objects/pack/pack-19bbc1391395f96b5157e42cf288c88cc5a01bad.idx,test,blob,0c5e23a8b9035dc3a7c16a90c34c0d41d304cb52,pending-review,,
test/UnitTests/resources/blame/objects/pack/pack-19bbc1391395f96b5157e42cf288c88cc5a01bad.pack,test,blob,a0f97b90cb96cdd58fccad2616da93744c15ca72,pending-review,,
test/UnitTests/resources/blame/objects/pack/pack-19bbc1391395f96b5157e42cf288c88cc5a01bad.rev,test,blob,f1d713b1f56d9aa2ddd33b810563b1899c4e9770,pending-review,,
test/UnitTests/resources/blame/refs/heads/master,test,blob,cea1eb1459ec1260677fe8ad4efab7649e6f5952,pending-review,,
test/UnitTests/resources/git-partial-staging-repo/HEAD,test,blob,cb089cd89a7d7686d284d8761201649346b5aa1c,pending-review,,
test/UnitTests/resources/git-partial-staging-repo/config,test,blob,3f8f41b6b41382cf21c23a5ffff22706a155fa37,pending-review,,
test/UnitTests/resources/git-partial-staging-repo/index,test,blob,13e6076a521a5afaec3ec174fe13c8f6a0fde532,pending-review,,
test/UnitTests/resources/git-partial-staging-repo/info/exclude,test,blob,6d05881d3a04eabd70b30de9d4c1b332e4102d1b,pending-review,,
test/UnitTests/resources/git-partial-staging-repo/logs/HEAD,test,blob,10c775e3374cce83bb06bbdf0f427d01283ca517,pending-review,,
test/UnitTests/resources/git-partial-staging-repo/logs/refs/heads/master,test,blob,6d3283d3462b44998c3dd8e668755067d4af539a,pending-review,,
test/UnitTests/resources/git-partial-staging-repo/objects/01/e79c32a8c99c557f0757da7cb6d65b3414466d,test,blob,3ed1b51eecf6259ee2cdf8206258af5458626eac,pending-review,,
test/UnitTests/resources/git-partial-staging-repo/objects/5f/5fbe759f10b9807b18f3898afd7505dbbfcbd2,test,blob,dfa63a27e997b6684d559a17a47a8476812463d1,pending-review,,
test/UnitTests/resources/git-partial-staging-repo/objects/86/74fffad6f3fe84dc04ec92c37199b539cf6f3f,test,blob,0a396011bc6ec72e86542d7e059eb8ef0b9e686f,pending-review,,
test/UnitTests/resources/git-partial-staging-repo/objects/db/2ef819207b1888e39101be44a91db418d593af,test,blob,b96f813282bbc6fc0023ed090c83f942867b9750,pending-review,,
test/UnitTests/resources/git-partial-staging-repo/refs/heads/master,test,blob,f8434490752b7a1fe8605ec08e47c0ab89b19821,pending-review,,
test/UnitTests/resources/git-repo1.reftable/HEAD,test,blob,fe6d7e5fac41c72ae9d8da5c773c69af4f66a35e,pending-review,,
test/UnitTests/resources/git-repo1.reftable/config,test,blob,ebb7ee461267d2eb6e5f1fbb91b85035d48ed3cf,pending-review,,
test/UnitTests/resources/git-repo1.reftable/index,test,blob,27d051179a42eaf7381c0019b3cd4d92989b7cc3,pending-review,,
test/UnitTests/resources/git-repo1.reftable/objects/01/6981e5efeab399e3bf3c36c0e5bcab05a2dec5,test,blob,5b18e71c434b0638439fe34edfa777fd581a1097,pending-review,,
test/UnitTests/resources/git-repo1.reftable/objects/01/86e031613a190237ae672daaec4649193123e7,test,blob,70f6c0754d4c76e8dc99406b0bae8ac21b9744ac,pending-review,,
test/UnitTests/resources/git-repo1.reftable/objects/10/385764a4d42d7428bbeb245015f8f338fc1e40,test,blob,d9ea480f6e9268e05a339b6fbdf5e0249829f2b9,pending-review,,
test/UnitTests/resources/git-repo1.reftable/objects/11/69880b457b81958289acd5798d30bbf7763e92,test,blob,0802927e9e0ad9a73b05a18628e96d836289e3f5,pending-review,,
test/UnitTests/resources/git-repo1.reftable/objects/15/a378a70b4dd6d7ada5d94c3b34eedda8b4a5c9,test,blob,5405dfb127615f64d2f4f2b95f85794378ff019a,pending-review,,
test/UnitTests/resources/git-repo1.reftable/objects/17/65c7fbfeeb98cba3ded3558f02a7db465a0734,test,blob,4a2db29c659cf0aa234bc167852a29615651c601,pending-review,,
test/UnitTests/resources/git-repo1.reftable/objects/18/da7c332dcad0f37f9977d9176dce0b0c66f3eb,test,blob,708ce64055f43b4478ca2faa939d98a279264eed,pending-review,,
test/UnitTests/resources/git-repo1.reftable/objects/1a/83d41c3fdf0c06f99ce11df586a6f7ee56b2d0,test,blob,79241c52de8a33a8dec48a8d9472f99e2564f904,pending-review,,
test/UnitTests/resources/git-repo1.reftable/objects/1c/e788330fd3a306c8ad37654063ceee13a7f172,test,blob,c2caa9147996cf0fb2a926a11819e055bc0b16d5,pending-review,,
test/UnitTests/resources/git-repo1.reftable/objects/1f/913f5c76c09338961ce1c676bb07b747eabb22,test,blob,ed75aafa2d8304518f930e75ef1bd1c10a392362,pending-review,,
test/UnitTests/resources/git-repo1.reftable/objects/1f/c3c9688e27596d8717b54f2939dc951568f6cb,test,blob,eb1a6faa61fac5a7fb2e650455f8722569c4db4c,pending-review,,
test/UnitTests/resources/git-repo1.reftable/objects/22/0e18cafd1c5a33c70b64e0fca181227e577140,test,blob,263932ff34df16ef4f3796b3eb6fd2ee8b3561b5,pending-review,,
test/UnitTests/resources/git-repo1.reftable/objects/2b/47eba115c5255a2fdd936c4bb161ec3dec08c4,test,blob,5008a4a53df7da6423f2750941ce9c962e5fbf38,pending-review,,
test/UnitTests/resources/git-repo1.reftable/objects/2b/951c63814dcdde324d13c92cec60d8ae72d1d9,test,blob,afd905ee64b5bc4da3fd771203a735ed4021f784,pending-review,,
test/UnitTests/resources/git-repo1.reftable/objects/2c/f2d612588c2cc439cec710ccc0a08492d4dae4,test,blob,2441e4301283c24aa34648c45a69041cd1ad7180,pending-review,,
test/UnitTests/resources/git-repo1.reftable/objects/2d/10fb405556cdf1b2a1995e75e24532afd907ea,test,blob,a74f8b2e763c4b6489ed8ff6a218e93c24891c13,pending-review,,
test/UnitTests/resources/git-repo1.reftable/objects/2e/0bbddaad3f992ebd1aa799bacf82b340bb283d,test,blob,ce12e3c10c538f871994636b74c291cc7e7d6fd6,pending-review,,
test/UnitTests/resources/git-repo1.reftable/objects/2f/eb45f65c3cb16058bd5243227dcde3da6736be,test,blob,1f752d639c6b760de67624919b25e060ca937e2c,pending-review,,
test/UnitTests/resources/git-repo1.reftable/objects/31/3a41bc88a527289c87d7531802ab484715974f,test,blob,633402ddba645e03b75c806edc52354b15d567ae,pending-review,,
test/UnitTests/resources/git-repo1.reftable/objects/31/ff87c86e9f6d3853e438cb151043f30f09029a,test,blob,e158b09a68574a9e4f39ca77dc23aa655fa85936,pending-review,,
test/UnitTests/resources/git-repo1.reftable/objects/32/c344625f14ecb16b6f003a77eb7a3d2c15d470,test,blob,ed7da16730a9c7540bfe6b0d498bff678f14aafc,pending-review,,
test/UnitTests/resources/git-repo1.reftable/objects/35/350ac517e9173dc72e06596636945ac5579e9d,test,blob,5680c1dd5e10e8f6bf086b32fe8a46a845611520,pending-review,,
test/UnitTests/resources/git-repo1.reftable/objects/35/c91b4ae2f77f4f21a7aba56d3c473c705d89e6,test,blob,60218b40f3788657bfc7ce754402cf18946238e8,pending-review,,
test/UnitTests/resources/git-repo1.reftable/objects/36/5e779c0be7b003145d7b95448a3ddb4eec3bff,test,blob,87c4c4fd1b9b6c56bd8bafc4914ea243346b83d4,pending-review,,
test/UnitTests/resources/git-repo1.reftable/objects/36/86b9cf74f1a4ef96d6bfe736595ef9abf0fb8d,test,blob,9a3a88e513ff6047d0f73bbddfcafa2c2a65a0eb,pending-review,,
test/UnitTests/resources/git-repo1.reftable/objects/3a/4d02501475fc678f6dbf0d899d25d8610dcaf7,test,blob,fa684e75ec449f107b5e33ded6b7365e6655f9a7,pending-review,,
test/UnitTests/resources/git-repo1.reftable/objects/44/0f47b6aab114e4bbdf45294b817820dded4841,test,blob,02f74b68ccc6cd5dde1bc8738f7e480b22bbf3c7,pending-review,,
test/UnitTests/resources/git-repo1.reftable/objects/44/15858e5b984bd59dbd9570454ee12c81860394,test,blob,b744c5b77e950426eceef99a5df3abbe4eaf7dd1,pending-review,,
test/UnitTests/resources/git-repo1.reftable/objects/45/17b91ee8f7497d40cf93d112f12196a7cec995,test,blob,61221502d742a0b8509f7b5285fb2d718a1e60a9,pending-review,,
test/UnitTests/resources/git-repo1.reftable/objects/49/ecdfff36bfe2b9b499b33e5034f427e2fa54dd,test,blob,bf942cdf6bf6344181e438ec263710e4277e9b0f,pending-review,,
test/UnitTests/resources/git-repo1.reftable/objects/4c/44667203f943dc5dbdf3cb526cb7ec24f60c09,test,blob,8f4191d9898442dd011e15d3c159f6d23e66cd9c,pending-review,,
test/UnitTests/resources/git-repo1.reftable/objects/4c/5c93d2a0b368bc4570d5ec02ab03b9c4334d44,test,blob,af9592fdea85e35ad22c226af983ca87ffb168e9,pending-review,,
test/UnitTests/resources/git-repo1.reftable/objects/56/0deea87853158b22d0c0fd73f60a458d47838a,test,blob,b9785b4b813627ff8d51a423ddd41e65fd375dc6,pending-review,,
test/UnitTests/resources/git-repo1.reftable/objects/57/b315e1d075178cca7458e89f59275375f2bad3,test,blob,98f5eccf5d56a7de486e71650a951f92af218b9b,pending-review,,
test/UnitTests/resources/git-repo1.reftable/objects/58/f6474c48fc8d36edacc30dc129af1cbdbac4ff,test,blob,3922a0de19eac4a77ac3619595838cf033939bfc,pending-review,,
test/UnitTests/resources/git-repo1.reftable/objects/5e/702e1712aa6f8cd8e0328a87be006f3a923710,test,blob,7ae10bec0963d6767230b21226d21824c57d0a39,pending-review,,
test/UnitTests/resources/git-repo1.reftable/objects/60/d2d10b9d4c7076c79333b2d6f1f5b415dce6b3,test,blob,eed75030a204c43b11353b2b3b91261e273aa16e,pending-review,,
test/UnitTests/resources/git-repo1.reftable/objects/62/87766ee39350e2222518d3daef86e2e76364df,test,blob,26afb302fb8994499b37ea9b4b5133230ee3fd00,pending-review,,
test/UnitTests/resources/git-repo1.reftable/objects/64/d4a32040e477c741571c88c16fb05574e23038,test,blob,bbd79f3ec2ce61d64ef1afad0d46c9ca0471ea80,pending-review,,
test/UnitTests/resources/git-repo1.reftable/objects/64/e25b3f69fcb445b2f12ca5f23dfe39963536bc,test,blob,1160be2e8cdc5949d3d1593ac53065448e98ca7b,pending-review,,
test/UnitTests/resources/git-repo1.reftable/objects/6c/3179d9a95014ed0e4d19d5dd612de6464f4d36,test,blob,2da3d5695cbb33df9d4f5b13381aecf4bd82b8e7,pending-review,,
test/UnitTests/resources/git-repo1.reftable/objects/6e/93f1c637a47e85a9eca1a3dbe1ae0ce1779701,test,blob,7a49f2421c68e27824672d7a18d5a6ee55fbe386,pending-review,,
test/UnitTests/resources/git-repo1.reftable/objects/73/88b519de7b595f68c791892d657667d2e93aa7,test,blob,923f3439c0651cff3497d78b97fb27842fef25ac,pending-review,,
test/UnitTests/resources/git-repo1.reftable/objects/74/0716c7c5fd51182f54fce5ea0e4f16e24bee94,test,blob,6e19cf9b1532faff996c8872ee6c249fbcf6a6e7,pending-review,,
test/UnitTests/resources/git-repo1.reftable/objects/77/eec7bdc5650078e93da34f21a70250d1a6e976,test,blob,f574895fdf00e4448beb38fff93661fdbda83a69,pending-review,,
test/UnitTests/resources/git-repo1.reftable/objects/7c/3cbfe13a929d2291a574dca45e4fd2d2ac1aa6,test,blob,b389e8416622328ad769af02642a68d4f774648f,pending-review,,
test/UnitTests/resources/git-repo1.reftable/objects/7e/e77e691a2795dd83c0ba92e00fd6c53a205bd6,test,blob,2fba2c52ec7665b13a4fc731b52cd8b246073600,pending-review,,
test/UnitTests/resources/git-repo1.reftable/objects/7f/c5e5da8c66cf9ba9c5b73f7317314e4b14f5e5,test,blob,d5e2d1454d0e44b2c50e4ce480ffa09c8d627c7b,pending-review,,
test/UnitTests/resources/git-repo1.reftable/objects/84/4309789a13614b52d5e7cbfe6350dd73d1dc72,test,blob,90c6a6cc6b89a4ce1290a5a681354282f035f5ad,pending-review,,
test/UnitTests/resources/git-repo1.reftable/objects/8d/1ebbcc7eeb63af10ff8bcf7712afb9fcc90b8a,test,blob,1ec1a8ee89de64feeee111faebc52dfb5de64574,pending-review,,
test/UnitTests/resources/git-repo1.reftable/objects/8e/abf9a475b4a15c0f4d2169e5947534dff38037,test,blob,daa875544e1efcd18342a5623816b41c5a0c0fb1,pending-review,,
test/UnitTests/resources/git-repo1.reftable/objects/92/8ac06100d936f8013b91b081c4f4d5f3f8fde2,test,blob,0854e913f32dc00c986d34713a86f01f60355667,pending-review,,
test/UnitTests/resources/git-repo1.reftable/objects/94/f3e2d2a4e3ead9f92ce4606b0e6d4b833b271b,test,blob,e04a3fb30d1b90270d88270488d4c74c6c3f0e66,pending-review,,
test/UnitTests/resources/git-repo1.reftable/objects/96/1bdffbfce1bc617fb594091c3229f1cc674d76,test,blob,c76bcf880da69c2fc9ec40e90c2b75cbb5ad3fbd,pending-review,,
test/UnitTests/resources/git-repo1.reftable/objects/99/d52fb9d453589225475f04521b46d330fff837,test,blob,eaf65bbac93e5b8e8bea0576161db5a69bcb2f4f,pending-review,,
test/UnitTests/resources/git-repo1.reftable/objects/a6/7de2a9a906558c9cd418f6c561565f198ba6a7,test,blob,7fa58f49649901a92396ca06e4c38adff1ced4f0,pending-review,,
test/UnitTests/resources/git-repo1.reftable/objects/a8/b9cfa8315db18f25eaecec2a53329dad42f966,test,blob,54fdde01760af8cde8f35d11ddb8c07489b22833,pending-review,,
test/UnitTests/resources/git-repo1.reftable/objects/a9/d53b535cb49640a6099860ac4999f5a0857b91,test,blob,5b6e3c23e4913b32b762ae267c1ba2723e759854,pending-review,,
test/UnitTests/resources/git-repo1.reftable/objects/aa/5b97f89cea6863222823c8289ce392d06d1691,test,blob,9139ffd0968623402ff1558f5e502632bd28fc0a,pending-review,,
test/UnitTests/resources/git-repo1.reftable/objects/ab/555b2776c6b700ad93848d0dd050e7d08be779,test,blob,cc294f625464807c3693df17d823d78e54b4f61a,pending-review,,
test/UnitTests/resources/git-repo1.reftable/objects/b0/2add66f48814a73aa2f0876d6bbc8662d6a9a8,test,blob,5a72e5d5fb07f490ad8340af6e30101dfc2602b0,pending-review,,
test/UnitTests/resources/git-repo1.reftable/objects/b0/fd204b89d210ea715ad3aa40fa790f3ee5e585,test,blob,2d738c2ecff0f85fb9f9c236de56451d201ac916,pending-review,,
test/UnitTests/resources/git-repo1.reftable/objects/b1/e9f1dd43ba0b28d94092c8dab2a57bc1206d03,test,blob,6ce6adf321cad9cbe3623cdb2ea1ec821955217d,pending-review,,
test/UnitTests/resources/git-repo1.reftable/objects/b3/ab458157de54b03b2c1d1e88e07fbc5b9d1470,test,blob,74e4ca72f35099ab48920ad816efd022ebbf5f13,pending-review,,
test/UnitTests/resources/git-repo1.reftable/objects/b5/fd8b8fae3f7d21d2afd8a89e65f0acbd07313f,test,blob,5f471d80612435df4154c22ec0f11299991d284e,pending-review,,
test/UnitTests/resources/git-repo1.reftable/objects/b9/ef30183497cdad5c30b88d32dc1bed7951dfeb,test,blob,e4c3a8550ae0dcfa2be59bf650ef373f0ea10143,pending-review,,
test/UnitTests/resources/git-repo1.reftable/objects/bb/8d58965e675aa512ff937ed1998167a102003b,test,blob,ce3f803bcbe0616f35e909c413179b4251434586,pending-review,,
test/UnitTests/resources/git-repo1.reftable/objects/bd/1c989316bf78e22b90b2b1626bce0ee655799d,test,blob,a2d9f038f632f500a7757952c0a5d1ef76d23b45,pending-review,,
test/UnitTests/resources/git-repo1.reftable/objects/be/d97bb9bda747c7d11406a3c056128ac86e1149,test,blob,0569eb49fa323fda1207d89fc2b6ce5c675490d7,pending-review,,
test/UnitTests/resources/git-repo1.reftable/objects/c1/c8f40e20df3164145eb327e08bcea991cff957,test,blob,ce95ad7f3586998f84e7e9e10ae10b553af2790b,pending-review,,
test/UnitTests/resources/git-repo1.reftable/objects/c2/25b3f14869ec8b6da32d52bd15dba0b043031d,test,blob,f78f71c08b9dbaac9111a70360e8f73882b61dcc,pending-review,,
test/UnitTests/resources/git-repo1.reftable/objects/c2/c2b5ee1f754c3e12b1ab3d6296f6814e1b22f2,test,blob,67e9076a52b4497d9e484719a3bbbfc5d7050642,pending-review,,
test/UnitTests/resources/git-repo1.reftable/objects/c4/f743f4b91d5403dd5a131d8ac6e074f657afeb,test,blob,0abaaeaf3a15e454c74794400853d2a4bfaebd9a,pending-review,,
test/UnitTests/resources/git-repo1.reftable/objects/c5/b89de0335fd674e2e421ac4543098cb2f22cde,test,blob,f29166ebcfcd6514446c0b0f9110485bf320f56e,pending-review,,
test/UnitTests/resources/git-repo1.reftable/objects/c7/7212a971d21f69306a993baab32840fe04c770,test,blob,88c59abdc3d3ea789eba0c3feb2f7b6ea24b2aa8,pending-review,,
test/UnitTests/resources/git-repo1.reftable/objects/ca/fd57516443f72e1d97101a8caf04d88e5faf2e,test,blob,30e6ff12e564234e2467f4017f9daadb8c3f5dee,pending-review,,
test/UnitTests/resources/git-repo1.reftable/objects/d0/f2829fb7ee1747c37b647f93cc272b92069a41,test,blob,407ea7782bf7c4792fcd97b2951548ab8458f4ee,pending-review,,
test/UnitTests/resources/git-repo1.reftable/objects/d5/0984fef0a05cb191969ed202cf827ef6af3c2f,test,blob,2294d195529ba81b2271fa0e25f91dcad5d53e6b,pending-review,,
test/UnitTests/resources/git-repo1.reftable/objects/da/7050e421fae5e8923c516b05bc73653579bda7,test,blob,0af09dbe4b217fe9364fcda5c2c634a2edb7c65e,pending-review,,
test/UnitTests/resources/git-repo1.reftable/objects/db/397f11773ba3cc384782a15108a44ededfb28c,test,blob,fa3adb75f5fc6036145b016aa798b74b181cc119,pending-review,,
test/UnitTests/resources/git-repo1.reftable/objects/db/7cb854a89f7d3853164326f7d8be6d1d53058c,test,blob,b6b5bb6ba8489284c464245869c8d2e3a9d2a401,pending-review,,
test/UnitTests/resources/git-repo1.reftable/objects/db/e34b8af489789aba27c41b06423f9b57cc04db,test,blob,de3b65324fd6d13b8894b489137af9f6c9651898,pending-review,,
test/UnitTests/resources/git-repo1.reftable/objects/df/8019413c88d2aedbf33fc2dac3544312da4c18,test,blob,12e07693ceefc859a76cfca92559bf4748c08aef,pending-review,,
test/UnitTests/resources/git-repo1.reftable/objects/e1/6242f0cd53be123bfc68886bd7848a1aa151bc,test,blob,4f0d2f3f0c00ac090eda20c0bd1834a989dcee03,pending-review,,
test/UnitTests/resources/git-repo1.reftable/objects/e8/9cb722e0f9b2eb763bb059dc099ee6c502a6d8,test,blob,6ce2581d1ad64fc6f8f527ed9a6ceb01b4d793ae,pending-review,,
test/UnitTests/resources/git-repo1.reftable/objects/ea/f2ea3b4a502bf9b3a1057fa5d3a1726cf242e1,test,blob,9618a6fb0cc5c9cf5c339f54acbb2a972b60b6aa,pending-review,,
test/UnitTests/resources/git-repo1.reftable/objects/ef/ca70b4b99f790eeae7b2a2e35a5be7d1326eca,test,blob,149d475712a6ce9c9dbded862f78938d13ee92d5,pending-review,,
test/UnitTests/resources/git-repo1.reftable/objects/f0/8782c910e17154468d0bdecbdb47a5446d9f7d,test,blob,5367218badf2e9e83b24eaa9b513a879909d75ba,pending-review,,
test/UnitTests/resources/git-repo1.reftable/objects/f2/8a135f946ddf77cf9280acf926e3296a3c2e34,test,blob,5d1017c840df3ccd9963fd773c0d1078b32022c8,pending-review,,
test/UnitTests/resources/git-repo1.reftable/objects/f4/c67ced4099e490f2bd728dbc78a82582aa5ec4,test,blob,4db0f72e28c385adf4b16cae21cab334dda3264f,pending-review,,
test/UnitTests/resources/git-repo1.reftable/objects/f4/d93c75a4dda2db87e1f67fd970f538d3ec0a1e,test,blob,f0f2dadb320b31a5e4c52becd0b8f23e91fb979d,pending-review,,
test/UnitTests/resources/git-repo1.reftable/objects/f5/12cec85d0d93694b2a5fdc8c58c369a6e676ee,test,blob,6b56445e0dba3370ccd6694015e877c1b1e66a64,pending-review,,
test/UnitTests/resources/git-repo1.reftable/objects/fa/9aaa0a02ddc7d60d4a289d3e403f3077905195,test,blob,0f7e0954fb9d56d3cd82740b2db2e9dff97e4158,pending-review,,
test/UnitTests/resources/git-repo1.reftable/objects/fb/ea9ccd85c33fcdb542d8c73f910ea0e70c3ddc,test,blob,6f635824841fbe6517f32868fb3a2ae3416f6707,pending-review,,
test/UnitTests/resources/git-repo1.reftable/objects/fc/10f927d9587762561571ff32df9b01e33da402,test,blob,a98440c5c2c7ef4538e8af0dd00cc7477d715e8f,pending-review,,
test/UnitTests/resources/git-repo1.reftable/objects/ff/1fbef1a54a9849afd4a5e94d2ca4d80d5b96c2,test,blob,6777d7e56f407970d89ff15117f0e23a06aa7d90,pending-review,,
test/UnitTests/resources/git-repo1.reftable/objects/ff/a0d50ccb33e53e9b2e4d9c7baa27c2872c95ea,test,blob,8a374ba02481a20f6e0dace0090f619c2aa2f583,pending-review,,
test/UnitTests/resources/git-repo1.reftable/refs/heads,test,blob,3e639a56adf55003942f7b1221aa1ac3c045909e,pending-review,,
test/UnitTests/resources/git-repo1.reftable/reftable/0x000000000001-0x00000000000c-c4c00a5f.ref,test,blob,bf6988ae4bd881db18e06193cf3d3aa541d957ce,pending-review,,
test/UnitTests/resources/git-repo1.reftable/reftable/tables.list,test,blob,64e99a73213f2be6109fab12f69649dc33e95f40,pending-review,,
test/UnitTests/resources/git-repo1/HEAD,test,blob,cb089cd89a7d7686d284d8761201649346b5aa1c,pending-review,,
test/UnitTests/resources/git-repo1/config,test,blob,a5a0d7890b9e25c5e3c0f7ca498b8981b9ca723d,pending-review,,
test/UnitTests/resources/git-repo1/index,test,blob,27d051179a42eaf7381c0019b3cd4d92989b7cc3,pending-review,,
test/UnitTests/resources/git-repo1/logs/HEAD,test,blob,7ba0a102c10bf4b3fa128adabb8a7782d225af80,pending-review,,
test/UnitTests/resources/git-repo1/logs/refs/heads/master,test,blob,7fc6a9fd65610a337b4c1e47713195c618fa0076,pending-review,,
test/UnitTests/resources/git-repo1/logs/refs/heads/subdir/branch,test,blob,d589453065dfb1eeb26d16b42ce266674735803a,pending-review,,
test/UnitTests/resources/git-repo1/objects/01/6981e5efeab399e3bf3c36c0e5bcab05a2dec5,test,blob,5b18e71c434b0638439fe34edfa777fd581a1097,pending-review,,
test/UnitTests/resources/git-repo1/objects/01/86e031613a190237ae672daaec4649193123e7,test,blob,70f6c0754d4c76e8dc99406b0bae8ac21b9744ac,pending-review,,
test/UnitTests/resources/git-repo1/objects/10/385764a4d42d7428bbeb245015f8f338fc1e40,test,blob,d9ea480f6e9268e05a339b6fbdf5e0249829f2b9,pending-review,,
test/UnitTests/resources/git-repo1/objects/11/69880b457b81958289acd5798d30bbf7763e92,test,blob,0802927e9e0ad9a73b05a18628e96d836289e3f5,pending-review,,
test/UnitTests/resources/git-repo1/objects/15/a378a70b4dd6d7ada5d94c3b34eedda8b4a5c9,test,blob,5405dfb127615f64d2f4f2b95f85794378ff019a,pending-review,,
test/UnitTests/resources/git-repo1/objects/17/65c7fbfeeb98cba3ded3558f02a7db465a0734,test,blob,4a2db29c659cf0aa234bc167852a29615651c601,pending-review,,
test/UnitTests/resources/git-repo1/objects/18/da7c332dcad0f37f9977d9176dce0b0c66f3eb,test,blob,708ce64055f43b4478ca2faa939d98a279264eed,pending-review,,
test/UnitTests/resources/git-repo1/objects/1a/83d41c3fdf0c06f99ce11df586a6f7ee56b2d0,test,blob,79241c52de8a33a8dec48a8d9472f99e2564f904,pending-review,,
test/UnitTests/resources/git-repo1/objects/1c/e788330fd3a306c8ad37654063ceee13a7f172,test,blob,c2caa9147996cf0fb2a926a11819e055bc0b16d5,pending-review,,
test/UnitTests/resources/git-repo1/objects/1f/913f5c76c09338961ce1c676bb07b747eabb22,test,blob,ed75aafa2d8304518f930e75ef1bd1c10a392362,pending-review,,
test/UnitTests/resources/git-repo1/objects/1f/c3c9688e27596d8717b54f2939dc951568f6cb,test,blob,eb1a6faa61fac5a7fb2e650455f8722569c4db4c,pending-review,,
test/UnitTests/resources/git-repo1/objects/22/0e18cafd1c5a33c70b64e0fca181227e577140,test,blob,263932ff34df16ef4f3796b3eb6fd2ee8b3561b5,pending-review,,
test/UnitTests/resources/git-repo1/objects/2b/47eba115c5255a2fdd936c4bb161ec3dec08c4,test,blob,5008a4a53df7da6423f2750941ce9c962e5fbf38,pending-review,,
test/UnitTests/resources/git-repo1/objects/2b/951c63814dcdde324d13c92cec60d8ae72d1d9,test,blob,afd905ee64b5bc4da3fd771203a735ed4021f784,pending-review,,
test/UnitTests/resources/git-repo1/objects/2c/f2d612588c2cc439cec710ccc0a08492d4dae4,test,blob,2441e4301283c24aa34648c45a69041cd1ad7180,pending-review,,
test/UnitTests/resources/git-repo1/objects/2d/10fb405556cdf1b2a1995e75e24532afd907ea,test,blob,a74f8b2e763c4b6489ed8ff6a218e93c24891c13,pending-review,,
test/UnitTests/resources/git-repo1/objects/2e/0bbddaad3f992ebd1aa799bacf82b340bb283d,test,blob,ce12e3c10c538f871994636b74c291cc7e7d6fd6,pending-review,,
test/UnitTests/resources/git-repo1/objects/2f/eb45f65c3cb16058bd5243227dcde3da6736be,test,blob,1f752d639c6b760de67624919b25e060ca937e2c,pending-review,,
test/UnitTests/resources/git-repo1/objects/31/3a41bc88a527289c87d7531802ab484715974f,test,blob,633402ddba645e03b75c806edc52354b15d567ae,pending-review,,
test/UnitTests/resources/git-repo1/objects/31/ff87c86e9f6d3853e438cb151043f30f09029a,test,blob,e158b09a68574a9e4f39ca77dc23aa655fa85936,pending-review,,
test/UnitTests/resources/git-repo1/objects/32/c344625f14ecb16b6f003a77eb7a3d2c15d470,test,blob,ed7da16730a9c7540bfe6b0d498bff678f14aafc,pending-review,,
test/UnitTests/resources/git-repo1/objects/35/350ac517e9173dc72e06596636945ac5579e9d,test,blob,5680c1dd5e10e8f6bf086b32fe8a46a845611520,pending-review,,
test/UnitTests/resources/git-repo1/objects/35/c91b4ae2f77f4f21a7aba56d3c473c705d89e6,test,blob,60218b40f3788657bfc7ce754402cf18946238e8,pending-review,,
test/UnitTests/resources/git-repo1/objects/36/5e779c0be7b003145d7b95448a3ddb4eec3bff,test,blob,87c4c4fd1b9b6c56bd8bafc4914ea243346b83d4,pending-review,,
test/UnitTests/resources/git-repo1/objects/36/86b9cf74f1a4ef96d6bfe736595ef9abf0fb8d,test,blob,9a3a88e513ff6047d0f73bbddfcafa2c2a65a0eb,pending-review,,
test/UnitTests/resources/git-repo1/objects/3a/4d02501475fc678f6dbf0d899d25d8610dcaf7,test,blob,fa684e75ec449f107b5e33ded6b7365e6655f9a7,pending-review,,
test/UnitTests/resources/git-repo1/objects/44/0f47b6aab114e4bbdf45294b817820dded4841,test,blob,02f74b68ccc6cd5dde1bc8738f7e480b22bbf3c7,pending-review,,
test/UnitTests/resources/git-repo1/objects/44/15858e5b984bd59dbd9570454ee12c81860394,test,blob,b744c5b77e950426eceef99a5df3abbe4eaf7dd1,pending-review,,
test/UnitTests/resources/git-repo1/objects/45/17b91ee8f7497d40cf93d112f12196a7cec995,test,blob,61221502d742a0b8509f7b5285fb2d718a1e60a9,pending-review,,
test/UnitTests/resources/git-repo1/objects/49/ecdfff36bfe2b9b499b33e5034f427e2fa54dd,test,blob,bf942cdf6bf6344181e438ec263710e4277e9b0f,pending-review,,
test/UnitTests/resources/git-repo1/objects/4c/44667203f943dc5dbdf3cb526cb7ec24f60c09,test,blob,8f4191d9898442dd011e15d3c159f6d23e66cd9c,pending-review,,
test/UnitTests/resources/git-repo1/objects/4c/5c93d2a0b368bc4570d5ec02ab03b9c4334d44,test,blob,af9592fdea85e35ad22c226af983ca87ffb168e9,pending-review,,
test/UnitTests/resources/git-repo1/objects/56/0deea87853158b22d0c0fd73f60a458d47838a,test,blob,b9785b4b813627ff8d51a423ddd41e65fd375dc6,pending-review,,
test/UnitTests/resources/git-repo1/objects/57/b315e1d075178cca7458e89f59275375f2bad3,test,blob,98f5eccf5d56a7de486e71650a951f92af218b9b,pending-review,,
test/UnitTests/resources/git-repo1/objects/58/f6474c48fc8d36edacc30dc129af1cbdbac4ff,test,blob,3922a0de19eac4a77ac3619595838cf033939bfc,pending-review,,
test/UnitTests/resources/git-repo1/objects/5e/702e1712aa6f8cd8e0328a87be006f3a923710,test,blob,7ae10bec0963d6767230b21226d21824c57d0a39,pending-review,,
test/UnitTests/resources/git-repo1/objects/60/d2d10b9d4c7076c79333b2d6f1f5b415dce6b3,test,blob,eed75030a204c43b11353b2b3b91261e273aa16e,pending-review,,
test/UnitTests/resources/git-repo1/objects/62/87766ee39350e2222518d3daef86e2e76364df,test,blob,26afb302fb8994499b37ea9b4b5133230ee3fd00,pending-review,,
test/UnitTests/resources/git-repo1/objects/64/d4a32040e477c741571c88c16fb05574e23038,test,blob,bbd79f3ec2ce61d64ef1afad0d46c9ca0471ea80,pending-review,,
test/UnitTests/resources/git-repo1/objects/64/e25b3f69fcb445b2f12ca5f23dfe39963536bc,test,blob,1160be2e8cdc5949d3d1593ac53065448e98ca7b,pending-review,,
test/UnitTests/resources/git-repo1/objects/6c/3179d9a95014ed0e4d19d5dd612de6464f4d36,test,blob,2da3d5695cbb33df9d4f5b13381aecf4bd82b8e7,pending-review,,
test/UnitTests/resources/git-repo1/objects/6e/93f1c637a47e85a9eca1a3dbe1ae0ce1779701,test,blob,7a49f2421c68e27824672d7a18d5a6ee55fbe386,pending-review,,
test/UnitTests/resources/git-repo1/objects/73/88b519de7b595f68c791892d657667d2e93aa7,test,blob,923f3439c0651cff3497d78b97fb27842fef25ac,pending-review,,
test/UnitTests/resources/git-repo1/objects/74/0716c7c5fd51182f54fce5ea0e4f16e24bee94,test,blob,6e19cf9b1532faff996c8872ee6c249fbcf6a6e7,pending-review,,
test/UnitTests/resources/git-repo1/objects/77/eec7bdc5650078e93da34f21a70250d1a6e976,test,blob,f574895fdf00e4448beb38fff93661fdbda83a69,pending-review,,
test/UnitTests/resources/git-repo1/objects/7c/3cbfe13a929d2291a574dca45e4fd2d2ac1aa6,test,blob,b389e8416622328ad769af02642a68d4f774648f,pending-review,,
test/UnitTests/resources/git-repo1/objects/7e/e77e691a2795dd83c0ba92e00fd6c53a205bd6,test,blob,2fba2c52ec7665b13a4fc731b52cd8b246073600,pending-review,,
test/UnitTests/resources/git-repo1/objects/7f/c5e5da8c66cf9ba9c5b73f7317314e4b14f5e5,test,blob,d5e2d1454d0e44b2c50e4ce480ffa09c8d627c7b,pending-review,,
test/UnitTests/resources/git-repo1/objects/84/4309789a13614b52d5e7cbfe6350dd73d1dc72,test,blob,90c6a6cc6b89a4ce1290a5a681354282f035f5ad,pending-review,,
test/UnitTests/resources/git-repo1/objects/8d/1ebbcc7eeb63af10ff8bcf7712afb9fcc90b8a,test,blob,1ec1a8ee89de64feeee111faebc52dfb5de64574,pending-review,,
test/UnitTests/resources/git-repo1/objects/8e/abf9a475b4a15c0f4d2169e5947534dff38037,test,blob,daa875544e1efcd18342a5623816b41c5a0c0fb1,pending-review,,
test/UnitTests/resources/git-repo1/objects/92/8ac06100d936f8013b91b081c4f4d5f3f8fde2,test,blob,0854e913f32dc00c986d34713a86f01f60355667,pending-review,,
test/UnitTests/resources/git-repo1/objects/94/f3e2d2a4e3ead9f92ce4606b0e6d4b833b271b,test,blob,e04a3fb30d1b90270d88270488d4c74c6c3f0e66,pending-review,,
test/UnitTests/resources/git-repo1/objects/96/1bdffbfce1bc617fb594091c3229f1cc674d76,test,blob,c76bcf880da69c2fc9ec40e90c2b75cbb5ad3fbd,pending-review,,
test/UnitTests/resources/git-repo1/objects/99/d52fb9d453589225475f04521b46d330fff837,test,blob,eaf65bbac93e5b8e8bea0576161db5a69bcb2f4f,pending-review,,
test/UnitTests/resources/git-repo1/objects/a6/7de2a9a906558c9cd418f6c561565f198ba6a7,test,blob,7fa58f49649901a92396ca06e4c38adff1ced4f0,pending-review,,
test/UnitTests/resources/git-repo1/objects/a8/b9cfa8315db18f25eaecec2a53329dad42f966,test,blob,54fdde01760af8cde8f35d11ddb8c07489b22833,pending-review,,
test/UnitTests/resources/git-repo1/objects/a9/d53b535cb49640a6099860ac4999f5a0857b91,test,blob,5b6e3c23e4913b32b762ae267c1ba2723e759854,pending-review,,
test/UnitTests/resources/git-repo1/objects/aa/5b97f89cea6863222823c8289ce392d06d1691,test,blob,9139ffd0968623402ff1558f5e502632bd28fc0a,pending-review,,
test/UnitTests/resources/git-repo1/objects/ab/555b2776c6b700ad93848d0dd050e7d08be779,test,blob,cc294f625464807c3693df17d823d78e54b4f61a,pending-review,,
test/UnitTests/resources/git-repo1/objects/b0/2add66f48814a73aa2f0876d6bbc8662d6a9a8,test,blob,5a72e5d5fb07f490ad8340af6e30101dfc2602b0,pending-review,,
test/UnitTests/resources/git-repo1/objects/b0/fd204b89d210ea715ad3aa40fa790f3ee5e585,test,blob,2d738c2ecff0f85fb9f9c236de56451d201ac916,pending-review,,
test/UnitTests/resources/git-repo1/objects/b1/e9f1dd43ba0b28d94092c8dab2a57bc1206d03,test,blob,6ce6adf321cad9cbe3623cdb2ea1ec821955217d,pending-review,,
test/UnitTests/resources/git-repo1/objects/b3/ab458157de54b03b2c1d1e88e07fbc5b9d1470,test,blob,74e4ca72f35099ab48920ad816efd022ebbf5f13,pending-review,,
test/UnitTests/resources/git-repo1/objects/b5/fd8b8fae3f7d21d2afd8a89e65f0acbd07313f,test,blob,5f471d80612435df4154c22ec0f11299991d284e,pending-review,,
test/UnitTests/resources/git-repo1/objects/b9/ef30183497cdad5c30b88d32dc1bed7951dfeb,test,blob,e4c3a8550ae0dcfa2be59bf650ef373f0ea10143,pending-review,,
test/UnitTests/resources/git-repo1/objects/bb/8d58965e675aa512ff937ed1998167a102003b,test,blob,ce3f803bcbe0616f35e909c413179b4251434586,pending-review,,
test/UnitTests/resources/git-repo1/objects/bd/1c989316bf78e22b90b2b1626bce0ee655799d,test,blob,a2d9f038f632f500a7757952c0a5d1ef76d23b45,pending-review,,
test/UnitTests/resources/git-repo1/objects/be/d97bb9bda747c7d11406a3c056128ac86e1149,test,blob,0569eb49fa323fda1207d89fc2b6ce5c675490d7,pending-review,,
test/UnitTests/resources/git-repo1/objects/c1/c8f40e20df3164145eb327e08bcea991cff957,test,blob,ce95ad7f3586998f84e7e9e10ae10b553af2790b,pending-review,,
test/UnitTests/resources/git-repo1/objects/c2/25b3f14869ec8b6da32d52bd15dba0b043031d,test,blob,f78f71c08b9dbaac9111a70360e8f73882b61dcc,pending-review,,
test/UnitTests/resources/git-repo1/objects/c2/c2b5ee1f754c3e12b1ab3d6296f6814e1b22f2,test,blob,67e9076a52b4497d9e484719a3bbbfc5d7050642,pending-review,,
test/UnitTests/resources/git-repo1/objects/c4/f743f4b91d5403dd5a131d8ac6e074f657afeb,test,blob,0abaaeaf3a15e454c74794400853d2a4bfaebd9a,pending-review,,
test/UnitTests/resources/git-repo1/objects/c5/b89de0335fd674e2e421ac4543098cb2f22cde,test,blob,f29166ebcfcd6514446c0b0f9110485bf320f56e,pending-review,,
test/UnitTests/resources/git-repo1/objects/c7/7212a971d21f69306a993baab32840fe04c770,test,blob,88c59abdc3d3ea789eba0c3feb2f7b6ea24b2aa8,pending-review,,
test/UnitTests/resources/git-repo1/objects/ca/fd57516443f72e1d97101a8caf04d88e5faf2e,test,blob,30e6ff12e564234e2467f4017f9daadb8c3f5dee,pending-review,,
test/UnitTests/resources/git-repo1/objects/d0/f2829fb7ee1747c37b647f93cc272b92069a41,test,blob,407ea7782bf7c4792fcd97b2951548ab8458f4ee,pending-review,,
test/UnitTests/resources/git-repo1/objects/d5/0984fef0a05cb191969ed202cf827ef6af3c2f,test,blob,2294d195529ba81b2271fa0e25f91dcad5d53e6b,pending-review,,
test/UnitTests/resources/git-repo1/objects/da/7050e421fae5e8923c516b05bc73653579bda7,test,blob,0af09dbe4b217fe9364fcda5c2c634a2edb7c65e,pending-review,,
test/UnitTests/resources/git-repo1/objects/db/397f11773ba3cc384782a15108a44ededfb28c,test,blob,fa3adb75f5fc6036145b016aa798b74b181cc119,pending-review,,
test/UnitTests/resources/git-repo1/objects/db/7cb854a89f7d3853164326f7d8be6d1d53058c,test,blob,b6b5bb6ba8489284c464245869c8d2e3a9d2a401,pending-review,,
test/UnitTests/resources/git-repo1/objects/db/e34b8af489789aba27c41b06423f9b57cc04db,test,blob,de3b65324fd6d13b8894b489137af9f6c9651898,pending-review,,
test/UnitTests/resources/git-repo1/objects/df/8019413c88d2aedbf33fc2dac3544312da4c18,test,blob,12e07693ceefc859a76cfca92559bf4748c08aef,pending-review,,
test/UnitTests/resources/git-repo1/objects/e1/6242f0cd53be123bfc68886bd7848a1aa151bc,test,blob,4f0d2f3f0c00ac090eda20c0bd1834a989dcee03,pending-review,,
test/UnitTests/resources/git-repo1/objects/e8/9cb722e0f9b2eb763bb059dc099ee6c502a6d8,test,blob,6ce2581d1ad64fc6f8f527ed9a6ceb01b4d793ae,pending-review,,
test/UnitTests/resources/git-repo1/objects/ea/f2ea3b4a502bf9b3a1057fa5d3a1726cf242e1,test,blob,9618a6fb0cc5c9cf5c339f54acbb2a972b60b6aa,pending-review,,
test/UnitTests/resources/git-repo1/objects/ef/ca70b4b99f790eeae7b2a2e35a5be7d1326eca,test,blob,149d475712a6ce9c9dbded862f78938d13ee92d5,pending-review,,
test/UnitTests/resources/git-repo1/objects/f0/8782c910e17154468d0bdecbdb47a5446d9f7d,test,blob,5367218badf2e9e83b24eaa9b513a879909d75ba,pending-review,,
test/UnitTests/resources/git-repo1/objects/f2/8a135f946ddf77cf9280acf926e3296a3c2e34,test,blob,5d1017c840df3ccd9963fd773c0d1078b32022c8,pending-review,,
test/UnitTests/resources/git-repo1/objects/f4/c67ced4099e490f2bd728dbc78a82582aa5ec4,test,blob,4db0f72e28c385adf4b16cae21cab334dda3264f,pending-review,,
test/UnitTests/resources/git-repo1/objects/f4/d93c75a4dda2db87e1f67fd970f538d3ec0a1e,test,blob,f0f2dadb320b31a5e4c52becd0b8f23e91fb979d,pending-review,,
test/UnitTests/resources/git-repo1/objects/f5/12cec85d0d93694b2a5fdc8c58c369a6e676ee,test,blob,6b56445e0dba3370ccd6694015e877c1b1e66a64,pending-review,,
test/UnitTests/resources/git-repo1/objects/fa/9aaa0a02ddc7d60d4a289d3e403f3077905195,test,blob,0f7e0954fb9d56d3cd82740b2db2e9dff97e4158,pending-review,,
test/UnitTests/resources/git-repo1/objects/fb/ea9ccd85c33fcdb542d8c73f910ea0e70c3ddc,test,blob,6f635824841fbe6517f32868fb3a2ae3416f6707,pending-review,,
test/UnitTests/resources/git-repo1/objects/fc/10f927d9587762561571ff32df9b01e33da402,test,blob,a98440c5c2c7ef4538e8af0dd00cc7477d715e8f,pending-review,,
test/UnitTests/resources/git-repo1/objects/ff/1fbef1a54a9849afd4a5e94d2ca4d80d5b96c2,test,blob,6777d7e56f407970d89ff15117f0e23a06aa7d90,pending-review,,
test/UnitTests/resources/git-repo1/objects/ff/a0d50ccb33e53e9b2e4d9c7baa27c2872c95ea,test,blob,8a374ba02481a20f6e0dace0090f619c2aa2f583,pending-review,,
test/UnitTests/resources/git-repo1/packed-refs,test,blob,c283f60a3fffcf7e175bb5b3392456f575127d4a,pending-review,,
test/UnitTests/resources/git-repo1/refs/heads/master,test,blob,5fad03eaf1eed733a31ee1f1f697c87166414a90,pending-review,,
test/UnitTests/resources/git-repo1/refs/heads/master2,test,blob,e5ca082bc10422c5f39258d52509dbd882c49090,pending-review,,
test/UnitTests/resources/git-repo1/refs/heads/signed-commit,test,blob,22ae02ef8b20822b20a3a2707a0526c91ca7620e,pending-review,,
test/UnitTests/resources/git-repo1/refs/heads/simple-conflict,test,blob,ae51e53f6f10d00668b923eec8ae0fa102dd9967,pending-review,,
test/UnitTests/resources/git-repo1/refs/heads/subdir/branch,test,blob,44ffac05cac653f0a8ad7434de683049fb42f2d5,pending-review,,
test/UnitTests/resources/git-repo1/refs/heads/tree-ref,test,blob,d22af063ca39c754537d026c16daf1ce1b69a851,pending-review,,
test/UnitTests/resources/git-repo1/refs/notes/commits,test,blob,09711fea5653d83fa0677c8c49f8efd94cd327df,pending-review,,
test/UnitTests/resources/git-repo1/refs/remotes/origin/master,test,blob,6fb1056a6565a685c7fec1557ab1a2878fa2bc59,pending-review,,
test/UnitTests/resources/git-repo1/refs/stash,test,blob,497efca9ab38c5e92733fd3a214cf22aede0c242,pending-review,,
test/UnitTests/resources/git-repo1/refs/tags/also-signed,test,blob,109e2de9b2910ba1e02f6e0c14ff5bb64a9008ba,pending-review,,
test/UnitTests/resources/git-submodules-repo/HEAD,test,blob,cb089cd89a7d7686d284d8761201649346b5aa1c,pending-review,,
test/UnitTests/resources/git-submodules-repo/config,test,blob,3f8f41b6b41382cf21c23a5ffff22706a155fa37,pending-review,,
test/UnitTests/resources/git-submodules-repo/index,test,blob,65bb59526fa529fb685399b749994de2be17a470,pending-review,,
test/UnitTests/resources/git-submodules-repo/logs/HEAD,test,blob,d6de729451a3cb122d56c305f8811e2525f95a1c,pending-review,,
test/UnitTests/resources/git-submodules-repo/logs/refs/heads/branch1,test,blob,6355d814bd16af5bb82f0f5f75d30b9ae4d5d542,pending-review,,
test/UnitTests/resources/git-submodules-repo/logs/refs/heads/branch2,test,blob,503da824da1d645b20e7a67384052f71e9fd8c07,pending-review,,
test/UnitTests/resources/git-submodules-repo/logs/refs/heads/deleted,test,blob,77a00182737f2d5b35dd50cb1ff853f35707d005,pending-review,,
test/UnitTests/resources/git-submodules-repo/logs/refs/heads/file,test,blob,2dd78694663219635e881ea8c66ea181def3c605,pending-review,,
test/UnitTests/resources/git-submodules-repo/logs/refs/heads/file_to_submodule,test,blob,30f64e02816eb1fbfc511eb372a74a90a562ee3c,pending-review,,
test/UnitTests/resources/git-submodules-repo/logs/refs/heads/master,test,blob,4859dad59cbbc73a823a0f874a330206375c11ab,pending-review,,
test/UnitTests/resources/git-submodules-repo/logs/refs/heads/merged_file_to_submodule_keep_submodule,test,blob,b7ac622426c1db0047ef5f0c6337ac10ba622975,pending-review,,
test/UnitTests/resources/git-submodules-repo/logs/refs/heads/merged_file_to_submodule_take_file,test,blob,6a22164be3f909e7c3bdccaa276d5a7c3aada20d,pending-review,,
test/UnitTests/resources/git-submodules-repo/logs/refs/heads/merged_keep_branch1,test,blob,87620448315c4c11fea909680ceb45418db6cf3a,pending-review,,
test/UnitTests/resources/git-submodules-repo/logs/refs/heads/merged_submodule_to_file_delete_both,test,blob,b64bf2aa4a34592d4f090a9c33a9b765a2cdde4d,pending-review,,
test/UnitTests/resources/git-submodules-repo/logs/refs/heads/merged_submodule_to_file_keep_file,test,blob,702d5b6bde0614207a8fcebd97c6220eaa71d2fe,pending-review,,
test/UnitTests/resources/git-submodules-repo/logs/refs/heads/merged_submodule_to_file_take_submodule,test,blob,b3f4fc64e985b155412020f228b89dcad371b759,pending-review,,
test/UnitTests/resources/git-submodules-repo/logs/refs/heads/merged_use_third,test,blob,9d6ef5c755981858bfa6272820576eddbf625f50,pending-review,,
test/UnitTests/resources/git-submodules-repo/logs/refs/heads/submodule_to_file,test,blob,43a406b31a224011f487ed602e285a20b66763a8,pending-review,,
test/UnitTests/resources/git-submodules-repo/objects/03/6248287461bce0d7912cdfe24b8757cb1434f6,test,blob,202b5bac78d35556c2f2122cb3d573bff5bebe99,pending-review,,
test/UnitTests/resources/git-submodules-repo/objects/07/ac6e5916c03747f7485195deb7ec9100d1c2ef,test,blob,0791937f2103d6c8ccbc5280b3499e2fd49a26d7,pending-review,,
test/UnitTests/resources/git-submodules-repo/objects/0a/e6a399e40bd80f592adb3bcf96a0793cfcc320,test,blob,db40457c3552a2bfe7a21c28877f481ae2ddcedd,pending-review,,
test/UnitTests/resources/git-submodules-repo/objects/0f/95c89d9056f66cec279a483e9e02bb3c7b7b1e,test,blob,e7552a586afa1d729dcd61e7cfeed66620ecdc4e,pending-review,,
test/UnitTests/resources/git-submodules-repo/objects/14/13882dc44f6c3b5f6102f1eec071e368f33a06,test,blob,618bdcd508937a03ef8db2f1daf6d8c5f8bb3ac2,pending-review,,
test/UnitTests/resources/git-submodules-repo/objects/19/0d2d704e73838b451b02513b341d6d3e770bf9,test,blob,588bee00fcf61912080f93462042c73d3f005590,pending-review,,
test/UnitTests/resources/git-submodules-repo/objects/2d/2017245cf3d016c64e5ad4eb6b0f1bccd1cf7f,test,blob,bdadc082098377b4a727c2472bbd5be1f12f4051,pending-review,,
test/UnitTests/resources/git-submodules-repo/objects/2e/63f1a55bc3dce074897200b226009f575fbcae,test,blob,6e92f4766e128824050458c1fbaafe1d2d40c78b,pending-review,,
test/UnitTests/resources/git-submodules-repo/objects/48/61e2446dd8d8c8d5d5986067915d8687f5656a,test,blob,67f72b5200cc48063ad0c72e8a957d7e2e63f3f6,pending-review,,
test/UnitTests/resources/git-submodules-repo/objects/4e/d8d1f9ce9aedc6ad044d9051cb584a8bc294ac,test,blob,5df27c95ebd9b634e2c09e62c532fe39ab6708ee,pending-review,,
test/UnitTests/resources/git-submodules-repo/objects/63/c7ecf610b2a2a539c6f669e0dcd281047ed767,test,blob,0cb73a16327c813a0405edfcc64009af88d2a53a,pending-review,,
test/UnitTests/resources/git-submodules-repo/objects/6c/36eceb53af17147abd4cf76ad6cca38ae5a7aa,test,blob,e03e4b56032b8363606966b489a53e1caa4ad2ff,pending-review,,
test/UnitTests/resources/git-submodules-repo/objects/72/4ce240abe4ace33664b4b0cc860e1ccf014b41,test,blob,211ed0e231c375cbd505a9b4cb74d61155258842,pending-review,,
test/UnitTests/resources/git-submodules-repo/objects/85/5c1f527e1b86d9568079132655b274c44320d2,test,blob,894abe783cc552874b08ef99f01bd00c90d922b7,pending-review,,
test/UnitTests/resources/git-submodules-repo/objects/90/0539cd24776a94d1b642358ccfdb9d897c8254,test,blob,995c427447a05c3db0b76443043f5bdc080df90d,pending-review,,
test/UnitTests/resources/git-submodules-repo/objects/a4/59bc245bdbc45e1bca99e7fe61731da5c48da4,test,blob,03be476e366af3f9125aa3b25c020d8b77d4d516,pending-review,,
test/UnitTests/resources/git-submodules-repo/objects/aa/6c4d406e98f1f104e3489928b56458062cd9b5,test,blob,51f2639622e94421c81bc1ee9fd8161f4ba7dac4,pending-review,,
test/UnitTests/resources/git-submodules-repo/objects/ad/40dd45be59b3e475a0f9ca120f68f0a59071e5,test,blob,7515a7e4337941cec0ddb26a57d827ee7fa8596c,pending-review,,
test/UnitTests/resources/git-submodules-repo/objects/b9/ad06b41c00bd309f9639f92c96165813c6ebe3,test,blob,e73230ad0c971ef15e83e00f0ff900ef90e3f27e,pending-review,,
test/UnitTests/resources/git-submodules-repo/objects/c8/d17f57c7b511aff4aa2fbfae158902281cad8e,test,blob,a5b206ea20f0e9ea6ea579f278f77f849e983d61,pending-review,,
test/UnitTests/resources/git-submodules-repo/objects/e8/199180d4f1eda395cb47c6142f78b2c525bb70,test,blob,ac6c0fcb8e3bfac97fa65674e084dc331b2c9b19,pending-review,,
test/UnitTests/resources/git-submodules-repo/objects/f3/08ae95f16e1f4abe251f6fcf566fe4f939015b,test,blob,74d8d50cf43e32a4306c762f83dd9b8860dda52f,pending-review,,
test/UnitTests/resources/git-submodules-repo/objects/f4/c4903b4f7debf71894da38eb941c4208a34190,test,blob,01a67dbc9b2bc5662a7b01a5191db64ece9152c8,pending-review,,
test/UnitTests/resources/git-submodules-repo/refs/heads/branch1,test,blob,18db6fa9a3c26d97df2f80f31517c11dd989561e,pending-review,,
test/UnitTests/resources/git-submodules-repo/refs/heads/branch2,test,blob,bd402ddaa30d01ac99bb16a7fa5657ea07f92d78,pending-review,,
test/UnitTests/resources/git-submodules-repo/refs/heads/deleted,test,blob,ce6521ec588bb229d3ed6f26d21f5755331f1b7d,pending-review,,
test/UnitTests/resources/git-submodules-repo/refs/heads/file,test,blob,0cd17b1d45824874c0a51bc66bc24c8440bcd544,pending-review,,
test/UnitTests/resources/git-submodules-repo/refs/heads/file_to_submodule,test,blob,abcf48ab92b8d7de23a9f07aa1de154bb641e5f7,pending-review,,
test/UnitTests/resources/git-submodules-repo/refs/heads/master,test,blob,a69bb9ea1963ec74ccbdc442281cae094e63c0ec,pending-review,,
test/UnitTests/resources/git-submodules-repo/refs/heads/merged_file_to_submodule_keep_submodule,test,blob,986fca538c34c36f81ad5be454b5208aced4d076,pending-review,,
test/UnitTests/resources/git-submodules-repo/refs/heads/merged_file_to_submodule_take_file,test,blob,a9808484c0cf94d8e849ff4f426c6b65dffb035f,pending-review,,
test/UnitTests/resources/git-submodules-repo/refs/heads/merged_keep_branch1,test,blob,f1bea60a57e2c06dd2d89d6a4aea76989a91757b,pending-review,,
test/UnitTests/resources/git-submodules-repo/refs/heads/merged_submodule_to_file_delete_both,test,blob,e2227c8e2b6320d4b86cf7173dacd984f4f1f80a,pending-review,,
test/UnitTests/resources/git-submodules-repo/refs/heads/merged_submodule_to_file_keep_file,test,blob,ab6c295e566daf8bde264b38d4ec096bd2a2e018,pending-review,,
test/UnitTests/resources/git-submodules-repo/refs/heads/merged_submodule_to_file_take_submodule,test,blob,8ba99224f21ac1e5003df321cd1567eee91214a9,pending-review,,
test/UnitTests/resources/git-submodules-repo/refs/heads/merged_use_third,test,blob,6d2f5e69368719de17dc49c530693df48a1574e2,pending-review,,
test/UnitTests/resources/git-submodules-repo/refs/heads/submodule_to_file,test,blob,fa188e93eda3bd26c55974dc7c09248f19c444b0,pending-review,,
test/UnitTests/resources/gitexe-output/clone-final.txt,test,blob,96874f2b60fa9d89065ba99eca46cf30c412921f,pending-review,,
test/UnitTests/resources/gitexe-output/clone.txt,test,blob,08e0e00e6e27988e24e2736888b5d0e0eda2969f,pending-review,,
test/UnitTests/resources/gitexe-output/clone2-final.txt,test,blob,fb20c545ef0abe04f6cc6682d3bc88833f8f6ad4,pending-review,,
test/UnitTests/resources/gitexe-output/clone2.txt,test,blob,84a18471750d314b8e5816176cac05cd3aeacf1b,pending-review,,
test/UnitTests/resources/patches/SVN-diff.patch,test,blob,c6e46d94f5f2fc707db8bd1dacff49cd519e7ee5,pending-review,,
test/UnitTests/resources/patches/bom-change.patch,test,blob,2d224bf23e7b3bead711e8924dc1a0daf5c2714c,pending-review,,
test/UnitTests/resources/patches/fool-parser.patch,test,blob,0f9b57a37b2b43b88918e3d6d5cd4fb9688d9b9f,pending-review,,
test/UnitTests/resources/patches/git-diff-Patch.cpp,test,blob,a4cd5787e279756a3f9923314dae421580b62fba,pending-review,,
test/UnitTests/resources/patches/git-diff-single-line-change.patch,test,blob,febdc5684645b6a144d63aa6853f6c2c697122f5,pending-review,,
test/UnitTests/resources/patches/git-diff.patch,test,blob,9d0b94544a7dcc36759cda3c94b3a7709800b8d6,pending-review,,
test/UnitTests/resources/patches/git-format-patch-no-prefix.patch,test,blob,71faf079d7968bcf28431ad99b2990e998c10057,pending-review,,
test/UnitTests/resources/patches/manual.patch,test,blob,54eaa5d89cd33342221ea847998739050eede387,pending-review,,
test/UnitTests/resources/patches/newline-at-end-of-file-added.patch,test,blob,f23c750b7c473ce7474f3e432ce4c2eee7dd44d8,pending-review,,
test/UnitTests/resources/patches/newline-at-end-of-file-deleted.patch,test,blob,fb5e035cb956a72d6837e1c125ca4a7c8d42926e,pending-review,,
test/UnitTests/resources/patches/newline-at-end-of-file-last-line-modified.patch,test,blob,92a7dff9a8da051df219b661cd48ad4358fced81,pending-review,,
test/UnitTests/resources/patches/newline-at-end-of-file-other-line-modified.patch,test,blob,17ca92f032014826ae81accd26e82be07a42a076,pending-review,,
test/UnitTests/resources/patches/newline-at-end-of-file-other-line-modified2.patch,test,blob,9d2c41c735a3a6cd169654dc85ef61f076c10538,pending-review,,
test/UnitTests/resources/patches/old-git-diff.patch,test,blob,d5a5adc9f6f5549e2576d8832ef506138633b331,pending-review,,
test/UnitTests/resources/patches/partial-staging.patch,test,blob,8b03b9c457c5ddc6ab31972b41e658bfd44ac3dc,pending-review,,
test/UnitTests/resources/patches/patch-utf8.patch,test,blob,4858c1efe4ec241b3c1c2afc7b249a9eded6a4c4,pending-review,,
test/UnitTests/resources/patches/quoted-filename.patch,test,blob,233b52053f99b283d4307344aa0e6dd398de3ea2,pending-review,,
test/UnitTests/stdafx.cpp,test,blob,f4feeeab52c78edf0d491387e102b08f41cff09f,pending-review,,
test/UnitTests/stdafx.h,test,blob,7577ef18de9cf02d5b1b4e52267509b5dc51916f,pending-review,,
