resource,dialog,control,occurrence,kind,label,declaration,status,native_mapping,notes
contrib/issue-tracker-plugins/ExampleAtlPlugin/ExampleAtlPlugin.rc,IDD_WAITDIALOG,IDC_STATIC,1,LTEXT,Please wait while the external process runs...,"LTEXT           ""Please wait while the external process runs..."",IDC_STATIC,7,7,174,34",pending-review,,
ext/CrashServer/CrashHandler/SendRpt/SendRpt.rc,IDD_SENDREPORTDLG,IDC_STATIC,1,CONTROL,,"CONTROL         """",IDC_STATIC,""Static"",SS_WHITERECT,-4,0,226,67",pending-review,,
ext/CrashServer/CrashHandler/SendRpt/SendRpt.rc,IDD_SENDREPORTDLG,IDCANCEL,1,PUSHBUTTON,@Cancel,"PUSHBUTTON      ""@Cancel"",IDCANCEL,165,74,50,14",pending-review,,
ext/CrashServer/CrashHandler/SendRpt/SendRpt.rc,IDD_SENDREPORTDLG,IDC_HEADER_TEXT,1,CONTROL,@AppHasStoppedWorking,"CONTROL         ""@AppHasStoppedWorking"",IDC_HEADER_TEXT,""Static"",SS_LEFTNOWORDWRAP | SS_NOPREFIX | WS_GROUP,5,7,210,25",pending-review,,
ext/CrashServer/CrashHandler/SendRpt/SendRpt.rc,IDD_SENDREPORTDLG,IDC_TEXT,1,LTEXT,@CheckingForSolution,"LTEXT           ""@CheckingForSolution"",IDC_TEXT,5,35,210,8,SS_NOPREFIX",pending-review,,
ext/CrashServer/CrashHandler/SendRpt/SendRpt.rc,IDD_SENDREPORTDLG,IDC_PROGRESS,1,CONTROL,,"CONTROL         """",IDC_PROGRESS,""msctls_progress32"",PBS_MARQUEE | WS_BORDER,5,49,210,10",pending-review,,
ext/CrashServer/CrashHandler/SendRpt/SendRpt.rc,IDD_SENDREPORTDLG,IDC_STATIC,2,LTEXT,www.drdump.com,"LTEXT           ""www.drdump.com"",IDC_STATIC,5,76,75,8,WS_DISABLED",pending-review,,
ext/CrashServer/CrashHandler/SendRpt/SendRpt.rc,IDD_SENDFULLDUMPDLG,IDC_STATIC,1,CONTROL,,"CONTROL         """",IDC_STATIC,""Static"",SS_WHITERECT,-4,0,226,76",pending-review,,
ext/CrashServer/CrashHandler/SendRpt/SendRpt.rc,IDD_SENDFULLDUMPDLG,IDCANCEL,1,PUSHBUTTON,@Cancel,"PUSHBUTTON      ""@Cancel"",IDCANCEL,164,82,50,14",pending-review,,
ext/CrashServer/CrashHandler/SendRpt/SendRpt.rc,IDD_SENDFULLDUMPDLG,IDC_HEADER_TEXT,1,CONTROL,@AppHasStoppedWorking,"CONTROL         ""@AppHasStoppedWorking"",IDC_HEADER_TEXT,""Static"",SS_LEFTNOWORDWRAP | SS_NOPREFIX | WS_GROUP,5,7,209,25",pending-review,,
ext/CrashServer/CrashHandler/SendRpt/SendRpt.rc,IDD_SENDFULLDUMPDLG,IDC_TEXT,1,LTEXT,@CollectingMoreInfo,"LTEXT           ""@CollectingMoreInfo"",IDC_TEXT,5,35,209,23,SS_NOPREFIX",pending-review,,
ext/CrashServer/CrashHandler/SendRpt/SendRpt.rc,IDD_SENDFULLDUMPDLG,IDC_PROGRESS,1,CONTROL,,"CONTROL         """",IDC_PROGRESS,""msctls_progress32"",PBS_MARQUEE | WS_BORDER,5,58,209,10",pending-review,,
ext/CrashServer/CrashHandler/SendRpt/SendRpt.rc,IDD_SENDFULLDUMPDLG,IDC_STATIC,2,LTEXT,www.drdump.com,"LTEXT           ""www.drdump.com"",IDC_STATIC,5,84,75,8,WS_DISABLED",pending-review,,
ext/CrashServer/CrashHandler/SendRpt/SendRpt.rc,IDD_ASKSENDFULLDUMPDLG,IDOK,1,DEFPUSHBUTTON,@SendInformation,"DEFPUSHBUTTON   ""@SendInformation"",IDOK,96,74,65,14",pending-review,,
ext/CrashServer/CrashHandler/SendRpt/SendRpt.rc,IDD_ASKSENDFULLDUMPDLG,IDCANCEL,1,PUSHBUTTON,@Cancel,"PUSHBUTTON      ""@Cancel"",IDCANCEL,166,74,50,14",pending-review,,
ext/CrashServer/CrashHandler/SendRpt/SendRpt.rc,IDD_ASKSENDFULLDUMPDLG,IDC_STATIC,1,CONTROL,,"CONTROL         """",IDC_STATIC,""Static"",SS_WHITERECT,-4,0,226,67",pending-review,,
ext/CrashServer/CrashHandler/SendRpt/SendRpt.rc,IDD_ASKSENDFULLDUMPDLG,IDC_HEADER_TEXT,1,CONTROL,@SendMoreInfoQuestion,"CONTROL         ""@SendMoreInfoQuestion"",IDC_HEADER_TEXT,""Static"",SS_LEFTNOWORDWRAP | SS_NOPREFIX | WS_GROUP,5,7,211,25",pending-review,,
ext/CrashServer/CrashHandler/SendRpt/SendRpt.rc,IDD_ASKSENDFULLDUMPDLG,IDC_TEXT,1,LTEXT,@SendMotivation,"LTEXT           ""@SendMotivation"",IDC_TEXT,5,37,211,27,SS_NOPREFIX",pending-review,,
ext/CrashServer/CrashHandler/SendRpt/SendRpt.rc,IDD_ASKSENDFULLDUMPDLG,IDC_DETAILS_TEXT,1,CONTROL,,"CONTROL         """",IDC_DETAILS_TEXT,""RichEdit20W"",ES_MULTILINE | ES_AUTOVSCROLL | ES_AUTOHSCROLL | ES_NOHIDESEL | ES_READONLY | WS_BORDER | WS_VSCROLL | WS_TABSTOP,5,96,211,75",pending-review,,
ext/CrashServer/CrashHandler/SendRpt/SendRpt.rc,IDD_ASKSENDFULLDUMPDLG,IDC_DETAILS,1,PUSHBUTTON,@Details,"PUSHBUTTON      ""@Details"",IDC_DETAILS,5,74,60,14",pending-review,,
ext/CrashServer/CrashHandler/SendRpt/SendRpt.rc,IDD_SOLUTIONDLG,IDC_STATIC,1,CONTROL,,"CONTROL         """",IDC_STATIC,""Static"",SS_WHITERECT,-4,0,226,67",pending-review,,
ext/CrashServer/CrashHandler/SendRpt/SendRpt.rc,IDD_SOLUTIONDLG,IDCANCEL,1,PUSHBUTTON,@No,"PUSHBUTTON      ""@No"",IDCANCEL,165,74,50,14",pending-review,,
ext/CrashServer/CrashHandler/SendRpt/SendRpt.rc,IDD_SOLUTIONDLG,IDC_HEADER_TEXT,1,CONTROL,@AppHasStoppedWorking,"CONTROL         ""@AppHasStoppedWorking"",IDC_HEADER_TEXT,""Static"",SS_LEFTNOWORDWRAP | SS_NOPREFIX | WS_GROUP,5,7,210,25",pending-review,,
ext/CrashServer/CrashHandler/SendRpt/SendRpt.rc,IDD_SOLUTIONDLG,IDC_TEXT,1,LTEXT,@SolutionFound,"LTEXT           ""@SolutionFound"",IDC_TEXT,5,35,210,8,SS_NOPREFIX",pending-review,,
ext/CrashServer/CrashHandler/SendRpt/SendRpt.rc,IDD_SOLUTIONDLG,IDC_STATIC,2,LTEXT,www.drdump.com,"LTEXT           ""www.drdump.com"",IDC_STATIC,5,76,75,8,WS_DISABLED",pending-review,,
ext/CrashServer/CrashHandler/SendRpt/SendRpt.rc,IDD_SOLUTIONDLG,IDC_QUESTION,1,LTEXT,@DoYouWantToReadIt,"LTEXT           ""@DoYouWantToReadIt"",IDC_QUESTION,5,49,210,8,SS_NOPREFIX",pending-review,,
ext/CrashServer/CrashHandler/SendRpt/SendRpt.rc,IDD_SOLUTIONDLG,IDOK,1,PUSHBUTTON,@Yes,"PUSHBUTTON      ""@Yes"",IDOK,110,74,50,14",pending-review,,
ext/CrashServer/CrashHandler/SendRpt/SendRpt.rc,IDD_SENDASSERTREPORTDLG,IDC_STATIC,1,CONTROL,,"CONTROL         """",IDC_STATIC,""Static"",SS_WHITERECT,-4,0,226,67",pending-review,,
ext/CrashServer/CrashHandler/SendRpt/SendRpt.rc,IDD_SENDASSERTREPORTDLG,IDCANCEL,1,PUSHBUTTON,@Cancel,"PUSHBUTTON      ""@Cancel"",IDCANCEL,165,74,50,14",pending-review,,
ext/CrashServer/CrashHandler/SendRpt/SendRpt.rc,IDD_SENDASSERTREPORTDLG,IDC_HEADER_TEXT,1,CONTROL,@AppHasEncounteredProblem,"CONTROL         ""@AppHasEncounteredProblem"",IDC_HEADER_TEXT,""Static"",SS_LEFTNOWORDWRAP | SS_NOPREFIX | WS_GROUP,5,7,210,25",pending-review,,
ext/CrashServer/CrashHandler/SendRpt/SendRpt.rc,IDD_SENDASSERTREPORTDLG,IDC_TEXT,1,LTEXT,@CheckingForSolution,"LTEXT           ""@CheckingForSolution"",IDC_TEXT,5,35,210,8,SS_NOPREFIX",pending-review,,
ext/CrashServer/CrashHandler/SendRpt/SendRpt.rc,IDD_SENDASSERTREPORTDLG,IDC_PROGRESS,1,CONTROL,,"CONTROL         """",IDC_PROGRESS,""msctls_progress32"",PBS_MARQUEE | WS_BORDER,5,49,210,10",pending-review,,
ext/CrashServer/CrashHandler/SendRpt/SendRpt.rc,IDD_SENDASSERTREPORTDLG,IDC_STATIC,2,LTEXT,www.drdump.com,"LTEXT           ""www.drdump.com"",IDC_STATIC,5,76,75,8,WS_DISABLED",pending-review,,
src/Resources/TortoiseGitBlameENG.rc,IDD_ABOUTBOX,IDC_STATIC,1,ICON,IDR_TORTOISE_GIT_BLAME_MAINFRAME,"ICON            IDR_TORTOISE_GIT_BLAME_MAINFRAME,IDC_STATIC,14,14,20,20",pending-review,,
src/Resources/TortoiseGitBlameENG.rc,IDD_ABOUTBOX,IDC_VERSION,1,LTEXT,TortoiseGitBlame,"LTEXT           ""TortoiseGitBlame"",IDC_VERSION,42,14,308,8,SS_NOPREFIX",pending-review,,
src/Resources/TortoiseGitBlameENG.rc,IDD_ABOUTBOX,IDC_COPYRIGHT,1,LTEXT,,"LTEXT           """",IDC_COPYRIGHT,42,26,308,16",pending-review,,
src/Resources/TortoiseGitBlameENG.rc,IDD_ABOUTBOX,IDC_STATIC,2,LTEXT,Significant contributions by: (see Git repository for a complete list),"LTEXT           ""Significant contributions by: (see Git repository for a complete list)"",IDC_STATIC,42,47,308,9",pending-review,,
src/Resources/TortoiseGitBlameENG.rc,IDD_ABOUTBOX,IDC_STATIC_AUTHORS,1,LTEXT,,"LTEXT           """",IDC_STATIC_AUTHORS,42,56,308,34",pending-review,,
src/Resources/TortoiseGitBlameENG.rc,IDD_ABOUTBOX,IDOK,1,DEFPUSHBUTTON,OK,"DEFPUSHBUTTON   ""OK"",IDOK,300,94,50,14,WS_GROUP",pending-review,,
src/Resources/TortoiseGitBlameENG.rc,IDD_GOTODLG,IDC_STATIC,1,LTEXT,Line:,"LTEXT           ""Line:"",IDC_STATIC,7,10,57,8",pending-review,,
src/Resources/TortoiseGitBlameENG.rc,IDD_GOTODLG,IDC_LINENUMBER,1,EDITTEXT,,"EDITTEXT        IDC_LINENUMBER,36,7,84,14,ES_AUTOHSCROLL | ES_NUMBER",pending-review,,
src/Resources/TortoiseGitBlameENG.rc,IDD_GOTODLG,IDOK,1,DEFPUSHBUTTON,OK,"DEFPUSHBUTTON   ""OK"",IDOK,7,31,50,14",pending-review,,
src/Resources/TortoiseGitBlameENG.rc,IDD_GOTODLG,IDCANCEL,1,PUSHBUTTON,Cancel,"PUSHBUTTON      ""Cancel"",IDCANCEL,70,31,50,14",pending-review,,
src/Resources/TortoiseMergeENG.rc,IDD_ABOUT,IDC_STATIC,1,CONTROL,Author:\t\t\tStefan Kueng,"CONTROL         ""Author:\t\t\tStefan Kueng"",IDC_STATIC,""Static"",SS_LEFTNOWORDWRAP | WS_GROUP,14,68,309,8",pending-review,,
src/Resources/TortoiseMergeENG.rc,IDD_ABOUT,IDC_STATIC,2,LTEXT,Icons/Design/Code:\t\tLuebbe Onken,"LTEXT           ""Icons/Design/Code:\t\tLuebbe Onken"",IDC_STATIC,14,80,306,8",pending-review,,
src/Resources/TortoiseMergeENG.rc,IDD_ABOUT,IDOK,1,DEFPUSHBUTTON,OK,"DEFPUSHBUTTON   ""OK"",IDOK,276,228,50,14",pending-review,,
src/Resources/TortoiseMergeENG.rc,IDD_ABOUT,IDC_VERSIONBOX,1,GROUPBOX,Version,"GROUPBOX        ""Version"",IDC_VERSIONBOX,7,123,319,99",pending-review,,
src/Resources/TortoiseMergeENG.rc,IDD_ABOUT,IDC_VERSIONABOUT,1,EDITTEXT,,"EDITTEXT        IDC_VERSIONABOUT,14,134,304,85,ES_MULTILINE | ES_AUTOHSCROLL | ES_READONLY | NOT WS_BORDER",pending-review,,
src/Resources/TortoiseMergeENG.rc,IDD_ABOUT,IDC_WEBLINK,1,LTEXT,Visit our website,"LTEXT           ""Visit our website"",IDC_WEBLINK,14,95,312,8",pending-review,,
src/Resources/TortoiseMergeENG.rc,IDD_ABOUT,IDC_SUPPORTLINK,1,LTEXT,and support the developers,"LTEXT           ""and support the developers"",IDC_SUPPORTLINK,14,105,312,8",pending-review,,
src/Resources/TortoiseMergeENG.rc,IDD_FILEPATCHES,IDC_FILELIST,1,CONTROL,,"CONTROL         """",IDC_FILELIST,""SysListView32"",LVS_REPORT | LVS_SHOWSELALWAYS | LVS_ALIGNLEFT | WS_TABSTOP,0,0,131,184",pending-review,,
src/Resources/TortoiseMergeENG.rc,IDD_FILEPATCHES,IDC_PATCHSELECTEDBUTTON,1,PUSHBUTTON,Patch &selected item,"PUSHBUTTON      ""Patch &selected item"",IDC_PATCHSELECTEDBUTTON,0,189,132,14,WS_DISABLED",pending-review,,
src/Resources/TortoiseMergeENG.rc,IDD_FILEPATCHES,IDC_PATCHALLBUTTON,1,PUSHBUTTON,Patch &all items,"PUSHBUTTON      ""Patch &all items"",IDC_PATCHALLBUTTON,0,206,132,14",pending-review,,
src/Resources/TortoiseMergeENG.rc,IDD_OPENDLG,IDC_MERGERADIO,1,CONTROL,&Merging,"CONTROL         ""&Merging"",IDC_MERGERADIO,""Button"",BS_AUTORADIOBUTTON | WS_GROUP,14,18,75,10",pending-review,,
src/Resources/TortoiseMergeENG.rc,IDD_OPENDLG,IDC_APPLYRADIO,1,CONTROL,&Apply unified diff,"CONTROL         ""&Apply unified diff"",IDC_APPLYRADIO,""Button"",BS_AUTORADIOBUTTON,96,18,152,10",pending-review,,
src/Resources/TortoiseMergeENG.rc,IDD_OPENDLG,IDC_STATIC,1,LTEXT,Base file:,"LTEXT           ""Base file:"",IDC_STATIC,14,48,82,8",pending-review,,
src/Resources/TortoiseMergeENG.rc,IDD_OPENDLG,IDC_BASEFILEEDIT,1,EDITTEXT,,"EDITTEXT        IDC_BASEFILEEDIT,96,45,152,14,ES_AUTOHSCROLL",pending-review,,
src/Resources/TortoiseMergeENG.rc,IDD_OPENDLG,IDC_BASEFILEBROWSE,1,PUSHBUTTON,&Browse...,"PUSHBUTTON      ""&Browse..."",IDC_BASEFILEBROWSE,260,46,50,14",pending-review,,
src/Resources/TortoiseMergeENG.rc,IDD_OPENDLG,IDC_STATIC,2,LTEXT,Their file:,"LTEXT           ""Their file:"",IDC_STATIC,14,69,82,8",pending-review,,
src/Resources/TortoiseMergeENG.rc,IDD_OPENDLG,IDC_THEIRFILEEDIT,1,EDITTEXT,,"EDITTEXT        IDC_THEIRFILEEDIT,96,66,152,14,ES_AUTOHSCROLL",pending-review,,
src/Resources/TortoiseMergeENG.rc,IDD_OPENDLG,IDC_THEIRFILEBROWSE,1,PUSHBUTTON,B&rowse...,"PUSHBUTTON      ""B&rowse..."",IDC_THEIRFILEBROWSE,260,67,50,14",pending-review,,
src/Resources/TortoiseMergeENG.rc,IDD_OPENDLG,IDC_STATIC,3,LTEXT,My file:,"LTEXT           ""My file:"",IDC_STATIC,14,91,82,8",pending-review,,
src/Resources/TortoiseMergeENG.rc,IDD_OPENDLG,IDC_YOURFILEEDIT,1,EDITTEXT,,"EDITTEXT        IDC_YOURFILEEDIT,96,88,152,14,ES_AUTOHSCROLL",pending-review,,
src/Resources/TortoiseMergeENG.rc,IDD_OPENDLG,IDC_YOURFILEBROWSE,1,PUSHBUTTON,Br&owse...,"PUSHBUTTON      ""Br&owse..."",IDC_YOURFILEBROWSE,260,89,50,14",pending-review,,
src/Resources/TortoiseMergeENG.rc,IDD_OPENDLG,IDC_PATCHFROMCLIPBOARD,1,CONTROL,Use Unified Diff from &clipboard,"CONTROL         ""Use Unified Diff from &clipboard"",IDC_PATCHFROMCLIPBOARD, ""Button"",BS_AUTOCHECKBOX | WS_DISABLED | WS_TABSTOP,14,129,234,10",pending-review,,
src/Resources/TortoiseMergeENG.rc,IDD_OPENDLG,IDC_STATIC,4,LTEXT,Diff file:,"LTEXT           ""Diff file:"",IDC_STATIC,14,145,82,8",pending-review,,
src/Resources/TortoiseMergeENG.rc,IDD_OPENDLG,IDC_DIFFFILEEDIT,1,EDITTEXT,,"EDITTEXT        IDC_DIFFFILEEDIT,96,142,152,14,ES_AUTOHSCROLL",pending-review,,
src/Resources/TortoiseMergeENG.rc,IDD_OPENDLG,IDC_DIFFFILEBROWSE,1,PUSHBUTTON,&Browse...,"PUSHBUTTON      ""&Browse..."",IDC_DIFFFILEBROWSE,260,142,50,14",pending-review,,
src/Resources/TortoiseMergeENG.rc,IDD_OPENDLG,IDC_STATIC,5,LTEXT,Directory:,"LTEXT           ""Directory:"",IDC_STATIC,14,164,82,8",pending-review,,
src/Resources/TortoiseMergeENG.rc,IDD_OPENDLG,IDC_DIRECTORYEDIT,1,EDITTEXT,,"EDITTEXT        IDC_DIRECTORYEDIT,96,162,152,14,ES_AUTOHSCROLL",pending-review,,
src/Resources/TortoiseMergeENG.rc,IDD_OPENDLG,IDC_DIRECTORYBROWSE,1,PUSHBUTTON,B&rowse...,"PUSHBUTTON      ""B&rowse..."",IDC_DIRECTORYBROWSE,260,163,50,14",pending-review,,
src/Resources/TortoiseMergeENG.rc,IDD_OPENDLG,IDOK,1,DEFPUSHBUTTON,OK,"DEFPUSHBUTTON   ""OK"",IDOK,7,188,50,14",pending-review,,
src/Resources/TortoiseMergeENG.rc,IDD_OPENDLG,IDCANCEL,1,PUSHBUTTON,Cancel,"PUSHBUTTON      ""Cancel"",IDCANCEL,127,188,50,14",pending-review,,
src/Resources/TortoiseMergeENG.rc,IDD_OPENDLG,IDHELP,1,PUSHBUTTON,Help,"PUSHBUTTON      ""Help"",IDHELP,268,188,50,14",pending-review,,
src/Resources/TortoiseMergeENG.rc,IDD_OPENDLG,IDC_VERSIONSTRING,1,LTEXT,,"LTEXT           """",IDC_VERSIONSTRING,7,7,311,8,SS_CENTERIMAGE",pending-review,,
src/Resources/TortoiseMergeENG.rc,IDD_OPENDLG,IDC_MERGEGROUP,1,GROUPBOX,Merging,"GROUPBOX        ""Merging"",IDC_MERGEGROUP,7,34,311,77",pending-review,,
src/Resources/TortoiseMergeENG.rc,IDD_OPENDLG,IDC_UNIDIFFGROUP,1,GROUPBOX,Apply unified diff,"GROUPBOX        ""Apply unified diff"",IDC_UNIDIFFGROUP,7,117,311,66",pending-review,,
src/Resources/TortoiseMergeENG.rc,IDD_SETMAINPAGE,IDC_BACKUP,1,CONTROL,&Backup original file,"CONTROL         ""&Backup original file"",IDC_BACKUP,""Button"",BS_AUTOCHECKBOX | WS_TABSTOP,15,10,236,10",pending-review,,
src/Resources/TortoiseMergeENG.rc,IDD_SETMAINPAGE,IDC_FIRSTDIFFONLOAD,1,CONTROL,&Jump to first difference when loading,"CONTROL         ""&Jump to first difference when loading"",IDC_FIRSTDIFFONLOAD, ""Button"",BS_AUTOCHECKBOX | WS_TABSTOP,15,21,236,10",pending-review,,
src/Resources/TortoiseMergeENG.rc,IDD_SETMAINPAGE,IDC_FIRSTCONFLICTONLOAD,1,CONTROL,J&ump to first conflict when loading,"CONTROL         ""J&ump to first conflict when loading"",IDC_FIRSTCONFLICTONLOAD, ""Button"",BS_AUTOCHECKBOX | WS_TABSTOP,26,33,225,10",pending-review,,
src/Resources/TortoiseMergeENG.rc,IDD_SETMAINPAGE,IDC_UTF8DEFAULT,1,CONTROL,Default to UTF-8 encoding,"CONTROL         ""Default to UTF-8 encoding"",IDC_UTF8DEFAULT,""Button"",BS_AUTOCHECKBOX | WS_TABSTOP,15,45,236,10",pending-review,,
src/Resources/TortoiseMergeENG.rc,IDD_SETMAINPAGE,IDC_ONEPANE,1,CONTROL,Use &one-pane view as default for 2-file diff,"CONTROL         ""Use &one-pane view as default for 2-file diff"",IDC_ONEPANE, ""Button"",BS_AUTOCHECKBOX | WS_TABSTOP,15,56,236,10",pending-review,,
src/Resources/TortoiseMergeENG.rc,IDD_SETMAINPAGE,IDC_LINENUMBERS,1,CONTROL,Show line number&s,"CONTROL         ""Show line number&s"",IDC_LINENUMBERS,""Button"",BS_AUTOCHECKBOX | WS_TABSTOP,15,67,236,10",pending-review,,
src/Resources/TortoiseMergeENG.rc,IDD_SETMAINPAGE,IDC_AUTOADD,1,CONTROL,Add new files automatically to Git,"CONTROL         ""Add new files automatically to Git"",IDC_AUTOADD,""Button"",BS_AUTOCHECKBOX | WS_TABSTOP,15,79,236,10",pending-review,,
src/Resources/TortoiseMergeENG.rc,IDD_SETMAINPAGE,IDC_USERIBBONS,1,CONTROL,Use Ribbons,"CONTROL         ""Use Ribbons"",IDC_USERIBBONS,""Button"",BS_AUTOCHECKBOX | WS_TABSTOP,15,90,109,10",pending-review,,
src/Resources/TortoiseMergeENG.rc,IDD_SETMAINPAGE,IDC_USESPACES,1,CONTROL,Use spaces,"CONTROL         ""Use spaces"",IDC_USESPACES,""Button"",BS_AUTOCHECKBOX | WS_TABSTOP,15,103,95,10",pending-review,,
src/Resources/TortoiseMergeENG.rc,IDD_SETMAINPAGE,IDC_SMARTTABCHAR,1,CONTROL,Smart tab char,"CONTROL         ""Smart tab char"",IDC_SMARTTABCHAR,""Button"",BS_AUTOCHECKBOX | WS_TABSTOP,130,103,95,10",pending-review,,
src/Resources/TortoiseMergeENG.rc,IDD_SETMAINPAGE,IDC_STATIC,1,LTEXT,&Tab size:,"LTEXT           ""&Tab size:"",IDC_STATIC,15,118,54,8",pending-review,,
src/Resources/TortoiseMergeENG.rc,IDD_SETMAINPAGE,IDC_TABSIZE,1,EDITTEXT,,"EDITTEXT        IDC_TABSIZE,80,115,41,14,ES_AUTOHSCROLL | ES_NUMBER",pending-review,,
src/Resources/TortoiseMergeENG.rc,IDD_SETMAINPAGE,IDC_ENABLEEDITORCONFIG,1,CONTROL,Enable EditorConfig,"CONTROL         ""Enable EditorConfig"",IDC_ENABLEEDITORCONFIG,""Button"",BS_AUTOCHECKBOX | WS_TABSTOP,149,118,102,10",pending-review,,
src/Resources/TortoiseMergeENG.rc,IDD_SETMAINPAGE,IDC_STATIC,2,LTEXT,&Font:,"LTEXT           ""&Font:"",IDC_STATIC,15,135,52,8",pending-review,,
src/Resources/TortoiseMergeENG.rc,IDD_SETMAINPAGE,IDC_FONTNAMES,1,COMBOBOX,,"COMBOBOX        IDC_FONTNAMES,80,133,122,90,CBS_DROPDOWNLIST | CBS_OWNERDRAWVARIABLE | CBS_SORT | CBS_HASSTRINGS | WS_VSCROLL | WS_TABSTOP",pending-review,,
src/Resources/TortoiseMergeENG.rc,IDD_SETMAINPAGE,IDC_FONTSIZES,1,COMBOBOX,,"COMBOBOX        IDC_FONTSIZES,211,133,40,47,CBS_DROPDOWN | WS_VSCROLL | WS_TABSTOP",pending-review,,
src/Resources/TortoiseMergeENG.rc,IDD_SETMAINPAGE,IDC_STATIC,3,LTEXT,&Max line length for inline diffs,"LTEXT           ""&Max line length for inline diffs"",IDC_STATIC,15,172,173,8",pending-review,,
src/Resources/TortoiseMergeENG.rc,IDD_SETMAINPAGE,IDC_MAXINLINE,1,EDITTEXT,,"EDITTEXT        IDC_MAXINLINE,211,170,40,14,ES_RIGHT | ES_AUTOHSCROLL | ES_NUMBER",pending-review,,
src/Resources/TortoiseMergeENG.rc,IDD_SETMAINPAGE,IDC_IGNORELF,1,CONTROL,Ignore line &endings (recommended),"CONTROL         ""Ignore line &endings (recommended)"",IDC_IGNORELF,""Button"",BS_AUTOCHECKBOX | WS_TABSTOP,15,185,237,10",pending-review,,
src/Resources/TortoiseMergeENG.rc,IDD_SETMAINPAGE,IDC_CASEINSENSITIVE,1,CONTROL,Ignore case cha&nges,"CONTROL         ""Ignore case cha&nges"",IDC_CASEINSENSITIVE,""Button"",BS_AUTOCHECKBOX | WS_TABSTOP,15,196,236,10",pending-review,,
src/Resources/TortoiseMergeENG.rc,IDD_SETMAINPAGE,IDC_MISCGROUP,1,GROUPBOX,Misc,"GROUPBOX        ""Misc"",IDC_MISCGROUP,7,0,251,151",pending-review,,
src/Resources/TortoiseMergeENG.rc,IDD_SETMAINPAGE,IDC_DIFFGROUP,1,GROUPBOX,Diffing,"GROUPBOX        ""Diffing"",IDC_DIFFGROUP,7,161,251,82",pending-review,,
src/Resources/TortoiseMergeENG.rc,IDD_SETMAINPAGE,IDC_STATIC,4,LTEXT,Context lines for patches,"LTEXT           ""Context lines for patches"",IDC_STATIC,16,210,172,8",pending-review,,
src/Resources/TortoiseMergeENG.rc,IDD_SETMAINPAGE,IDC_CONTEXTLINES,1,EDITTEXT,,"EDITTEXT        IDC_CONTEXTLINES,211,207,40,14,ES_RIGHT | ES_AUTOHSCROLL",pending-review,,
src/Resources/TortoiseMergeENG.rc,IDD_SETCOLORPAGE,IDC_STATIC,1,GROUPBOX,Line differences,"GROUPBOX        ""Line differences"",IDC_STATIC,7,7,251,160",pending-review,,
src/Resources/TortoiseMergeENG.rc,IDD_SETCOLORPAGE,IDC_STATIC,2,LTEXT,Foreground,"LTEXT           ""Foreground"",IDC_STATIC,96,18,76,8,0,WS_EX_RIGHT",pending-review,,
src/Resources/TortoiseMergeENG.rc,IDD_SETCOLORPAGE,IDC_STATIC,3,LTEXT,Background,"LTEXT           ""Background"",IDC_STATIC,181,17,75,8",pending-review,,
src/Resources/TortoiseMergeENG.rc,IDD_SETCOLORPAGE,IDC_STATIC,4,LTEXT,Normal,"LTEXT           ""Normal"",IDC_STATIC,15,32,90,8",pending-review,,
src/Resources/TortoiseMergeENG.rc,IDD_SETCOLORPAGE,IDC_FGNORMAL,1,PUSHBUTTON,,"PUSHBUTTON      """",IDC_FGNORMAL,122,31,50,14",pending-review,,
src/Resources/TortoiseMergeENG.rc,IDD_SETCOLORPAGE,IDC_BKNORMAL,1,PUSHBUTTON,,"PUSHBUTTON      """",IDC_BKNORMAL,181,30,50,14",pending-review,,
src/Resources/TortoiseMergeENG.rc,IDD_SETCOLORPAGE,IDC_STATIC,5,LTEXT,Added,"LTEXT           ""Added"",IDC_STATIC,15,48,90,8",pending-review,,
src/Resources/TortoiseMergeENG.rc,IDD_SETCOLORPAGE,IDC_FGADDED,1,PUSHBUTTON,,"PUSHBUTTON      """",IDC_FGADDED,122,47,50,14",pending-review,,
src/Resources/TortoiseMergeENG.rc,IDD_SETCOLORPAGE,IDC_BKADDED,1,PUSHBUTTON,,"PUSHBUTTON      """",IDC_BKADDED,181,46,50,14",pending-review,,
src/Resources/TortoiseMergeENG.rc,IDD_SETCOLORPAGE,IDC_STATIC,6,LTEXT,Removed,"LTEXT           ""Removed"",IDC_STATIC,15,65,90,8",pending-review,,
src/Resources/TortoiseMergeENG.rc,IDD_SETCOLORPAGE,IDC_FGREMOVED,1,PUSHBUTTON,,"PUSHBUTTON      """",IDC_FGREMOVED,122,63,50,14",pending-review,,
src/Resources/TortoiseMergeENG.rc,IDD_SETCOLORPAGE,IDC_BKREMOVED,1,PUSHBUTTON,,"PUSHBUTTON      """",IDC_BKREMOVED,181,63,50,14",pending-review,,
src/Resources/TortoiseMergeENG.rc,IDD_SETCOLORPAGE,IDC_STATIC,7,LTEXT,Modified,"LTEXT           ""Modified"",IDC_STATIC,15,82,90,8",pending-review,,
src/Resources/TortoiseMergeENG.rc,IDD_SETCOLORPAGE,IDC_BKMODIFIED,1,PUSHBUTTON,,"PUSHBUTTON      """",IDC_BKMODIFIED,181,80,50,14",pending-review,,
src/Resources/TortoiseMergeENG.rc,IDD_SETCOLORPAGE,IDC_STATIC,8,LTEXT,Conflicted,"LTEXT           ""Conflicted"",IDC_STATIC,15,99,90,8",pending-review,,
src/Resources/TortoiseMergeENG.rc,IDD_SETCOLORPAGE,IDC_FGCONFLICTED,1,PUSHBUTTON,,"PUSHBUTTON      """",IDC_FGCONFLICTED,122,98,50,14",pending-review,,
src/Resources/TortoiseMergeENG.rc,IDD_SETCOLORPAGE,IDC_BKCONFLICTED,1,PUSHBUTTON,,"PUSHBUTTON      """",IDC_BKCONFLICTED,181,97,50,14",pending-review,,
src/Resources/TortoiseMergeENG.rc,IDD_SETCOLORPAGE,IDC_STATIC,9,LTEXT,Conflict resolved,"LTEXT           ""Conflict resolved"",IDC_STATIC,15,116,90,8",pending-review,,
src/Resources/TortoiseMergeENG.rc,IDD_SETCOLORPAGE,IDC_FGCONFLICTRESOLVED,1,PUSHBUTTON,,"PUSHBUTTON      """",IDC_FGCONFLICTRESOLVED,122,114,50,14",pending-review,,
src/Resources/TortoiseMergeENG.rc,IDD_SETCOLORPAGE,IDC_BKCONFLICTRESOLVED,1,PUSHBUTTON,,"PUSHBUTTON      """",IDC_BKCONFLICTRESOLVED,181,114,50,14",pending-review,,
src/Resources/TortoiseMergeENG.rc,IDD_SETCOLORPAGE,IDC_STATIC,10,LTEXT,Empty,"LTEXT           ""Empty"",IDC_STATIC,15,132,90,8",pending-review,,
src/Resources/TortoiseMergeENG.rc,IDD_SETCOLORPAGE,IDC_FGEMPTY,1,PUSHBUTTON,,"PUSHBUTTON      """",IDC_FGEMPTY,122,130,50,14",pending-review,,
src/Resources/TortoiseMergeENG.rc,IDD_SETCOLORPAGE,IDC_BKEMPTY,1,PUSHBUTTON,,"PUSHBUTTON      """",IDC_BKEMPTY,181,130,50,14",pending-review,,
src/Resources/TortoiseMergeENG.rc,IDD_SETCOLORPAGE,IDC_STATIC,11,LTEXT,Filtered,"LTEXT           ""Filtered"",IDC_STATIC,15,149,90,8",pending-review,,
src/Resources/TortoiseMergeENG.rc,IDD_SETCOLORPAGE,IDC_BKFILTERED,1,PUSHBUTTON,,"PUSHBUTTON      """",IDC_BKFILTERED,181,146,50,14",pending-review,,
src/Resources/TortoiseMergeENG.rc,IDD_SETCOLORPAGE,IDC_STATIC,12,GROUPBOX,Inline differences,"GROUPBOX        ""Inline differences"",IDC_STATIC,7,167,251,43",pending-review,,
src/Resources/TortoiseMergeENG.rc,IDD_SETCOLORPAGE,IDC_STATIC,13,LTEXT,Added,"LTEXT           ""Added"",IDC_STATIC,15,178,90,8",pending-review,,
src/Resources/TortoiseMergeENG.rc,IDD_SETCOLORPAGE,IDC_BKWHITESPACES,1,PUSHBUTTON,,"PUSHBUTTON      """",IDC_BKWHITESPACES,181,176,50,14",pending-review,,
src/Resources/TortoiseMergeENG.rc,IDD_SETCOLORPAGE,IDC_STATIC,14,LTEXT,Removed,"LTEXT           ""Removed"",IDC_STATIC,15,194,90,8",pending-review,,
src/Resources/TortoiseMergeENG.rc,IDD_SETCOLORPAGE,IDC_BKWHITESPACEDIFF,1,PUSHBUTTON,,"PUSHBUTTON      """",IDC_BKWHITESPACEDIFF,181,192,50,14",pending-review,,
src/Resources/TortoiseMergeENG.rc,IDD_SETCOLORPAGE,IDC_STATIC,15,GROUPBOX,Misc,"GROUPBOX        ""Misc"",IDC_STATIC,7,210,251,26",pending-review,,
src/Resources/TortoiseMergeENG.rc,IDD_SETCOLORPAGE,IDC_STATIC,16,LTEXT,Whitespaces,"LTEXT           ""Whitespaces"",IDC_STATIC,15,220,90,8",pending-review,,
src/Resources/TortoiseMergeENG.rc,IDD_SETCOLORPAGE,IDC_FGWHITESPACES,1,PUSHBUTTON,,"PUSHBUTTON      """",IDC_FGWHITESPACES,122,219,50,14",pending-review,,
src/Resources/TortoiseMergeENG.rc,IDD_SETCOLORPAGE,IDC_DARKMODE,1,CONTROL,Use dark mode,"CONTROL         ""Use dark mode"",IDC_DARKMODE,""Button"",BS_AUTOCHECKBOX | WS_TABSTOP,15,245,137,10",pending-review,,
src/Resources/TortoiseMergeENG.rc,IDD_SETCOLORPAGE,IDC_RESTORE,1,PUSHBUTTON,Restore Default,"PUSHBUTTON      ""Restore Default"",IDC_RESTORE,176,241,82,14",pending-review,,
src/Resources/TortoiseMergeENG.rc,IDD_FIND,IDC_STATIC,1,LTEXT,Search for:,"LTEXT           ""Search for:"",IDC_STATIC,7,10,79,8",pending-review,,
src/Resources/TortoiseMergeENG.rc,IDD_FIND,IDC_FINDCOMBO,1,CONTROL,,"CONTROL         """",IDC_FINDCOMBO,""ComboBoxEx32"",CBS_DROPDOWN | CBS_AUTOHSCROLL | WS_VSCROLL | WS_TABSTOP,90,7,154,95",pending-review,,
src/Resources/TortoiseMergeENG.rc,IDD_FIND,IDC_STATIC,2,LTEXT,Replace with:,"LTEXT           ""Replace with:"",IDC_STATIC,7,28,79,8",pending-review,,
src/Resources/TortoiseMergeENG.rc,IDD_FIND,IDC_REPLACECOMBO,1,CONTROL,,"CONTROL         """",IDC_REPLACECOMBO,""ComboBoxEx32"",CBS_DROPDOWN | CBS_AUTOHSCROLL | WS_VSCROLL | WS_TABSTOP,90,26,154,95",pending-review,,
src/Resources/TortoiseMergeENG.rc,IDD_FIND,IDC_MATCHCASE,1,CONTROL,Match &case,"CONTROL         ""Match &case"",IDC_MATCHCASE,""Button"",BS_AUTOCHECKBOX | WS_TABSTOP,7,42,90,10",pending-review,,
src/Resources/TortoiseMergeENG.rc,IDD_FIND,IDC_LIMITTODIFFS,1,CONTROL,&Limit search to modified lines,"CONTROL         ""&Limit search to modified lines"",IDC_LIMITTODIFFS, ""Button"",BS_AUTOCHECKBOX | WS_TABSTOP,7,55,169,10",pending-review,,
src/Resources/TortoiseMergeENG.rc,IDD_FIND,IDC_SEARCHUP,1,CONTROL,Search &up,"CONTROL         ""Search &up"",IDC_SEARCHUP,""Button"",BS_AUTOCHECKBOX | WS_TABSTOP,7,67,79,10",pending-review,,
src/Resources/TortoiseMergeENG.rc,IDD_FIND,IDC_WHOLEWORD,1,CONTROL,&Whole word,"CONTROL         ""&Whole word"",IDC_WHOLEWORD,""Button"",BS_AUTOCHECKBOX | WS_TABSTOP,7,80,98,10",pending-review,,
src/Resources/TortoiseMergeENG.rc,IDD_FIND,IDOK,1,DEFPUSHBUTTON,&Find,"DEFPUSHBUTTON   ""&Find"",IDOK,248,7,90,14,WS_DISABLED",pending-review,,
src/Resources/TortoiseMergeENG.rc,IDD_FIND,IDC_REPLACE,1,PUSHBUTTON,&Replace,"PUSHBUTTON      ""&Replace"",IDC_REPLACE,248,26,90,14,WS_DISABLED",pending-review,,
src/Resources/TortoiseMergeENG.rc,IDD_FIND,IDC_REPLACEALL,1,PUSHBUTTON,Replace &All,"PUSHBUTTON      ""Replace &All"",IDC_REPLACEALL,248,45,90,14,WS_DISABLED",pending-review,,
src/Resources/TortoiseMergeENG.rc,IDD_FIND,IDC_COUNT,1,PUSHBUTTON,Coun&t,"PUSHBUTTON      ""Coun&t"",IDC_COUNT,248,65,90,14",pending-review,,
src/Resources/TortoiseMergeENG.rc,IDD_FIND,IDCANCEL,1,PUSHBUTTON,Cancel,"PUSHBUTTON      ""Cancel"",IDCANCEL,248,81,90,14",pending-review,,
src/Resources/TortoiseMergeENG.rc,IDD_FIND,IDC_FINDSTATUS,1,LTEXT,,"LTEXT           """",IDC_FINDSTATUS,7,98,331,8",pending-review,,
src/Resources/TortoiseMergeENG.rc,IDD_ENCODING,IDC_STATIC_ENCODING,1,LTEXT,Encoding,"LTEXT           ""Encoding"",IDC_STATIC_ENCODING,7,31,30,8",pending-review,,
src/Resources/TortoiseMergeENG.rc,IDD_ENCODING,IDC_COMBO_ENCODING,1,COMBOBOX,,"COMBOBOX        IDC_COMBO_ENCODING,85,29,136,30,CBS_DROPDOWNLIST | CBS_AUTOHSCROLL | WS_VSCROLL | WS_TABSTOP",pending-review,,
src/Resources/TortoiseMergeENG.rc,IDD_ENCODING,IDC_STATIC_EOL,1,LTEXT,EOL,"LTEXT           ""EOL"",IDC_STATIC_EOL,7,50,30,8",pending-review,,
src/Resources/TortoiseMergeENG.rc,IDD_ENCODING,IDC_COMBO_EOL,1,COMBOBOX,,"COMBOBOX        IDC_COMBO_EOL,85,49,136,30,CBS_DROPDOWNLIST | CBS_AUTOHSCROLL | WS_VSCROLL | WS_TABSTOP",pending-review,,
src/Resources/TortoiseMergeENG.rc,IDD_ENCODING,IDOK,1,DEFPUSHBUTTON,OK,"DEFPUSHBUTTON   ""OK"",IDOK,118,70,50,14",pending-review,,
src/Resources/TortoiseMergeENG.rc,IDD_ENCODING,IDCANCEL,1,PUSHBUTTON,Cancel,"PUSHBUTTON      ""Cancel"",IDCANCEL,172,70,50,14",pending-review,,
src/Resources/TortoiseMergeENG.rc,IDD_ENCODING,IDC_VIEW,1,LTEXT,,"LTEXT           """",IDC_VIEW,7,7,215,8",pending-review,,
src/Resources/TortoiseMergeENG.rc,IDD_GOTO,IDOK,1,DEFPUSHBUTTON,OK,"DEFPUSHBUTTON   ""OK"",IDOK,59,48,50,14",pending-review,,
src/Resources/TortoiseMergeENG.rc,IDD_GOTO,IDCANCEL,1,PUSHBUTTON,Cancel,"PUSHBUTTON      ""Cancel"",IDCANCEL,118,48,50,14",pending-review,,
src/Resources/TortoiseMergeENG.rc,IDD_GOTO,IDC_LINELABEL,1,LTEXT,&Line number,"LTEXT           ""&Line number"",IDC_LINELABEL,7,7,161,8",pending-review,,
src/Resources/TortoiseMergeENG.rc,IDD_GOTO,IDC_NUMBER,1,EDITTEXT,,"EDITTEXT        IDC_NUMBER,7,20,161,14,ES_AUTOHSCROLL | ES_NUMBER",pending-review,,
src/Resources/TortoiseMergeENG.rc,IDD_REGEXFILTERS,IDOK,1,DEFPUSHBUTTON,OK,"DEFPUSHBUTTON   ""OK"",IDOK,211,162,50,14",pending-review,,
src/Resources/TortoiseMergeENG.rc,IDD_REGEXFILTERS,IDCANCEL,1,PUSHBUTTON,Cancel,"PUSHBUTTON      ""Cancel"",IDCANCEL,264,162,50,14",pending-review,,
src/Resources/TortoiseMergeENG.rc,IDD_REGEXFILTERS,IDC_REGEXLIST,1,CONTROL,,"CONTROL         """",IDC_REGEXLIST,""SysListView32"",LVS_REPORT | LVS_ALIGNLEFT | WS_BORDER | WS_TABSTOP,7,7,307,131",pending-review,,
src/Resources/TortoiseMergeENG.rc,IDD_REGEXFILTERS,IDC_ADD,1,PUSHBUTTON,&Add Filter,"PUSHBUTTON      ""&Add Filter"",IDC_ADD,92,141,68,14",pending-review,,
src/Resources/TortoiseMergeENG.rc,IDD_REGEXFILTERS,IDC_EDIT,1,PUSHBUTTON,&Edit Filter,"PUSHBUTTON      ""&Edit Filter"",IDC_EDIT,169,141,68,14,WS_DISABLED",pending-review,,
src/Resources/TortoiseMergeENG.rc,IDD_REGEXFILTERS,IDC_REMOVE,1,PUSHBUTTON,&Delete Filter,"PUSHBUTTON      ""&Delete Filter"",IDC_REMOVE,246,141,68,14,WS_DISABLED",pending-review,,
src/Resources/TortoiseMergeENG.rc,IDD_REGEXFILTER,IDOK,1,DEFPUSHBUTTON,OK,"DEFPUSHBUTTON   ""OK"",IDOK,198,65,50,14",pending-review,,
src/Resources/TortoiseMergeENG.rc,IDD_REGEXFILTER,IDCANCEL,1,PUSHBUTTON,Cancel,"PUSHBUTTON      ""Cancel"",IDCANCEL,252,65,50,14",pending-review,,
src/Resources/TortoiseMergeENG.rc,IDD_REGEXFILTER,IDC_STATIC,1,LTEXT,Name:,"LTEXT           ""Name:"",IDC_STATIC,7,9,61,8",pending-review,,
src/Resources/TortoiseMergeENG.rc,IDD_REGEXFILTER,IDC_NAME,1,EDITTEXT,,"EDITTEXT        IDC_NAME,74,7,228,14,ES_AUTOHSCROLL",pending-review,,
src/Resources/TortoiseMergeENG.rc,IDD_REGEXFILTER,IDC_STATIC,2,LTEXT,Regex:,"LTEXT           ""Regex:"",IDC_STATIC,7,26,61,8",pending-review,,
src/Resources/TortoiseMergeENG.rc,IDD_REGEXFILTER,IDC_REGEX,1,EDITTEXT,,"EDITTEXT        IDC_REGEX,74,24,228,14,ES_AUTOHSCROLL",pending-review,,
src/Resources/TortoiseMergeENG.rc,IDD_REGEXFILTER,IDC_STATIC,3,LTEXT,Replace:,"LTEXT           ""Replace:"",IDC_STATIC,7,45,61,8",pending-review,,
src/Resources/TortoiseMergeENG.rc,IDD_REGEXFILTER,IDC_REPLACE,1,EDITTEXT,,"EDITTEXT        IDC_REPLACE,74,42,228,14,ES_AUTOHSCROLL",pending-review,,
src/Resources/TortoiseProcENG.rc,IDD_ABOUT,IDC_STATIC,1,LTEXT,Significant contributions by: (see Git repository for a complete list),"LTEXT           ""Significant contributions by: (see Git repository for a complete list)"",IDC_STATIC,13,81,307,8",pending-review,,
src/Resources/TortoiseProcENG.rc,IDD_ABOUT,IDC_STATIC_AUTHORS,1,LTEXT,,"LTEXT           """",IDC_STATIC_AUTHORS,13,92,307,40",pending-review,,
src/Resources/TortoiseProcENG.rc,IDD_ABOUT,IDC_WEBLINK,1,LTEXT,Visit our website,"LTEXT           ""Visit our website"",IDC_WEBLINK,14,153,312,8",pending-review,,
src/Resources/TortoiseProcENG.rc,IDD_ABOUT,IDC_SUPPORTLINK,1,LTEXT,and support the developers,"LTEXT           ""and support the developers"",IDC_SUPPORTLINK,14,165,312,8",pending-review,,
src/Resources/TortoiseProcENG.rc,IDD_ABOUT,IDC_VERSIONBOX,1,GROUPBOX,Version Information,"GROUPBOX        ""Version Information"",IDC_VERSIONBOX,7,187,319,50",pending-review,,
src/Resources/TortoiseProcENG.rc,IDD_ABOUT,IDC_VERSIONABOUT,1,EDITTEXT,,"EDITTEXT        IDC_VERSIONABOUT,14,199,304,35,ES_MULTILINE | ES_READONLY | NOT WS_BORDER",pending-review,,
src/Resources/TortoiseProcENG.rc,IDD_ABOUT,IDC_UPDATE,1,PUSHBUTTON,Check For Updates...,"PUSHBUTTON      ""Check For Updates..."",IDC_UPDATE,7,244,110,14",pending-review,,
src/Resources/TortoiseProcENG.rc,IDD_ABOUT,IDOK,1,DEFPUSHBUTTON,OK,"DEFPUSHBUTTON   ""OK"",IDOK,276,244,50,14",pending-review,,
src/Resources/TortoiseProcENG.rc,IDD_ABOUT,IDC_STATIC,2,LTEXT,based on TortoiseSVN (https://tortoisesvn.net/),"LTEXT           ""based on TortoiseSVN (https://tortoisesvn.net/)"",IDC_STATIC,13,71,310,8",pending-review,,
src/Resources/TortoiseProcENG.rc,IDD_ADD,IDC_ADDLIST,1,CONTROL,,"CONTROL         """",IDC_ADDLIST,""SysListView32"",LVS_REPORT | LVS_SHOWSELALWAYS | LVS_ALIGNLEFT | WS_BORDER | WS_TABSTOP,7,7,230,107",pending-review,,
src/Resources/TortoiseProcENG.rc,IDD_ADD,IDC_SELECTALL,1,CONTROL,Select/deselect &all,"CONTROL         ""Select/deselect &all"",IDC_SELECTALL,""Button"",BS_AUTO3STATE | WS_TABSTOP,7,119,78,10",pending-review,,
src/Resources/TortoiseProcENG.rc,IDD_ADD,IDC_INCLUDE_IGNORED,1,CONTROL,Include &ignored files,"CONTROL         ""Include &ignored files"",IDC_INCLUDE_IGNORED,""Button"",BS_AUTOCHECKBOX | WS_TABSTOP,89,119,78,10",pending-review,,
src/Resources/TortoiseProcENG.rc,IDD_ADD,IDOK,1,DEFPUSHBUTTON,OK,"DEFPUSHBUTTON   ""OK"",IDOK,73,133,50,14",pending-review,,
src/Resources/TortoiseProcENG.rc,IDD_ADD,IDCANCEL,1,PUSHBUTTON,Cancel,"PUSHBUTTON      ""Cancel"",IDCANCEL,131,133,50,14",pending-review,,
src/Resources/TortoiseProcENG.rc,IDD_ADD,IDHELP,1,PUSHBUTTON,Help,"PUSHBUTTON      ""Help"",IDHELP,187,133,50,14",pending-review,,
src/Resources/TortoiseProcENG.rc,IDD_CHANGEDFILES,IDC_BRANCH,1,CONTROL,,"CONTROL         """",IDC_BRANCH,""SysLink"",LWS_USEVISUALSTYLE | LWS_NOPREFIX | WS_TABSTOP,7,2,506,9",pending-review,,
src/Resources/TortoiseProcENG.rc,IDD_CHANGEDFILES,IDC_CHANGEDLIST,1,CONTROL,,"CONTROL         """",IDC_CHANGEDLIST,""SysListView32"",LVS_REPORT | LVS_SHOWSELALWAYS | LVS_ALIGNLEFT | WS_BORDER | WS_TABSTOP,7,14,506,152",pending-review,,
src/Resources/TortoiseProcENG.rc,IDD_CHANGEDFILES,IDC_SHOWUNVERSIONED,1,CONTROL,Show un&versioned files,"CONTROL         ""Show un&versioned files"",IDC_SHOWUNVERSIONED,""Button"",BS_AUTOCHECKBOX | WS_TABSTOP,7,171,260,10",pending-review,,
src/Resources/TortoiseProcENG.rc,IDD_CHANGEDFILES,IDC_SHOWLOCALCHANGESIGNORED,1,CONTROL,Show ignore local changes flagged files,"CONTROL         ""Show ignore local changes flagged files"",IDC_SHOWLOCALCHANGESIGNORED, ""Button"",BS_AUTOCHECKBOX | WS_TABSTOP,7,181,263,10",pending-review,,
src/Resources/TortoiseProcENG.rc,IDD_CHANGEDFILES,IDC_SHOWIGNORED,1,CONTROL,Show i&gnored files,"CONTROL         ""Show i&gnored files"",IDC_SHOWIGNORED,""Button"",BS_AUTOCHECKBOX | WS_TABSTOP,7,191,263,10",pending-review,,
src/Resources/TortoiseProcENG.rc,IDD_CHANGEDFILES,IDC_SHOWUNMODIFIED,1,CONTROL,Show un&modified files,"CONTROL         ""Show un&modified files"",IDC_SHOWUNMODIFIED,""Button"",BS_AUTOCHECKBOX | NOT WS_VISIBLE | WS_TABSTOP,7,201,263,10",pending-review,,
src/Resources/TortoiseProcENG.rc,IDD_CHANGEDFILES,IDC_SHOWSTAGED,1,CONTROL,Show all &staged files,"CONTROL         ""Show all &staged files"",IDC_SHOWSTAGED,""Button"",BS_AUTOCHECKBOX | WS_TABSTOP,7,201,263,10",pending-review,,
src/Resources/TortoiseProcENG.rc,IDD_CHANGEDFILES,IDC_WHOLE_PROJECT,1,CONTROL,Show &Whole Project,"CONTROL         ""Show &Whole Project"",IDC_WHOLE_PROJECT,""Button"",BS_AUTOCHECKBOX | WS_TABSTOP,7,211,263,10",pending-review,,
src/Resources/TortoiseProcENG.rc,IDD_CHANGEDFILES,IDC_SUMMARYTEXT,1,LTEXT,,"LTEXT           """",IDC_SUMMARYTEXT,294,193,219,13",pending-review,,
src/Resources/TortoiseProcENG.rc,IDD_CHANGEDFILES,IDC_INFOLABEL,1,EDITTEXT,,"EDITTEXT        IDC_INFOLABEL,294,169,219,23,ES_MULTILINE | ES_READONLY | NOT WS_BORDER",pending-review,,
src/Resources/TortoiseProcENG.rc,IDD_CHANGEDFILES,IDC_BUTTON_UNIFIEDDIFF,1,PUSHBUTTON,Save unified diff,"PUSHBUTTON      ""Save unified diff"",IDC_BUTTON_UNIFIEDDIFF,109,222,119,14",pending-review,,
src/Resources/TortoiseProcENG.rc,IDD_CHANGEDFILES,IDC_BUTTON_STASH,1,PUSHBUTTON,Stash,"PUSHBUTTON      ""Stash"",IDC_BUTTON_STASH,236,222,68,14",pending-review,,
src/Resources/TortoiseProcENG.rc,IDD_CHANGEDFILES,IDC_COMMIT,1,PUSHBUTTON,Commit,"PUSHBUTTON      ""Commit"",IDC_COMMIT,312,222,67,14",pending-review,,
src/Resources/TortoiseProcENG.rc,IDD_CHANGEDFILES,IDC_REFRESH,1,PUSHBUTTON,&Refresh,"PUSHBUTTON      ""&Refresh"",IDC_REFRESH,388,222,67,14",pending-review,,
src/Resources/TortoiseProcENG.rc,IDD_CHANGEDFILES,IDOK,1,DEFPUSHBUTTON,OK,"DEFPUSHBUTTON   ""OK"",IDOK,463,222,50,14",pending-review,,
src/Resources/TortoiseProcENG.rc,IDD_LOGMESSAGE,IDC_STATIC_REF,1,LTEXT,Branch,"LTEXT           ""Branch"",IDC_STATIC_REF,7,5,88,15,SS_NOPREFIX | SS_NOTIFY | SS_CENTERIMAGE | SS_ENDELLIPSIS",pending-review,,
src/Resources/TortoiseProcENG.rc,IDD_LOGMESSAGE,IDC_FROMLABEL,1,LTEXT,From:,"LTEXT           ""From:"",IDC_FROMLABEL,99,5,82,15,SS_CENTERIMAGE",pending-review,,
src/Resources/TortoiseProcENG.rc,IDD_LOGMESSAGE,IDC_DATEFROM,1,CONTROL,,"CONTROL         """",IDC_DATEFROM,""SysDateTimePick32"",DTS_RIGHTALIGN | WS_TABSTOP,122,5,57,15",pending-review,,
src/Resources/TortoiseProcENG.rc,IDD_LOGMESSAGE,IDC_TOLABEL,1,LTEXT,To:,"LTEXT           ""To:"",IDC_TOLABEL,188,5,19,15,SS_CENTERIMAGE",pending-review,,
src/Resources/TortoiseProcENG.rc,IDD_LOGMESSAGE,IDC_DATETO,1,CONTROL,,"CONTROL         """",IDC_DATETO,""SysDateTimePick32"",DTS_RIGHTALIGN | WS_TABSTOP,207,5,55,15",pending-review,,
src/Resources/TortoiseProcENG.rc,IDD_LOGMESSAGE,IDC_SEARCHEDIT,1,EDITTEXT,,"EDITTEXT        IDC_SEARCHEDIT,264,5,45,15,ES_MULTILINE | ES_AUTOHSCROLL | ES_WANTRETURN",pending-review,,
src/Resources/TortoiseProcENG.rc,IDD_LOGMESSAGE,IDC_LOG_JUMPTYPE,1,COMBOBOX,,"COMBOBOX        IDC_LOG_JUMPTYPE,312,6,70,64,CBS_DROPDOWNLIST | WS_VSCROLL | WS_TABSTOP",pending-review,,
src/Resources/TortoiseProcENG.rc,IDD_LOGMESSAGE,IDC_LOG_JUMPUP,1,PUSHBUTTON,,"PUSHBUTTON      """",IDC_LOG_JUMPUP,385,5,14,14,WS_TABSTOP | BS_ICON",pending-review,,
src/Resources/TortoiseProcENG.rc,IDD_LOGMESSAGE,IDC_LOG_JUMPDOWN,1,PUSHBUTTON,,"PUSHBUTTON      """",IDC_LOG_JUMPDOWN,400,5,14,14,WS_TABSTOP | BS_ICON",pending-review,,
src/Resources/TortoiseProcENG.rc,IDD_LOGMESSAGE,IDC_LOGLIST,1,CONTROL,,"CONTROL         """",IDC_LOGLIST,""SysListView32"",LVS_REPORT | LVS_SHOWSELALWAYS | LVS_ALIGNLEFT | LVS_OWNERDATA | WS_BORDER | WS_TABSTOP,7,24,407,57",pending-review,,
src/Resources/TortoiseProcENG.rc,IDD_LOGMESSAGE,IDC_SPLITTERTOP,1,CONTROL,,"CONTROL         """",IDC_SPLITTERTOP,""Static"",SS_BLACKFRAME,7,81,407,5",pending-review,,
src/Resources/TortoiseProcENG.rc,IDD_LOGMESSAGE,IDC_MSGVIEW,1,CONTROL,,"CONTROL         """",IDC_MSGVIEW,""RichEdit50W"",ES_MULTILINE | ES_READONLY | ES_WANTRETURN | WS_BORDER | WS_VSCROLL | WS_TABSTOP,7,86,407,56",pending-review,,
src/Resources/TortoiseProcENG.rc,IDD_LOGMESSAGE,IDC_PIC_AUTHOR,1,CONTROL,,"CONTROL         """",IDC_PIC_AUTHOR,""Static"",SS_BLACKFRAME,361,86,53,49",pending-review,,
src/Resources/TortoiseProcENG.rc,IDD_LOGMESSAGE,IDC_SPLITTERBOTTOM,1,CONTROL,,"CONTROL         """",IDC_SPLITTERBOTTOM,""Static"",SS_BLACKFRAME,7,142,407,4",pending-review,,
src/Resources/TortoiseProcENG.rc,IDD_LOGMESSAGE,IDC_LOGMSG,1,CONTROL,,"CONTROL         """",IDC_LOGMSG,""SysListView32"",LVS_REPORT | LVS_SHOWSELALWAYS | LVS_ALIGNLEFT | WS_BORDER | WS_TABSTOP,7,147,407,57",pending-review,,
src/Resources/TortoiseProcENG.rc,IDD_LOGMESSAGE,IDC_LOGINFO,1,EDITTEXT,,"EDITTEXT        IDC_LOGINFO,7,208,407,12,ES_MULTILINE | ES_READONLY | NOT WS_BORDER",pending-review,,
src/Resources/TortoiseProcENG.rc,IDD_LOGMESSAGE,IDC_WHOLE_PROJECT,1,CONTROL,Show &Whole Project,"CONTROL         ""Show &Whole Project"",IDC_WHOLE_PROJECT,""Button"",BS_AUTOCHECKBOX | WS_TABSTOP,7,221,138,10",pending-review,,
src/Resources/TortoiseProcENG.rc,IDD_LOGMESSAGE,IDC_LOG_ALLBRANCH,1,CONTROL,&All Branches,"CONTROL         ""&All Branches"",IDC_LOG_ALLBRANCH,""Button"",BS_3STATE | WS_TABSTOP,7,232,138,10",pending-review,,
src/Resources/TortoiseProcENG.rc,IDD_LOGMESSAGE,IDC_FILTER,1,EDITTEXT,,"EDITTEXT        IDC_FILTER,148,225,208,14,ES_MULTILINE | ES_AUTOHSCROLL",pending-review,,
src/Resources/TortoiseProcENG.rc,IDD_LOGMESSAGE,IDHELP,1,PUSHBUTTON,Help,"PUSHBUTTON      ""Help"",IDHELP,364,225,50,14",pending-review,,
src/Resources/TortoiseProcENG.rc,IDD_LOGMESSAGE,IDC_REFRESH,1,PUSHBUTTON,Refresh,"PUSHBUTTON      ""Refresh"",IDC_REFRESH,7,244,76,14",pending-review,,
src/Resources/TortoiseProcENG.rc,IDD_LOGMESSAGE,IDC_STATBUTTON,1,PUSHBUTTON,S&tatistics,"PUSHBUTTON      ""S&tatistics"",IDC_STATBUTTON,86,244,64,14,WS_DISABLED",pending-review,,
src/Resources/TortoiseProcENG.rc,IDD_LOGMESSAGE,IDC_WALKBEHAVIOUR,1,PUSHBUTTON,Walk Be&havior,"PUSHBUTTON      ""Walk Be&havior"",IDC_WALKBEHAVIOUR,153,244,80,14,BS_CHECKBOX",pending-review,,
src/Resources/TortoiseProcENG.rc,IDD_LOGMESSAGE,IDC_VIEW,1,PUSHBUTTON,&View,"PUSHBUTTON      ""&View"",IDC_VIEW,236,244,50,14,BS_CHECKBOX",pending-review,,
src/Resources/TortoiseProcENG.rc,IDD_LOGMESSAGE,IDOK,1,DEFPUSHBUTTON,OK,"DEFPUSHBUTTON   ""OK"",IDOK,305,244,52,14",partial-native-replacement,Sources/TurtleGitMac/LogWindow.swift,Commit chooser OK accepts exactly one loaded revision; Cancel preserves draft. Native selection/search guards verified; broader Log parity pending.
src/Resources/TortoiseProcENG.rc,IDD_LOGMESSAGE,IDCANCEL,1,PUSHBUTTON,Cancel,"PUSHBUTTON      ""Cancel"",IDCANCEL,364,244,50,14",partial-native-replacement,Sources/TurtleGitMac/LogWindow.swift,Commit chooser OK accepts exactly one loaded revision; Cancel preserves draft. Native selection/search guards verified; broader Log parity pending.
src/Resources/TortoiseProcENG.rc,IDD_LOGMESSAGE,IDC_PROGRESS,1,CONTROL,,"CONTROL         """",IDC_PROGRESS,""msctls_progress32"",NOT WS_VISIBLE | WS_BORDER,87,246,212,10",pending-review,,
src/Resources/TortoiseProcENG.rc,IDD_COMMITDLG,IDC_COMMITLABEL,1,LTEXT,Commit to:,"LTEXT           ""Commit to:"",IDC_COMMITLABEL,6,7,46,8",partial-native,CommitDialog header,See COMMIT-PARITY.md for evidence and remaining conditional/runtime checks.
src/Resources/TortoiseProcENG.rc,IDD_COMMITDLG,IDC_COMMIT_TO,1,EDITTEXT,,"EDITTEXT        IDC_COMMIT_TO,48,7,68,12,ES_AUTOHSCROLL | ES_READONLY | NOT WS_BORDER",partial-native,CommitWindowModel.branch,See COMMIT-PARITY.md for evidence and remaining conditional/runtime checks.
src/Resources/TortoiseProcENG.rc,IDD_COMMITDLG,IDC_NEWBRANCH,1,EDITTEXT,,"EDITTEXT        IDC_NEWBRANCH,46,5,68,12,ES_AUTOHSCROLL | NOT WS_VISIBLE",partial-native,CommitWindowModel.newBranch,See COMMIT-PARITY.md for evidence and remaining conditional/runtime checks.
src/Resources/TortoiseProcENG.rc,IDD_COMMITDLG,IDC_CHECK_NEWBRANCH,1,CONTROL,new branch,"CONTROL         ""new branch"",IDC_CHECK_NEWBRANCH,""Button"",BS_AUTOCHECKBOX | WS_TABSTOP,117,5,66,12",partial-native,CommitWindowModel.createBranch,See COMMIT-PARITY.md for evidence and remaining conditional/runtime checks.
src/Resources/TortoiseProcENG.rc,IDD_COMMITDLG,IDC_BUGIDLABEL,1,LTEXT,Bug-ID/Issue-Nr:,"LTEXT           ""Bug-ID/Issue-Nr:"",IDC_BUGIDLABEL,177,6,68,8,0,WS_EX_RIGHT",pending-review,,
src/Resources/TortoiseProcENG.rc,IDD_COMMITDLG,IDC_BUGTRAQBUTTON,1,PUSHBUTTON,{BugTraq},"PUSHBUTTON      ""{BugTraq}"",IDC_BUGTRAQBUTTON,299,3,53,14,NOT WS_VISIBLE | WS_DISABLED",pending-review,,
src/Resources/TortoiseProcENG.rc,IDD_COMMITDLG,IDC_BUGID,1,EDITTEXT,,"EDITTEXT        IDC_BUGID,249,3,46,14,ES_AUTOHSCROLL",pending-review,,
src/Resources/TortoiseProcENG.rc,IDD_COMMITDLG,IDC_LOGMESSAGE,1,CONTROL,Scintilla,"CONTROL         ""Scintilla"",IDC_LOGMESSAGE,""Scintilla"",WS_TABSTOP,13,32,331,72,WS_EX_STATICEDGE",partial-native,CommitWindowModel.message,See COMMIT-PARITY.md for evidence and remaining conditional/runtime checks.
src/Resources/TortoiseProcENG.rc,IDD_COMMITDLG,IDC_COMMIT_AMEND,1,CONTROL,Amend &Last Commit,"CONTROL         ""Amend &Last Commit"",IDC_COMMIT_AMEND,""Button"",BS_AUTOCHECKBOX | WS_DISABLED | WS_TABSTOP,14,111,135,10",partial-native,CommitWindowModel.amend,See COMMIT-PARITY.md for evidence and remaining conditional/runtime checks.
src/Resources/TortoiseProcENG.rc,IDD_COMMITDLG,IDC_COMMIT_AMENDDIFF,1,CONTROL,Show diff to last commit,"CONTROL         ""Show diff to last commit"",IDC_COMMIT_AMENDDIFF,""Button"",BS_AUTOCHECKBOX | NOT WS_VISIBLE | WS_DISABLED | WS_TABSTOP,212,110,132,10",partial-native,CommitWindowModel.amendDiffToLastCommit,See COMMIT-PARITY.md for evidence and remaining conditional/runtime checks.
src/Resources/TortoiseProcENG.rc,IDD_COMMITDLG,IDC_COMMIT_SETDATETIME,1,CONTROL,Set author &date,"CONTROL         ""Set author &date"",IDC_COMMIT_SETDATETIME,""Button"",BS_AUTOCHECKBOX | WS_TABSTOP,14,125,102,10",partial-native,CommitWindowModel.setAuthorDate,See COMMIT-PARITY.md for evidence and remaining conditional/runtime checks.
src/Resources/TortoiseProcENG.rc,IDD_COMMITDLG,IDC_COMMIT_DATEPICKER,1,CONTROL,,"CONTROL         """",IDC_COMMIT_DATEPICKER,""SysDateTimePick32"",DTS_RIGHTALIGN | NOT WS_VISIBLE | WS_TABSTOP,123,123,66,13,WS_EX_RIGHT",partial-native,CommitDatePicker AppKit date/time fields,Native second editing and author override amendment verified; Reset disables both controls and commits current time. Locale/DST checks pending. See COMMIT-PARITY.md.
src/Resources/TortoiseProcENG.rc,IDD_COMMITDLG,IDC_COMMIT_TIMEPICKER,1,CONTROL,,"CONTROL         """",IDC_COMMIT_TIMEPICKER,""SysDateTimePick32"",DTS_RIGHTALIGN | DTS_UPDOWN | NOT WS_VISIBLE | WS_TABSTOP | 0x8,193,123,61,13",partial-native,CommitDatePicker AppKit date/time fields,Native second editing and author override amendment verified; Reset disables both controls and commits current time. Locale/DST checks pending. See COMMIT-PARITY.md.
src/Resources/TortoiseProcENG.rc,IDD_COMMITDLG,IDC_COMMIT_AS_COMMIT_DATE,1,CONTROL,Reset,"CONTROL         ""Reset"",IDC_COMMIT_AS_COMMIT_DATE,""Button"",BS_AUTOCHECKBOX | NOT WS_VISIBLE | WS_DISABLED | WS_TABSTOP,259,125,85,10",partial-native,CommitWindowModel.resetAuthorDate,See COMMIT-PARITY.md for evidence and remaining conditional/runtime checks.
src/Resources/TortoiseProcENG.rc,IDD_COMMITDLG,IDC_COMMIT_SETAUTHOR,1,CONTROL,Set au&thor,"CONTROL         ""Set au&thor"",IDC_COMMIT_SETAUTHOR,""Button"",BS_AUTOCHECKBOX | WS_TABSTOP,14,139,102,10",partial-native,CommitWindowModel.setAuthor,See COMMIT-PARITY.md for evidence and remaining conditional/runtime checks.
src/Resources/TortoiseProcENG.rc,IDD_COMMITDLG,IDC_COMMIT_AUTHORDATA,1,EDITTEXT,,"EDITTEXT        IDC_COMMIT_AUTHORDATA,123,137,119,13,ES_AUTOHSCROLL",partial-native,CommitWindowModel.author,See COMMIT-PARITY.md for evidence and remaining conditional/runtime checks.
src/Resources/TortoiseProcENG.rc,IDD_COMMITDLG,IDC_SIGNOFF,1,PUSHBUTTON,Add &Signed-off-by,"PUSHBUTTON      ""Add &Signed-off-by"",IDC_SIGNOFF,258,137,86,13",partial-native,CommitWindowModel.addSignOff,See COMMIT-PARITY.md for evidence and remaining conditional/runtime checks.
src/Resources/TortoiseProcENG.rc,IDD_COMMITDLG,IDC_SPLITTER,1,CONTROL,,"CONTROL         """",IDC_SPLITTER,""Static"",SS_BLACKFRAME,6,157,346,5,WS_EX_TRANSPARENT",partial-native,CommitDialog saved native SwiftUI divider,"Native drag limits, adjustment actions, reopen persistence and minimum-window clamping verified; broader appearance/VoiceOver/conditional layout checks pending. See COMMIT-PARITY.md."
src/Resources/TortoiseProcENG.rc,IDD_COMMITDLG,IDC_SELECTLABEL,1,LTEXT,Check:,"LTEXT           ""Check:"",IDC_SELECTLABEL,14,172,41,8",partial-native,CommitDialog changesSection,See COMMIT-PARITY.md for evidence and remaining conditional/runtime checks.
src/Resources/TortoiseProcENG.rc,IDD_COMMITDLG,IDC_CHECKALL,1,LTEXT,&All,"LTEXT           ""&All"",IDC_CHECKALL,55,172,14,8",partial-native,CommitDialog category links,See COMMIT-PARITY.md for evidence and remaining conditional/runtime checks.
src/Resources/TortoiseProcENG.rc,IDD_COMMITDLG,IDC_CHECKNONE,1,LTEXT,&None,"LTEXT           ""&None"",IDC_CHECKNONE,72,172,18,8",partial-native,CommitDialog category links,See COMMIT-PARITY.md for evidence and remaining conditional/runtime checks.
src/Resources/TortoiseProcENG.rc,IDD_COMMITDLG,IDC_CHECKUNVERSIONED,1,LTEXT,Unversioned,"LTEXT           ""Unversioned"",IDC_CHECKUNVERSIONED,92,172,41,8",partial-native,CommitDialog category links,See COMMIT-PARITY.md for evidence and remaining conditional/runtime checks.
src/Resources/TortoiseProcENG.rc,IDD_COMMITDLG,IDC_CHECKVERSIONED,1,LTEXT,Versioned,"LTEXT           ""Versioned"",IDC_CHECKVERSIONED,139,172,34,8",partial-native,CommitDialog category links,See COMMIT-PARITY.md for evidence and remaining conditional/runtime checks.
src/Resources/TortoiseProcENG.rc,IDD_COMMITDLG,IDC_CHECKADDED,1,LTEXT,Added,"LTEXT           ""Added"",IDC_CHECKADDED,175,172,22,8",partial-native,CommitDialog category links,See COMMIT-PARITY.md for evidence and remaining conditional/runtime checks.
src/Resources/TortoiseProcENG.rc,IDD_COMMITDLG,IDC_CHECKDELETED,1,LTEXT,Deleted,"LTEXT           ""Deleted"",IDC_CHECKDELETED,200,172,26,8",partial-native,CommitDialog category links,See COMMIT-PARITY.md for evidence and remaining conditional/runtime checks.
src/Resources/TortoiseProcENG.rc,IDD_COMMITDLG,IDC_CHECKMODIFIED,1,LTEXT,Modified,"LTEXT           ""Modified"",IDC_CHECKMODIFIED,229,172,28,8",partial-native,CommitDialog category links,See COMMIT-PARITY.md for evidence and remaining conditional/runtime checks.
src/Resources/TortoiseProcENG.rc,IDD_COMMITDLG,IDC_CHECKFILES,1,LTEXT,Files,"LTEXT           ""Files"",IDC_CHECKFILES,264,172,15,8",partial-native,CommitDialog category links,See COMMIT-PARITY.md for evidence and remaining conditional/runtime checks.
src/Resources/TortoiseProcENG.rc,IDD_COMMITDLG,IDC_CHECKSUBMODULES,1,LTEXT,Submodules,"LTEXT           ""Submodules"",IDC_CHECKSUBMODULES,285,172,47,8",partial-native,CommitDialog category links,See COMMIT-PARITY.md for evidence and remaining conditional/runtime checks.
src/Resources/TortoiseProcENG.rc,IDD_COMMITDLG,IDC_FILELIST,1,CONTROL,,"CONTROL         """",IDC_FILELIST,""SysListView32"",LVS_REPORT | LVS_SHOWSELALWAYS | LVS_ALIGNLEFT | WS_BORDER | WS_TABSTOP,14,184,330,62",partial-native,CommitDialog.fileTable,See COMMIT-PARITY.md for evidence and remaining conditional/runtime checks.
src/Resources/TortoiseProcENG.rc,IDD_COMMITDLG,IDC_STAGINGSUPPORT,1,CONTROL,Staging support (EXPERIMENTAL),"CONTROL         ""Staging support (EXPERIMENTAL)"",IDC_STAGINGSUPPORT, ""Button"",BS_AUTOCHECKBOX | WS_TABSTOP,14,252,180,10",partial-native,CommitWindowModel.stagingEnabled,See COMMIT-PARITY.md for evidence and remaining conditional/runtime checks.
src/Resources/TortoiseProcENG.rc,IDD_COMMITDLG,IDC_SHOWUNVERSIONED,1,CONTROL,Show &Unversioned Files,"CONTROL         ""Show &Unversioned Files"",IDC_SHOWUNVERSIONED,""Button"",BS_AUTOCHECKBOX | WS_TABSTOP,14,263,135,10",partial-native,CommitWindowModel.showUnversioned,See COMMIT-PARITY.md for evidence and remaining conditional/runtime checks.
src/Resources/TortoiseProcENG.rc,IDD_COMMITDLG,IDC_STATISTICS,1,LTEXT,,"LTEXT           """",IDC_STATISTICS,149,247,195,8,0,WS_EX_RIGHT",partial-native,CommitDialog changesSection,See COMMIT-PARITY.md for evidence and remaining conditional/runtime checks.
src/Resources/TortoiseProcENG.rc,IDD_COMMITDLG,IDC_PARTIAL_STAGING,1,RTEXT,Partial Staging>>,"RTEXT           ""Partial Staging>>"",IDC_PARTIAL_STAGING,259,268,76,8,NOT WS_VISIBLE | WS_DISABLED",partial-native,CommitWindowModel.showPartial(false),See COMMIT-PARITY.md for evidence and remaining conditional/runtime checks.
src/Resources/TortoiseProcENG.rc,IDD_COMMITDLG,IDC_PARTIAL_UNSTAGING,1,RTEXT,Partial Unstaging>>,"RTEXT           ""Partial Unstaging>>"",IDC_PARTIAL_UNSTAGING,259,276,76,8,NOT WS_VISIBLE | WS_DISABLED",partial-native,CommitWindowModel.showPartial(true),See COMMIT-PARITY.md for evidence and remaining conditional/runtime checks.
src/Resources/TortoiseProcENG.rc,IDD_COMMITDLG,IDC_NOAUTOSELECTSUBMODULES,1,CONTROL,Do not autoselect submodules,"CONTROL         ""Do not autoselect submodules"",IDC_NOAUTOSELECTSUBMODULES, ""Button"",BS_AUTOCHECKBOX | WS_TABSTOP,14,274,147,10",partial-native,CommitWindowModel.doNotAutoselectSubmodules,See COMMIT-PARITY.md for evidence and remaining conditional/runtime checks.
src/Resources/TortoiseProcENG.rc,IDD_COMMITDLG,IDC_VIEW_PATCH,1,RTEXT,View Patch>>,"RTEXT           ""View Patch>>"",IDC_VIEW_PATCH,259,260,76,8",partial-native,CommitWindowController read-only PatchWindow,Native combined HEAD/working-tree preview and context menu verified; amend/highlight/lifecycle combinations pending. See COMMIT-PARITY.md.
src/Resources/TortoiseProcENG.rc,IDD_COMMITDLG,IDC_WHOLE_PROJECT,1,CONTROL,Show &Whole Project,"CONTROL         ""Show &Whole Project"",IDC_WHOLE_PROJECT,""Button"",BS_AUTOCHECKBOX | WS_TABSTOP,14,290,109,10",partial-native,CommitWindowModel.showWholeProject,See COMMIT-PARITY.md for evidence and remaining conditional/runtime checks.
src/Resources/TortoiseProcENG.rc,IDD_COMMITDLG,IDC_COMMIT_MESSAGEONLY,1,CONTROL,Message onl&y,"CONTROL         ""Message onl&y"",IDC_COMMIT_MESSAGEONLY,""Button"",BS_AUTOCHECKBOX | WS_TABSTOP,14,301,107,10",partial-native,CommitWindowModel.messageOnly,See COMMIT-PARITY.md for evidence and remaining conditional/runtime checks.
src/Resources/TortoiseProcENG.rc,IDD_COMMITDLG,IDOK,1,PUSHBUTTON,C&ommit,"PUSHBUTTON      ""C&ommit"",IDOK,171,297,69,14,WS_DISABLED",partial-native,CommitWindowModel.commit and Commit actions menu,See COMMIT-PARITY.md for evidence and remaining conditional/runtime checks.
src/Resources/TortoiseProcENG.rc,IDD_COMMITDLG,IDCANCEL,1,PUSHBUTTON,Cancel,"PUSHBUTTON      ""Cancel"",IDCANCEL,247,297,50,14",partial-native,CommitWindowModel.close,See COMMIT-PARITY.md for evidence and remaining conditional/runtime checks.
src/Resources/TortoiseProcENG.rc,IDD_COMMITDLG,IDHELP,1,PUSHBUTTON,Help,"PUSHBUTTON      ""Help"",IDHELP,302,297,50,14",partial-native,Official Commit manual,See COMMIT-PARITY.md for evidence and remaining conditional/runtime checks.
src/Resources/TortoiseProcENG.rc,IDD_COMMITDLG,IDC_MESSAGEGROUP,1,GROUPBOX,&Message:,"GROUPBOX        ""&Message:"",IDC_MESSAGEGROUP,6,19,346,135",partial-native,CommitDialog.messageSection,See COMMIT-PARITY.md for evidence and remaining conditional/runtime checks.
src/Resources/TortoiseProcENG.rc,IDD_COMMITDLG,IDC_LISTGROUP,1,GROUPBOX,"Changes made (F5: refresh, double-click on file for diff):","GROUPBOX        ""Changes made (F5: refresh, double-click on file for diff):"",IDC_LISTGROUP,6,162,346,126",partial-native,CommitDialog.changesSection,See COMMIT-PARITY.md for evidence and remaining conditional/runtime checks.
src/Resources/TortoiseProcENG.rc,IDD_COMMITDLG,IDC_TEXT_INFO,1,LTEXT,,"LTEXT           """",IDC_TEXT_INFO,299,105,45,8,0,WS_EX_RIGHT",partial-native,CommitDialog character count,See COMMIT-PARITY.md for evidence and remaining conditional/runtime checks.
src/Resources/TortoiseProcENG.rc,IDD_COMMITDLG,IDC_MERGEACTIVE,1,ICON,IDI_MERGEACTIVE,"ICON            IDI_MERGEACTIVE,IDC_MERGEACTIVE,147,291,18,17,SS_NOTIFY | SS_REALSIZEIMAGE | NOT WS_VISIBLE,WS_EX_TRANSPARENT",pending-review,,
src/Resources/TortoiseProcENG.rc,IDD_PROMPT,IDC_INFOTEXT,1,LTEXT,&Username:,"LTEXT           ""&Username:"",IDC_INFOTEXT,7,9,64,9",pending-review,,
src/Resources/TortoiseProcENG.rc,IDD_PROMPT,IDC_PASSEDIT,1,EDITTEXT,,"EDITTEXT        IDC_PASSEDIT,74,7,160,14,ES_AUTOHSCROLL",pending-review,,
src/Resources/TortoiseProcENG.rc,IDD_PROMPT,IDC_SAVECHECK,1,CONTROL,&Save authentication,"CONTROL         ""&Save authentication"",IDC_SAVECHECK,""Button"",BS_AUTOCHECKBOX | WS_TABSTOP,7,22,227,10",pending-review,,
src/Resources/TortoiseProcENG.rc,IDD_PROMPT,IDOK,1,DEFPUSHBUTTON,OK,"DEFPUSHBUTTON   ""OK"",IDOK,127,33,50,14",pending-review,,
src/Resources/TortoiseProcENG.rc,IDD_PROMPT,IDCANCEL,1,PUSHBUTTON,Cancel,"PUSHBUTTON      ""Cancel"",IDCANCEL,184,33,50,14",pending-review,,
src/Resources/TortoiseProcENG.rc,IDD_RENAME,IDC_LABEL,1,LTEXT,New &name:,"LTEXT           ""New &name:"",IDC_LABEL,7,27,67,8",partial-native-replacement,Sources/TurtleGitMac/RenameWindow.swift,"Native upstream arrangement; name editing, collision error/correction and OK exercised. Browse, Cancel closure, geometry and shared-dialog consumers pending; docs/RENAME-PARITY.md."
src/Resources/TortoiseProcENG.rc,IDD_RENAME,IDC_NAME,1,EDITTEXT,,"EDITTEXT        IDC_NAME,80,24,148,14,ES_AUTOHSCROLL",partial-native-replacement,Sources/TurtleGitMac/RenameWindow.swift,"Native upstream arrangement; name editing, collision error/correction and OK exercised. Browse, Cancel closure, geometry and shared-dialog consumers pending; docs/RENAME-PARITY.md."
src/Resources/TortoiseProcENG.rc,IDD_RENAME,IDC_BUTTON_BROWSE_REF,1,PUSHBUTTON,&...,"PUSHBUTTON      ""&..."",IDC_BUTTON_BROWSE_REF,235,24,16,14",partial-native-replacement,Sources/TurtleGitMac/RenameWindow.swift,"Native upstream arrangement; name editing, collision error/correction and OK exercised. Browse, Cancel closure, geometry and shared-dialog consumers pending; docs/RENAME-PARITY.md."
src/Resources/TortoiseProcENG.rc,IDD_RENAME,IDOK,1,DEFPUSHBUTTON,OK,"DEFPUSHBUTTON   ""OK"",IDOK,128,48,58,14",partial-native-replacement,Sources/TurtleGitMac/RenameWindow.swift,"Native upstream arrangement; name editing, collision error/correction and OK exercised. Browse, Cancel closure, geometry and shared-dialog consumers pending; docs/RENAME-PARITY.md."
src/Resources/TortoiseProcENG.rc,IDD_RENAME,IDCANCEL,1,PUSHBUTTON,Cancel,"PUSHBUTTON      ""Cancel"",IDCANCEL,192,48,58,14",partial-native-replacement,Sources/TurtleGitMac/RenameWindow.swift,"Native upstream arrangement; name editing, collision error/correction and OK exercised. Browse, Cancel closure, geometry and shared-dialog consumers pending; docs/RENAME-PARITY.md."
src/Resources/TortoiseProcENG.rc,IDD_RENAME,IDC_RENINFOLABEL,1,LTEXT,,"LTEXT           """",IDC_RENINFOLABEL,7,7,243,8",partial-native-replacement,Sources/TurtleGitMac/RenameWindow.swift,"Native upstream arrangement; name editing, collision error/correction and OK exercised. Browse, Cancel closure, geometry and shared-dialog consumers pending; docs/RENAME-PARITY.md."
src/Resources/TortoiseProcENG.rc,IDD_REPOSITORY_BROWSER,IDC_STATIC_REPOURL,1,LTEXT,Path:,"LTEXT           ""Path:"",IDC_STATIC_REPOURL,9,6,26,11",pending-review,,
src/Resources/TortoiseProcENG.rc,IDD_REPOSITORY_BROWSER,IDC_REPOBROWSER_URL,1,EDITTEXT,,"EDITTEXT        IDC_REPOBROWSER_URL,39,6,128,12,ES_READONLY | NOT WS_BORDER",pending-review,,
src/Resources/TortoiseProcENG.rc,IDD_REPOSITORY_BROWSER,IDC_STATIC_REF,1,LTEXT,Revision:,"LTEXT           ""Revision:"",IDC_STATIC_REF,172,6,42,11",pending-review,,
src/Resources/TortoiseProcENG.rc,IDD_REPOSITORY_BROWSER,IDC_BUTTON_REVISION,1,PUSHBUTTON,HEAD,"PUSHBUTTON      ""HEAD"",IDC_BUTTON_REVISION,216,5,193,13",pending-review,,
src/Resources/TortoiseProcENG.rc,IDD_REPOSITORY_BROWSER,IDC_REPOTREE,1,CONTROL,,"CONTROL         """",IDC_REPOTREE,""SysTreeView32"",TVS_HASBUTTONS | TVS_LINESATROOT | TVS_SHOWSELALWAYS | TVS_TRACKSELECT | WS_BORDER | WS_HSCROLL | WS_TABSTOP,7,22,160,227,WS_EX_CLIENTEDGE",pending-review,,
src/Resources/TortoiseProcENG.rc,IDD_REPOSITORY_BROWSER,IDC_REPOLIST,1,CONTROL,,"CONTROL         """",IDC_REPOLIST,""SysListView32"",LVS_REPORT | LVS_SHOWSELALWAYS | LVS_SHAREIMAGELISTS | LVS_ALIGNLEFT | WS_BORDER | WS_TABSTOP,170,22,238,227,WS_EX_CLIENTEDGE",pending-review,,
src/Resources/TortoiseProcENG.rc,IDD_REPOSITORY_BROWSER,IDC_INFOLABEL,1,LTEXT,,"LTEXT           """",IDC_INFOLABEL,7,256,234,16,SS_NOPREFIX,WS_EX_RIGHT",pending-review,,
src/Resources/TortoiseProcENG.rc,IDD_REPOSITORY_BROWSER,IDOK,1,DEFPUSHBUTTON,OK,"DEFPUSHBUTTON   ""OK"",IDOK,246,258,50,14",pending-review,,
src/Resources/TortoiseProcENG.rc,IDD_REPOSITORY_BROWSER,IDCANCEL,1,PUSHBUTTON,Cancel,"PUSHBUTTON      ""Cancel"",IDCANCEL,302,258,50,14",pending-review,,
src/Resources/TortoiseProcENG.rc,IDD_REPOSITORY_BROWSER,IDHELP,1,PUSHBUTTON,Help,"PUSHBUTTON      ""Help"",IDHELP,358,258,50,14",pending-review,,
src/Resources/TortoiseProcENG.rc,IDD_SETTINGSMAIN,IDC_STATIC,1,GROUPBOX,TortoiseGit,"GROUPBOX        ""TortoiseGit"",IDC_STATIC,7,7,286,92",pending-review,,
src/Resources/TortoiseProcENG.rc,IDD_SETTINGSMAIN,IDC_STATIC,2,LTEXT,&Language:,"LTEXT           ""&Language:"",IDC_STATIC,14,20,86,8",pending-review,,
src/Resources/TortoiseProcENG.rc,IDD_SETTINGSMAIN,IDC_LANGUAGECOMBO,1,COMBOBOX,,"COMBOBOX        IDC_LANGUAGECOMBO,108,18,176,64,CBS_DROPDOWNLIST | WS_VSCROLL | WS_TABSTOP",pending-review,,
src/Resources/TortoiseProcENG.rc,IDD_SETTINGSMAIN,IDC_CHECKNEWERVERSION,1,CHECKBOX,Automatically check for &newer versions every week,"CHECKBOX        ""Automatically check for &newer versions every week"",IDC_CHECKNEWERVERSION,14,36,195,18,BS_VCENTER | BS_MULTILINE",pending-review,,
src/Resources/TortoiseProcENG.rc,IDD_SETTINGSMAIN,IDC_CHECKNEWERBUTTON,1,PUSHBUTTON,C&heck now,"PUSHBUTTON      ""C&heck now"",IDC_CHECKNEWERBUTTON,212,38,72,14",pending-review,,
src/Resources/TortoiseProcENG.rc,IDD_SETTINGSMAIN,IDC_RUNFIRSTSTARTWIZARD,1,PUSHBUTTON,Re-run &First Start Wizard,"PUSHBUTTON      ""Re-run &First Start Wizard"",IDC_RUNFIRSTSTARTWIZARD,14,59,192,14",pending-review,,
src/Resources/TortoiseProcENG.rc,IDD_SETTINGSMAIN,IDC_CREATELIB,1,PUSHBUTTON,Create &Library,"PUSHBUTTON      ""Create &Library"",IDC_CREATELIB,212,59,72,14",pending-review,,
src/Resources/TortoiseProcENG.rc,IDD_SETTINGSMAIN,IDC_STATIC,3,GROUPBOX,Git for Windows,"GROUPBOX        ""Git for Windows"",IDC_STATIC,7,113,286,98",pending-review,,
src/Resources/TortoiseProcENG.rc,IDD_SETTINGSMAIN,IDC_STATIC,4,LTEXT,&Git.exe Path:,"LTEXT           ""&Git.exe Path:"",IDC_STATIC,16,132,58,8",pending-review,,
src/Resources/TortoiseProcENG.rc,IDD_SETTINGSMAIN,IDC_MSYSGIT_PATH,1,EDITTEXT,,"EDITTEXT        IDC_MSYSGIT_PATH,78,129,178,14,ES_AUTOHSCROLL",pending-review,,
src/Resources/TortoiseProcENG.rc,IDD_SETTINGSMAIN,IDC_MSYSGIT_BROWSE,1,PUSHBUTTON,...,"PUSHBUTTON      ""..."",IDC_MSYSGIT_BROWSE,265,129,19,14",pending-review,,
src/Resources/TortoiseProcENG.rc,IDD_SETTINGSMAIN,IDC_STATIC,5,LTEXT,&Extra PATH:,"LTEXT           ""&Extra PATH:"",IDC_STATIC,15,155,58,8",pending-review,,
src/Resources/TortoiseProcENG.rc,IDD_SETTINGSMAIN,IDC_MSYSGIT_EXTERN_PATH,1,EDITTEXT,,"EDITTEXT        IDC_MSYSGIT_EXTERN_PATH,78,152,178,14,ES_AUTOHSCROLL",pending-review,,
src/Resources/TortoiseProcENG.rc,IDD_SETTINGSMAIN,IDC_MSYSGIT_VER,1,LTEXT,Version:,"LTEXT           ""Version:"",IDC_MSYSGIT_VER,15,176,141,8",pending-review,,
src/Resources/TortoiseProcENG.rc,IDD_SETTINGSMAIN,IDC_MSYSGIT_CHECK,1,PUSHBUTTON,C&heck now,"PUSHBUTTON      ""C&heck now"",IDC_MSYSGIT_CHECK,212,173,72,14",pending-review,,
src/Resources/TortoiseProcENG.rc,IDD_SETTINGSMAIN,IDC_BUTTON_SHOW_ENV,1,PUSHBUTTON,Show Environment Variables,"PUSHBUTTON      ""Show Environment Variables"",IDC_BUTTON_SHOW_ENV,14,192,129,14",pending-review,,
src/Resources/TortoiseProcENG.rc,IDD_SETTINGSOVERLAY,IDC_STATIC,1,GROUPBOX,Icon Overlays,"GROUPBOX        ""Icon Overlays"",IDC_STATIC,12,7,274,67",pending-review,,
src/Resources/TortoiseProcENG.rc,IDD_SETTINGSOVERLAY,IDC_ONLYEXPLORER,1,CONTROL,Show &overlays and context menu only in explorer,"CONTROL         ""Show &overlays and context menu only in explorer"",IDC_ONLYEXPLORER, ""Button"",BS_AUTOCHECKBOX | WS_TABSTOP,18,17,260,10",pending-review,,
src/Resources/TortoiseProcENG.rc,IDD_SETTINGSOVERLAY,IDC_UNVERSIONEDASMODIFIED,1,CONTROL,Unversioned files mark parent folder as modified,"CONTROL         ""Unversioned files mark parent folder as modified"",IDC_UNVERSIONEDASMODIFIED, ""Button"",BS_AUTOCHECKBOX | WS_TABSTOP,18,30,259,10",pending-review,,
src/Resources/TortoiseProcENG.rc,IDD_SETTINGSOVERLAY,IDC_RECURSIVESUBMODULES,1,CONTROL,Show status of subrepositories in parent folders,"CONTROL         ""Show status of subrepositories in parent folders"",IDC_RECURSIVESUBMODULES, ""Button"",BS_AUTOCHECKBOX | WS_TABSTOP,18,44,259,10",pending-review,,
src/Resources/TortoiseProcENG.rc,IDD_SETTINGSOVERLAY,IDC_ONLYNONELEVATED,1,CONTROL,Disable status cache for elevated processes,"CONTROL         ""Disable status cache for elevated processes"",IDC_ONLYNONELEVATED, ""Button"",BS_AUTOCHECKBOX | WS_TABSTOP,18,59,261,9",pending-review,,
src/Resources/TortoiseProcENG.rc,IDD_SETTINGSOVERLAY,IDC_STATIC,2,GROUPBOX,Status cache,"GROUPBOX        ""Status cache"",IDC_STATIC,12,78,274,22",pending-review,,
src/Resources/TortoiseProcENG.rc,IDD_SETTINGSOVERLAY,IDC_CACHEDEFAULT,1,CONTROL,&Default,"CONTROL         ""&Default"",IDC_CACHEDEFAULT,""Button"",BS_AUTORADIOBUTTON | WS_GROUP,18,87,60,10",pending-review,,
src/Resources/TortoiseProcENG.rc,IDD_SETTINGSOVERLAY,IDC_CACHESHELL2,1,CONTROL,Shell Extended,"CONTROL         ""Shell Extended"",IDC_CACHESHELL2,""Button"",BS_AUTORADIOBUTTON,83,87,83,10",pending-review,,
src/Resources/TortoiseProcENG.rc,IDD_SETTINGSOVERLAY,IDC_CACHESHELL,1,CONTROL,Shell,"CONTROL         ""Shell"",IDC_CACHESHELL,""Button"",BS_AUTORADIOBUTTON,165,87,67,10",pending-review,,
src/Resources/TortoiseProcENG.rc,IDD_SETTINGSOVERLAY,IDC_CACHENONE,1,CONTROL,None,"CONTROL         ""None"",IDC_CACHENONE,""Button"",BS_AUTORADIOBUTTON,231,87,52,10",pending-review,,
src/Resources/TortoiseProcENG.rc,IDD_SETTINGSOVERLAY,IDC_DRIVEGROUP,1,GROUPBOX,Drive Types,"GROUPBOX        ""Drive Types"",IDC_DRIVEGROUP,12,102,274,61",pending-review,,
src/Resources/TortoiseProcENG.rc,IDD_SETTINGSOVERLAY,IDC_FLOPPY,1,CONTROL,Drives A: and B:,"CONTROL         ""Drives A: and B:"",IDC_FLOPPY,""Button"",BS_AUTOCHECKBOX | WS_TABSTOP,18,114,137,10",pending-review,,
src/Resources/TortoiseProcENG.rc,IDD_SETTINGSOVERLAY,IDC_REMOVABLE,1,CONTROL,Re&movable drives,"CONTROL         ""Re&movable drives"",IDC_REMOVABLE,""Button"",BS_AUTOCHECKBOX | WS_TABSTOP,18,125,130,10",pending-review,,
src/Resources/TortoiseProcENG.rc,IDD_SETTINGSOVERLAY,IDC_NETWORK,1,CONTROL,&Network drives,"CONTROL         ""&Network drives"",IDC_NETWORK,""Button"",BS_AUTOCHECKBOX | WS_TABSTOP,18,136,130,10",pending-review,,
src/Resources/TortoiseProcENG.rc,IDD_SETTINGSOVERLAY,IDC_FIXED,1,CONTROL,&Fixed drives,"CONTROL         ""&Fixed drives"",IDC_FIXED,""Button"",BS_AUTOCHECKBOX | WS_TABSTOP,18,149,127,10",pending-review,,
src/Resources/TortoiseProcENG.rc,IDD_SETTINGSOVERLAY,IDC_CDROM,1,CONTROL,&CD-ROM,"CONTROL         ""&CD-ROM"",IDC_CDROM,""Button"",BS_AUTOCHECKBOX | WS_TABSTOP,166,114,118,10",pending-review,,
src/Resources/TortoiseProcENG.rc,IDD_SETTINGSOVERLAY,IDC_RAM,1,CONTROL,R&AM drives,"CONTROL         ""R&AM drives"",IDC_RAM,""Button"",BS_AUTOCHECKBOX | WS_TABSTOP,166,136,112,10",pending-review,,
src/Resources/TortoiseProcENG.rc,IDD_SETTINGSOVERLAY,IDC_UNKNOWN,1,CONTROL,&Unknown drives,"CONTROL         ""&Unknown drives"",IDC_UNKNOWN,""Button"",BS_AUTOCHECKBOX | WS_TABSTOP,166,147,118,10",pending-review,,
src/Resources/TortoiseProcENG.rc,IDD_SETTINGSOVERLAY,IDC_STATIC,3,LTEXT,E&xclude paths:,"LTEXT           ""E&xclude paths:"",IDC_STATIC,18,172,95,8",pending-review,,
src/Resources/TortoiseProcENG.rc,IDD_SETTINGSOVERLAY,IDC_EXCLUDEPATHS,1,EDITTEXT,,"EDITTEXT        IDC_EXCLUDEPATHS,117,165,169,22,ES_MULTILINE | ES_AUTOVSCROLL | ES_AUTOHSCROLL | ES_WANTRETURN | WS_VSCROLL",pending-review,,
src/Resources/TortoiseProcENG.rc,IDD_SETTINGSOVERLAY,IDC_STATIC,4,LTEXT,I&nclude paths:,"LTEXT           ""I&nclude paths:"",IDC_STATIC,18,198,95,8",pending-review,,
src/Resources/TortoiseProcENG.rc,IDD_SETTINGSOVERLAY,IDC_INCLUDEPATHS,1,EDITTEXT,,"EDITTEXT        IDC_INCLUDEPATHS,117,190,169,22,ES_MULTILINE | ES_AUTOVSCROLL | ES_AUTOHSCROLL | ES_WANTRETURN | WS_VSCROLL",pending-review,,
src/Resources/TortoiseProcENG.rc,IDD_SETTINGSOVERLAY,IDC_SHOWEXCLUDEDASNORMAL,1,CONTROL,Show excluded folders as normal,"CONTROL         ""Show excluded folders as normal"",IDC_SHOWEXCLUDEDASNORMAL, ""Button"",BS_AUTOCHECKBOX | WS_TABSTOP,18,217,268,10",pending-review,,
src/Resources/TortoiseProcENG.rc,IDD_SETTINGSOVERLAYHANDLERS,IDC_STATIC,1,GROUPBOX,Enabled Overlay Handlers,"GROUPBOX        ""Enabled Overlay Handlers"",IDC_STATIC,7,7,287,222",pending-review,,
src/Resources/TortoiseProcENG.rc,IDD_SETTINGSOVERLAYHANDLERS,IDC_STATIC,2,LTEXT,You can disable specific Overlay handlers here.\nDisabled handlers won't use up an overlay slot and give other shell extensions a chance to show their overlays.,"LTEXT           ""You can disable specific Overlay handlers here.\nDisabled handlers won't use up an overlay slot and give other shell extensions a chance to show their overlays."",IDC_STATIC,14,18,270,32",pending-review,,
src/Resources/TortoiseProcENG.rc,IDD_SETTINGSOVERLAYHANDLERS,IDC_STATIC,3,LTEXT,"Note: this affects all Tortoise clients, not just TortoiseGit!","LTEXT           ""Note: this affects all Tortoise clients, not just TortoiseGit!"",IDC_STATIC,14,54,270,8",pending-review,,
src/Resources/TortoiseProcENG.rc,IDD_SETTINGSOVERLAYHANDLERS,IDC_SHOWIGNOREDOVERLAY,1,CONTROL,Ignored,"CONTROL         ""Ignored"",IDC_SHOWIGNOREDOVERLAY,""Button"",BS_AUTOCHECKBOX | WS_TABSTOP,14,67,270,10",pending-review,,
src/Resources/TortoiseProcENG.rc,IDD_SETTINGSOVERLAYHANDLERS,IDC_SHOWUNVERSIONEDOVERLAY,1,CONTROL,Unversioned,"CONTROL         ""Unversioned"",IDC_SHOWUNVERSIONEDOVERLAY,""Button"",BS_AUTOCHECKBOX | WS_TABSTOP,14,82,270,10",pending-review,,
src/Resources/TortoiseProcENG.rc,IDD_SETTINGSOVERLAYHANDLERS,IDC_SHOWADDEDOVERLAY,1,CONTROL,Added,"CONTROL         ""Added"",IDC_SHOWADDEDOVERLAY,""Button"",BS_AUTOCHECKBOX | WS_TABSTOP,14,96,269,10",pending-review,,
src/Resources/TortoiseProcENG.rc,IDD_SETTINGSOVERLAYHANDLERS,IDC_SHOWLOCKEDOVERLAY,1,CONTROL,"Skip worktree (""""Locked"""" in TortoiseSVN)","CONTROL         ""Skip worktree (""""Locked"""" in TortoiseSVN)"",IDC_SHOWLOCKEDOVERLAY, ""Button"",BS_AUTOCHECKBOX | WS_TABSTOP,14,112,270,10",pending-review,,
src/Resources/TortoiseProcENG.rc,IDD_SETTINGSOVERLAYHANDLERS,IDC_SHOWREADONLYOVERLAY,1,CONTROL,"Assume valid/unchanged (""""Needs-lock"""" in TortoiseSVN)","CONTROL         ""Assume valid/unchanged (""""Needs-lock"""" in TortoiseSVN)"",IDC_SHOWREADONLYOVERLAY, ""Button"",BS_AUTOCHECKBOX | WS_TABSTOP,14,127,270,10",pending-review,,
src/Resources/TortoiseProcENG.rc,IDD_SETTINGSOVERLAYHANDLERS,IDC_SHOWDELETEDOVERLAY,1,CONTROL,Deleted,"CONTROL         ""Deleted"",IDC_SHOWDELETEDOVERLAY,""Button"",BS_AUTOCHECKBOX | WS_TABSTOP,14,142,270,10",pending-review,,
src/Resources/TortoiseProcENG.rc,IDD_SETTINGSOVERLAYHANDLERS,IDC_HANDLERHINT,1,LTEXT,,"LTEXT           """",IDC_HANDLERHINT,14,159,270,43",pending-review,,
src/Resources/TortoiseProcENG.rc,IDD_SETTINGSOVERLAYHANDLERS,IDC_REGEDT,1,PUSHBUTTON,Start registry editor,"PUSHBUTTON      ""Start registry editor"",IDC_REGEDT,163,208,121,14",pending-review,,
src/Resources/TortoiseProcENG.rc,IDD_SETTINGSPROXY,IDC_ENABLE,1,CONTROL,&Enable Proxy Server,"CONTROL         ""&Enable Proxy Server"",IDC_ENABLE,""Button"",BS_AUTOCHECKBOX | WS_TABSTOP,7,7,286,10",pending-review,,
src/Resources/TortoiseProcENG.rc,IDD_SETTINGSPROXY,IDC_PROXYLABEL1,1,LTEXT,Server &address:,"LTEXT           ""Server &address:"",IDC_PROXYLABEL1,17,36,101,8",pending-review,,
src/Resources/TortoiseProcENG.rc,IDD_SETTINGSPROXY,IDC_SERVERADDRESS,1,EDITTEXT,,"EDITTEXT        IDC_SERVERADDRESS,118,34,101,14,ES_AUTOHSCROLL",pending-review,,
src/Resources/TortoiseProcENG.rc,IDD_SETTINGSPROXY,IDC_PROXYLABEL6,1,LTEXT,&Port:,"LTEXT           ""&Port:"",IDC_PROXYLABEL6,231,37,21,8",pending-review,,
src/Resources/TortoiseProcENG.rc,IDD_SETTINGSPROXY,IDC_SERVERPORT,1,EDITTEXT,,"EDITTEXT        IDC_SERVERPORT,255,34,30,14,ES_AUTOHSCROLL | ES_NUMBER,WS_EX_RIGHT",pending-review,,
src/Resources/TortoiseProcENG.rc,IDD_SETTINGSPROXY,IDC_PROXYLABEL2,1,LTEXT,&Username:,"LTEXT           ""&Username:"",IDC_PROXYLABEL2,17,55,101,8",pending-review,,
src/Resources/TortoiseProcENG.rc,IDD_SETTINGSPROXY,IDC_USERNAME,1,EDITTEXT,,"EDITTEXT        IDC_USERNAME,118,52,101,14,ES_AUTOHSCROLL",pending-review,,
src/Resources/TortoiseProcENG.rc,IDD_SETTINGSPROXY,IDC_PROXYLABEL3,1,LTEXT,&Password:,"LTEXT           ""&Password:"",IDC_PROXYLABEL3,17,74,101,8",pending-review,,
src/Resources/TortoiseProcENG.rc,IDD_SETTINGSPROXY,IDC_PASSWORD,1,EDITTEXT,,"EDITTEXT        IDC_PASSWORD,118,70,101,14,ES_PASSWORD | ES_AUTOHSCROLL",pending-review,,
src/Resources/TortoiseProcENG.rc,IDD_SETTINGSPROXY,IDC_STATIC,1,LTEXT,&SSH client:,"LTEXT           ""&SSH client:"",IDC_STATIC,17,177,101,8",pending-review,,
src/Resources/TortoiseProcENG.rc,IDD_SETTINGSPROXY,IDC_SSHCLIENT,1,EDITTEXT,,"EDITTEXT        IDC_SSHCLIENT,17,188,202,14,ES_AUTOHSCROLL",pending-review,,
src/Resources/TortoiseProcENG.rc,IDD_SETTINGSPROXY,IDC_SSHBROWSE,1,PUSHBUTTON,Browse...,"PUSHBUTTON      ""Browse..."",IDC_SSHBROWSE,235,187,50,14",pending-review,,
src/Resources/TortoiseProcENG.rc,IDD_SETTINGSPROXY,IDC_PROXYGROUP,1,GROUPBOX,Proxy Settings,"GROUPBOX        ""Proxy Settings"",IDC_PROXYGROUP,7,20,286,143",pending-review,,
src/Resources/TortoiseProcENG.rc,IDD_SETTINGSPROXY,IDC_SSHGROUP,1,GROUPBOX,SSH,"GROUPBOX        ""SSH"",IDC_SSHGROUP,7,168,286,42",pending-review,,
src/Resources/TortoiseProcENG.rc,IDD_SETTINGSMTP,IDC_STATIC,1,LTEXT,Delivery:,"LTEXT           ""Delivery:"",IDC_STATIC,7,9,47,8",pending-review,,
src/Resources/TortoiseProcENG.rc,IDD_SETTINGSMTP,IDC_SMTPDELIVERYCOMBO,1,COMBOBOX,,"COMBOBOX        IDC_SMTPDELIVERYCOMBO,69,7,216,64,CBS_DROPDOWNLIST | WS_VSCROLL | WS_TABSTOP",pending-review,,
src/Resources/TortoiseProcENG.rc,IDD_SETTINGSMTP,IDC_STATIC_SMTPSERVER,1,LTEXT,SMTP Server:,"LTEXT           ""SMTP Server:"",IDC_STATIC_SMTPSERVER,7,26,56,8",pending-review,,
src/Resources/TortoiseProcENG.rc,IDD_SETTINGSMTP,IDC_SMTP_SERVER,1,EDITTEXT,,"EDITTEXT        IDC_SMTP_SERVER,69,24,151,14,ES_AUTOHSCROLL",pending-review,,
src/Resources/TortoiseProcENG.rc,IDD_SETTINGSMTP,IDC_STATIC_SMTPPORT,1,LTEXT,Port:,"LTEXT           ""Port:"",IDC_STATIC_SMTPPORT,223,26,19,8",pending-review,,
src/Resources/TortoiseProcENG.rc,IDD_SETTINGSMTP,IDC_SMTP_PORT,1,EDITTEXT,,"EDITTEXT        IDC_SMTP_PORT,247,24,38,14,ES_AUTOHSCROLL | ES_NUMBER,WS_EX_RIGHT",pending-review,,
src/Resources/TortoiseProcENG.rc,IDD_SETTINGSMTP,IDC_STATIC,2,LTEXT,From,"LTEXT           ""From"",IDC_STATIC,7,47,47,8,WS_DISABLED",pending-review,,
src/Resources/TortoiseProcENG.rc,IDD_SETTINGSMTP,IDC_SEND_ADDRESS,1,EDITTEXT,,"EDITTEXT        IDC_SEND_ADDRESS,69,45,216,14,ES_AUTOHSCROLL | WS_DISABLED",pending-review,,
src/Resources/TortoiseProcENG.rc,IDD_SETTINGSMTP,IDC_STATIC_SMTPENCRYPTION,1,LTEXT,Encryption,"LTEXT           ""Encryption"",IDC_STATIC_SMTPENCRYPTION,7,67,47,8,WS_DISABLED",pending-review,,
src/Resources/TortoiseProcENG.rc,IDD_SETTINGSMTP,IDC_SMTPENCRYPTIONCOMBO,1,COMBOBOX,,"COMBOBOX        IDC_SMTPENCRYPTIONCOMBO,69,65,216,64,CBS_DROPDOWNLIST | WS_DISABLED | WS_VSCROLL | WS_TABSTOP",pending-review,,
src/Resources/TortoiseProcENG.rc,IDD_SETTINGSMTP,IDC_SMTP_AUTH,1,CONTROL,SMTP Server requires authentication,"CONTROL         ""SMTP Server requires authentication"",IDC_SMTP_AUTH, ""Button"",BS_AUTOCHECKBOX | WS_TABSTOP,8,84,277,10",pending-review,,
src/Resources/TortoiseProcENG.rc,IDD_SETTINGSMTP,IDC_STATIC,3,GROUPBOX,Credentials,"GROUPBOX        ""Credentials"",IDC_STATIC,17,97,268,51",pending-review,,
src/Resources/TortoiseProcENG.rc,IDD_SETTINGSMTP,IDC_STATIC_SMTPLOGIN,1,LTEXT,Login:,"LTEXT           ""Login:"",IDC_STATIC_SMTPLOGIN,36,110,33,8",pending-review,,
src/Resources/TortoiseProcENG.rc,IDD_SETTINGSMTP,IDC_SMTP_USER,1,EDITTEXT,,"EDITTEXT        IDC_SMTP_USER,77,107,199,14,ES_AUTOHSCROLL | ES_READONLY",pending-review,,
src/Resources/TortoiseProcENG.rc,IDD_SETTINGSMTP,IDC_STORECREDENTIALS,1,PUSHBUTTON,&Store credentials...,"PUSHBUTTON      ""&Store credentials..."",IDC_STORECREDENTIALS,77,125,98,14",pending-review,,
src/Resources/TortoiseProcENG.rc,IDD_SETTINGSMTP,IDC_CLEARCREDENTIALS,1,PUSHBUTTON,&Clear,"PUSHBUTTON      ""&Clear"",IDC_CLEARCREDENTIALS,180,125,98,14",pending-review,,
src/Resources/TortoiseProcENG.rc,IDD_SVNPROGRESS,IDC_SVNPROGRESS,1,CONTROL,,"CONTROL         """",IDC_SVNPROGRESS,""SysListView32"",LVS_REPORT | LVS_ALIGNLEFT | LVS_OWNERDATA | WS_BORDER | WS_TABSTOP,7,7,420,113",pending-review,,
src/Resources/TortoiseProcENG.rc,IDD_SVNPROGRESS,IDC_LOGBUTTON,1,PUSHBUTTON,Show &log...,"PUSHBUTTON      ""Show &log..."",IDC_LOGBUTTON,237,143,79,14,NOT WS_VISIBLE | WS_DISABLED",pending-review,,
src/Resources/TortoiseProcENG.rc,IDD_SVNPROGRESS,IDOK,1,DEFPUSHBUTTON,OK,"DEFPUSHBUTTON   ""OK"",IDOK,322,143,50,14",pending-review,,
src/Resources/TortoiseProcENG.rc,IDD_SVNPROGRESS,IDCANCEL,1,PUSHBUTTON,Cancel,"PUSHBUTTON      ""Cancel"",IDCANCEL,377,143,50,14",pending-review,,
src/Resources/TortoiseProcENG.rc,IDD_SVNPROGRESS,IDC_INFOTEXT,1,EDITTEXT,,"EDITTEXT        IDC_INFOTEXT,7,135,227,22,ES_MULTILINE | ES_READONLY | NOT WS_BORDER",pending-review,,
src/Resources/TortoiseProcENG.rc,IDD_SVNPROGRESS,IDC_PROGRESSBAR,1,CONTROL,,"CONTROL         """",IDC_PROGRESSBAR,""msctls_progress32"",NOT WS_VISIBLE | WS_BORDER,237,123,190,9",pending-review,,
src/Resources/TortoiseProcENG.rc,IDD_SVNPROGRESS,IDC_PROGRESSLABEL,1,LTEXT,,"LTEXT           """",IDC_PROGRESSLABEL,7,123,225,8,NOT WS_VISIBLE",pending-review,,
src/Resources/TortoiseProcENG.rc,IDD_SVNPROGRESS,IDC_TITLE_ANIMATE,1,CONTROL,,"CONTROL         """",IDC_TITLE_ANIMATE,""SysAnimate32"",ACS_CENTER | ACS_TRANSPARENT | NOT WS_VISIBLE | WS_TABSTOP,100,50,208,31,WS_EX_TRANSPARENT",pending-review,,
src/Resources/TortoiseProcENG.rc,IDD_SIMPLEPROMPT,IDC_REALM,1,CTEXT,,"CTEXT           """",IDC_REALM,7,7,206,27",pending-review,,
src/Resources/TortoiseProcENG.rc,IDD_SIMPLEPROMPT,IDC_STATIC,1,CTEXT,Requests a username and a password,"CTEXT           ""Requests a username and a password"",IDC_STATIC,7,38,206,8",pending-review,,
src/Resources/TortoiseProcENG.rc,IDD_SIMPLEPROMPT,IDC_STATIC,2,LTEXT,&Username:,"LTEXT           ""&Username:"",IDC_STATIC,7,53,79,8",pending-review,,
src/Resources/TortoiseProcENG.rc,IDD_SIMPLEPROMPT,IDC_USEREDIT,1,EDITTEXT,,"EDITTEXT        IDC_USEREDIT,94,50,119,14,ES_AUTOHSCROLL",pending-review,,
src/Resources/TortoiseProcENG.rc,IDD_SIMPLEPROMPT,IDC_STATIC,3,LTEXT,&Password:,"LTEXT           ""&Password:"",IDC_STATIC,7,74,79,8",pending-review,,
src/Resources/TortoiseProcENG.rc,IDD_SIMPLEPROMPT,IDC_PASSEDIT,1,EDITTEXT,,"EDITTEXT        IDC_PASSEDIT,94,71,119,14,ES_PASSWORD | ES_AUTOHSCROLL",pending-review,,
src/Resources/TortoiseProcENG.rc,IDD_SIMPLEPROMPT,IDC_SAVECHECK,1,CONTROL,&Save authentication,"CONTROL         ""&Save authentication"",IDC_SAVECHECK,""Button"",BS_AUTOCHECKBOX | WS_TABSTOP,7,92,206,10",pending-review,,
src/Resources/TortoiseProcENG.rc,IDD_SIMPLEPROMPT,IDOK,1,DEFPUSHBUTTON,OK,"DEFPUSHBUTTON   ""OK"",IDOK,106,105,50,14",pending-review,,
src/Resources/TortoiseProcENG.rc,IDD_SIMPLEPROMPT,IDCANCEL,1,PUSHBUTTON,Cancel,"PUSHBUTTON      ""Cancel"",IDCANCEL,163,105,50,14",pending-review,,
src/Resources/TortoiseProcENG.rc,IDD_INPUTDLG,IDC_HINTTEXT,1,LTEXT,Enter log &message:,"LTEXT           ""Enter log &message:"",IDC_HINTTEXT,7,7,223,11",pending-review,,
src/Resources/TortoiseProcENG.rc,IDD_INPUTDLG,IDC_INPUTTEXT,1,CONTROL,Scintilla,"CONTROL         ""Scintilla"",IDC_INPUTTEXT,""Scintilla"",WS_TABSTOP,7,19,223,68,WS_EX_STATICEDGE",pending-review,,
src/Resources/TortoiseProcENG.rc,IDD_INPUTDLG,IDC_CHECKBOX,1,CONTROL,,"CONTROL         """",IDC_CHECKBOX,""Button"",BS_AUTOCHECKBOX | WS_TABSTOP,7,96,104,10",pending-review,,
src/Resources/TortoiseProcENG.rc,IDD_INPUTDLG,IDOK,1,PUSHBUTTON,OK,"PUSHBUTTON      ""OK"",IDOK,121,92,50,14",pending-review,,
src/Resources/TortoiseProcENG.rc,IDD_INPUTDLG,IDCANCEL,1,PUSHBUTTON,Cancel,"PUSHBUTTON      ""Cancel"",IDCANCEL,180,92,50,14",pending-review,,
src/Resources/TortoiseProcENG.rc,IDD_SETTINGSPROGSADV,IDC_GROUP,1,GROUPBOX,Extension specific programs,"GROUPBOX        ""Extension specific programs"",IDC_GROUP,7,7,305,179",pending-review,,
src/Resources/TortoiseProcENG.rc,IDD_SETTINGSPROGSADV,IDC_TOOLLISTCTRL,1,CONTROL,,"CONTROL         """",IDC_TOOLLISTCTRL,""SysListView32"",LVS_REPORT | LVS_SINGLESEL | LVS_SHOWSELALWAYS | LVS_SORTASCENDING | LVS_ALIGNLEFT | WS_BORDER | WS_TABSTOP,13,20,291,139",pending-review,,
src/Resources/TortoiseProcENG.rc,IDD_SETTINGSPROGSADV,IDC_ADDTOOL,1,PUSHBUTTON,&Add...,"PUSHBUTTON      ""&Add..."",IDC_ADDTOOL,14,165,51,14",pending-review,,
src/Resources/TortoiseProcENG.rc,IDD_SETTINGSPROGSADV,IDC_EDITTOOL,1,PUSHBUTTON,&Edit...,"PUSHBUTTON      ""&Edit..."",IDC_EDITTOOL,69,165,51,14",pending-review,,
src/Resources/TortoiseProcENG.rc,IDD_SETTINGSPROGSADV,IDC_REMOVETOOL,1,PUSHBUTTON,&Remove,"PUSHBUTTON      ""&Remove"",IDC_REMOVETOOL,124,165,51,14",pending-review,,
src/Resources/TortoiseProcENG.rc,IDD_SETTINGSPROGSADV,IDC_RESTOREDEFAULTS,1,PUSHBUTTON,Re&store defaults,"PUSHBUTTON      ""Re&store defaults"",IDC_RESTOREDEFAULTS,179,165,103,14",pending-review,,
src/Resources/TortoiseProcENG.rc,IDD_SETTINGSPROGSADV,IDOK,1,DEFPUSHBUTTON,OK,"DEFPUSHBUTTON   ""OK"",IDOK,208,196,50,14",pending-review,,
src/Resources/TortoiseProcENG.rc,IDD_SETTINGSPROGSADV,IDCANCEL,1,PUSHBUTTON,Cancel,"PUSHBUTTON      ""Cancel"",IDCANCEL,262,196,50,14",pending-review,,
src/Resources/TortoiseProcENG.rc,IDD_URL,IDC_LABEL,1,LTEXT,&URL:,"LTEXT           ""&URL:"",IDC_LABEL,7,14,35,8",pending-review,,
src/Resources/TortoiseProcENG.rc,IDD_URL,IDC_URLCOMBO,1,CONTROL,,"CONTROL         """",IDC_URLCOMBO,""ComboBoxEx32"",CBS_DROPDOWN | CBS_AUTOHSCROLL | WS_VSCROLL | WS_TABSTOP,49,12,178,100",pending-review,,
src/Resources/TortoiseProcENG.rc,IDD_URL,IDOK,1,DEFPUSHBUTTON,OK,"DEFPUSHBUTTON   ""OK"",IDOK,120,34,50,14",pending-review,,
src/Resources/TortoiseProcENG.rc,IDD_URL,IDCANCEL,1,PUSHBUTTON,Cancel,"PUSHBUTTON      ""Cancel"",IDCANCEL,177,34,50,14",pending-review,,
src/Resources/TortoiseProcENG.rc,IDD_TOOLASSOC,IDC_STATIC,1,LTEXT,Extension:,"LTEXT           ""Extension:"",IDC_STATIC,7,10,81,8",pending-review,,
src/Resources/TortoiseProcENG.rc,IDD_TOOLASSOC,IDC_EXTEDIT,1,EDITTEXT,,"EDITTEXT        IDC_EXTEDIT,88,7,87,14,ES_LOWERCASE | ES_AUTOHSCROLL",pending-review,,
src/Resources/TortoiseProcENG.rc,IDD_TOOLASSOC,IDC_STATIC,2,LTEXT,External Program:,"LTEXT           ""External Program:"",IDC_STATIC,7,30,81,8",pending-review,,
src/Resources/TortoiseProcENG.rc,IDD_TOOLASSOC,IDC_TOOLEDIT,1,EDITTEXT,,"EDITTEXT        IDC_TOOLEDIT,88,27,271,14,ES_AUTOHSCROLL",pending-review,,
src/Resources/TortoiseProcENG.rc,IDD_TOOLASSOC,IDC_TOOLBROWSE,1,PUSHBUTTON,...,"PUSHBUTTON      ""..."",IDC_TOOLBROWSE,362,27,14,14",pending-review,,
src/Resources/TortoiseProcENG.rc,IDD_TOOLASSOC,IDOK,1,DEFPUSHBUTTON,OK,"DEFPUSHBUTTON   ""OK"",IDOK,272,58,50,14",pending-review,,
src/Resources/TortoiseProcENG.rc,IDD_TOOLASSOC,IDCANCEL,1,PUSHBUTTON,Cancel,"PUSHBUTTON      ""Cancel"",IDCANCEL,326,58,50,14",pending-review,,
src/Resources/TortoiseProcENG.rc,IDD_CHECKFORUPDATES,IDC_SOURCE,1,LTEXT,,"LTEXT           """",IDC_SOURCE,7,7,486,8,SS_NOPREFIX | SS_PATHELLIPSIS",pending-review,,
src/Resources/TortoiseProcENG.rc,IDD_CHECKFORUPDATES,IDC_YOURVERSION,1,LTEXT,Your version is:,"LTEXT           ""Your version is:"",IDC_YOURVERSION,7,17,486,8",pending-review,,
src/Resources/TortoiseProcENG.rc,IDD_CHECKFORUPDATES,IDC_CURRENTVERSION,1,LTEXT,Current version is:,"LTEXT           ""Current version is:"",IDC_CURRENTVERSION,7,27,486,8",pending-review,,
src/Resources/TortoiseProcENG.rc,IDD_CHECKFORUPDATES,IDC_CHECKRESULT,1,LTEXT,,"LTEXT           """",IDC_CHECKRESULT,7,37,486,16,SS_NOTIFY",pending-review,,
src/Resources/TortoiseProcENG.rc,IDD_CHECKFORUPDATES,IDC_LINK,1,CTEXT,Click here to go to the website,"CTEXT           ""Click here to go to the website"",IDC_LINK,7,57,486,8,SS_CENTERIMAGE | NOT WS_VISIBLE",pending-review,,
src/Resources/TortoiseProcENG.rc,IDD_CHECKFORUPDATES,IDC_GROUP_CHANGELOG,1,GROUPBOX,Change log,"GROUPBOX        ""Change log"",IDC_GROUP_CHANGELOG,7,69,486,126",pending-review,,
src/Resources/TortoiseProcENG.rc,IDD_CHECKFORUPDATES,IDC_LOGMESSAGE,1,CONTROL,Scintilla,"CONTROL         ""Scintilla"",IDC_LOGMESSAGE,""Scintilla"",WS_TABSTOP,14,80,470,109,WS_EX_STATICEDGE",pending-review,,
src/Resources/TortoiseProcENG.rc,IDD_CHECKFORUPDATES,IDC_GROUP_DOWNLOADS,1,GROUPBOX,Download,"GROUPBOX        ""Download"",IDC_GROUP_DOWNLOADS,7,198,486,95",pending-review,,
src/Resources/TortoiseProcENG.rc,IDD_CHECKFORUPDATES,IDC_LIST_DOWNLOADS,1,CONTROL,,"CONTROL         """",IDC_LIST_DOWNLOADS,""SysListView32"",LVS_REPORT | LVS_ALIGNLEFT | LVS_NOCOLUMNHEADER | WS_BORDER | WS_TABSTOP,14,211,470,54",pending-review,,
src/Resources/TortoiseProcENG.rc,IDD_CHECKFORUPDATES,IDC_PROGRESSBAR,1,CONTROL,,"CONTROL         """",IDC_PROGRESSBAR,""msctls_progress32"",NOT WS_VISIBLE | WS_BORDER,14,272,385,14",pending-review,,
src/Resources/TortoiseProcENG.rc,IDD_CHECKFORUPDATES,IDC_BUTTON_UPDATE,1,PUSHBUTTON,&Download,"PUSHBUTTON      ""&Download"",IDC_BUTTON_UPDATE,409,272,75,14,WS_DISABLED",pending-review,,
src/Resources/TortoiseProcENG.rc,IDD_CHECKFORUPDATES,IDOK,1,DEFPUSHBUTTON,&Close,"DEFPUSHBUTTON   ""&Close"",IDOK,220,299,50,14",pending-review,,
src/Resources/TortoiseProcENG.rc,IDD_CHECKFORUPDATES,IDC_DONOTASKAGAIN,1,PUSHBUTTON,Don't ask me &again,"PUSHBUTTON      ""Don't ask me &again"",IDC_DONOTASKAGAIN,122,299,106,14,NOT WS_VISIBLE | WS_DISABLED",pending-review,,
src/Resources/TortoiseProcENG.rc,IDD_REVERT,IDC_REVERTLIST,1,CONTROL,,"CONTROL         """",IDC_REVERTLIST,""SysListView32"",LVS_REPORT | LVS_SHOWSELALWAYS | LVS_ALIGNLEFT | WS_BORDER | WS_TABSTOP,7,7,265,180",pending-review,,
src/Resources/TortoiseProcENG.rc,IDD_REVERT,IDC_SELECTALL,1,CONTROL,Select/deselect &all,"CONTROL         ""Select/deselect &all"",IDC_SELECTALL,""Button"",BS_AUTO3STATE | WS_TABSTOP,7,189,141,17",pending-review,,
src/Resources/TortoiseProcENG.rc,IDD_REVERT,IDOK,1,DEFPUSHBUTTON,OK,"DEFPUSHBUTTON   ""OK"",IDOK,101,210,50,14",pending-review,,
src/Resources/TortoiseProcENG.rc,IDD_REVERT,IDCANCEL,1,PUSHBUTTON,Cancel,"PUSHBUTTON      ""Cancel"",IDCANCEL,161,210,50,14",pending-review,,
src/Resources/TortoiseProcENG.rc,IDD_REVERT,IDHELP,1,PUSHBUTTON,Help,"PUSHBUTTON      ""Help"",IDHELP,221,210,50,14",pending-review,,
src/Resources/TortoiseProcENG.rc,IDD_REVERT,IDC_UNVERSIONEDITEMS,1,LTEXT,Note: the folder contains unversioned items,"LTEXT           ""Note: the folder contains unversioned items"",IDC_UNVERSIONEDITEMS,160,190,112,16,NOT WS_VISIBLE",pending-review,,
src/Resources/TortoiseProcENG.rc,IDD_LFS_LOCKS,IDC_LOCKSLIST,1,CONTROL,,"CONTROL         """",IDC_LOCKSLIST,""SysListView32"",LVS_REPORT | LVS_SHOWSELALWAYS | LVS_ALIGNLEFT | WS_BORDER | WS_TABSTOP,7,7,302,180",pending-review,,
src/Resources/TortoiseProcENG.rc,IDD_LFS_LOCKS,IDC_SELECTALL,1,CONTROL,Select/deselect &all,"CONTROL         ""Select/deselect &all"",IDC_SELECTALL,""Button"",BS_AUTO3STATE | WS_TABSTOP,7,195,91,10",pending-review,,
src/Resources/TortoiseProcENG.rc,IDD_LFS_LOCKS,IDC_FORCE,1,CONTROL,&Force,"CONTROL         ""&Force"",IDC_FORCE,""Button"",BS_AUTOCHECKBOX | WS_TABSTOP,100,195,50,10",pending-review,,
src/Resources/TortoiseProcENG.rc,IDD_LFS_LOCKS,IDC_LFS_UNLOCK,1,PUSHBUTTON,&Unlock,"PUSHBUTTON      ""&Unlock"",IDC_LFS_UNLOCK,153,193,50,15",pending-review,,
src/Resources/TortoiseProcENG.rc,IDD_LFS_LOCKS,IDCANCEL,1,PUSHBUTTON,Cancel,"PUSHBUTTON      ""Cancel"",IDCANCEL,206,193,50,15",pending-review,,
src/Resources/TortoiseProcENG.rc,IDD_LFS_LOCKS,IDHELP,1,PUSHBUTTON,Help,"PUSHBUTTON      ""Help"",IDHELP,259,193,50,15",pending-review,,
src/Resources/TortoiseProcENG.rc,IDD_STATGRAPH,IDC_GRAPHTYPELABEL,1,LTEXT,Graph type:,"LTEXT           ""Graph type:"",IDC_GRAPHTYPELABEL,7,9,112,8",pending-review,,
src/Resources/TortoiseProcENG.rc,IDD_STATGRAPH,IDC_GRAPHCOMBO,1,COMBOBOX,,"COMBOBOX        IDC_GRAPHCOMBO,202,7,154,114,CBS_DROPDOWNLIST | WS_VSCROLL | WS_TABSTOP",pending-review,,
src/Resources/TortoiseProcENG.rc,IDD_STATGRAPH,IDC_GRAPH,1,LTEXT,,"LTEXT           """",IDC_GRAPH,7,23,349,157,SS_NOTIFY | WS_BORDER",pending-review,,
src/Resources/TortoiseProcENG.rc,IDD_STATGRAPH,IDC_NUMWEEK,1,LTEXT,Number of weeks:,"LTEXT           ""Number of weeks:"",IDC_NUMWEEK,7,29,128,8",pending-review,,
src/Resources/TortoiseProcENG.rc,IDD_STATGRAPH,IDC_NUMWEEKVALUE,1,LTEXT,,"LTEXT           """",IDC_NUMWEEKVALUE,192,29,160,8,0,WS_EX_RIGHT",pending-review,,
src/Resources/TortoiseProcENG.rc,IDD_STATGRAPH,IDC_NUMAUTHOR,1,LTEXT,Number of authors:,"LTEXT           ""Number of authors:"",IDC_NUMAUTHOR,7,41,128,8",pending-review,,
src/Resources/TortoiseProcENG.rc,IDD_STATGRAPH,IDC_NUMAUTHORVALUE,1,LTEXT,,"LTEXT           """",IDC_NUMAUTHORVALUE,190,41,162,8,0,WS_EX_RIGHT",pending-review,,
src/Resources/TortoiseProcENG.rc,IDD_STATGRAPH,IDC_NUMCOMMITS,1,LTEXT,Total commits analyzed:,"LTEXT           ""Total commits analyzed:"",IDC_NUMCOMMITS,7,53,128,8",pending-review,,
src/Resources/TortoiseProcENG.rc,IDD_STATGRAPH,IDC_NUMCOMMITSVALUE,1,LTEXT,,"LTEXT           """",IDC_NUMCOMMITSVALUE,183,53,169,8,0,WS_EX_RIGHT",pending-review,,
src/Resources/TortoiseProcENG.rc,IDD_STATGRAPH,IDC_NUMFILECHANGES,1,LTEXT,Total file changes:,"LTEXT           ""Total file changes:"",IDC_NUMFILECHANGES,7,65,128,8",pending-review,,
src/Resources/TortoiseProcENG.rc,IDD_STATGRAPH,IDC_NUMFILECHANGESVALUE,1,LTEXT,,"LTEXT           """",IDC_NUMFILECHANGESVALUE,190,65,162,8,0,WS_EX_RIGHT",pending-review,,
src/Resources/TortoiseProcENG.rc,IDD_STATGRAPH,IDC_TOTAL_LINE_WITHOUT_NEW_DEL,1,LTEXT,Total changed lines not including added/deleted files:,"LTEXT           ""Total changed lines not including added/deleted files:"",IDC_TOTAL_LINE_WITHOUT_NEW_DEL,7,77,195,8,NOT WS_VISIBLE",pending-review,,
src/Resources/TortoiseProcENG.rc,IDD_STATGRAPH,IDC_TOTAL_LINE_WITHOUT_NEW_DEL_VALUE,1,LTEXT,,"LTEXT           """",IDC_TOTAL_LINE_WITHOUT_NEW_DEL_VALUE,202,77,150,8,0,WS_EX_RIGHT",pending-review,,
src/Resources/TortoiseProcENG.rc,IDD_STATGRAPH,IDC_TOTAL_LINE_WITH_NEW_DEL,1,LTEXT,Total changed lines including added/deleted files:,"LTEXT           ""Total changed lines including added/deleted files:"",IDC_TOTAL_LINE_WITH_NEW_DEL,7,89,195,8,NOT WS_VISIBLE",pending-review,,
src/Resources/TortoiseProcENG.rc,IDD_STATGRAPH,IDC_TOTAL_LINE_WITH_NEW_DEL_VALUE,1,LTEXT,,"LTEXT           """",IDC_TOTAL_LINE_WITH_NEW_DEL_VALUE,202,89,149,8,0,WS_EX_RIGHT",pending-review,,
src/Resources/TortoiseProcENG.rc,IDD_STATGRAPH,IDC_CALC_DIFF,1,PUSHBUTTON,Calculate,"PUSHBUTTON      ""Calculate"",IDC_CALC_DIFF,304,65,52,32",pending-review,,
src/Resources/TortoiseProcENG.rc,IDD_STATGRAPH,IDC_AVG,1,LTEXT,Average,"LTEXT           ""Average"",IDC_AVG,250,112,38,8,0,WS_EX_RIGHT",pending-review,,
src/Resources/TortoiseProcENG.rc,IDD_STATGRAPH,IDC_MIN,1,LTEXT,Min,"LTEXT           ""Min"",IDC_MIN,288,112,27,8,0,WS_EX_RIGHT",pending-review,,
src/Resources/TortoiseProcENG.rc,IDD_STATGRAPH,IDC_MAX,1,LTEXT,Max,"LTEXT           ""Max"",IDC_MAX,315,112,37,8,0,WS_EX_RIGHT",pending-review,,
src/Resources/TortoiseProcENG.rc,IDD_STATGRAPH,IDC_COMMITSEACHWEEK,1,LTEXT,Commits each week:,"LTEXT           ""Commits each week:"",IDC_COMMITSEACHWEEK,7,125,115,8",pending-review,,
src/Resources/TortoiseProcENG.rc,IDD_STATGRAPH,IDC_COMMITSEACHWEEKAVG,1,LTEXT,,"LTEXT           """",IDC_COMMITSEACHWEEKAVG,250,125,38,8,0,WS_EX_RIGHT",pending-review,,
src/Resources/TortoiseProcENG.rc,IDD_STATGRAPH,IDC_COMMITSEACHWEEKMIN,1,LTEXT,,"LTEXT           """",IDC_COMMITSEACHWEEKMIN,288,125,27,8,0,WS_EX_RIGHT",pending-review,,
src/Resources/TortoiseProcENG.rc,IDD_STATGRAPH,IDC_COMMITSEACHWEEKMAX,1,LTEXT,,"LTEXT           """",IDC_COMMITSEACHWEEKMAX,315,125,37,8,0,WS_EX_RIGHT",pending-review,,
src/Resources/TortoiseProcENG.rc,IDD_STATGRAPH,IDC_MOSTACTIVEAUTHOR,1,LTEXT,Most active author:,"LTEXT           ""Most active author:"",IDC_MOSTACTIVEAUTHOR,7,136,115,8",pending-review,,
src/Resources/TortoiseProcENG.rc,IDD_STATGRAPH,IDC_MOSTACTIVEAUTHORNAME,1,LTEXT,,"LTEXT           """",IDC_MOSTACTIVEAUTHORNAME,170,136,80,8",pending-review,,
src/Resources/TortoiseProcENG.rc,IDD_STATGRAPH,IDC_MOSTACTIVEAUTHORAVG,1,LTEXT,,"LTEXT           """",IDC_MOSTACTIVEAUTHORAVG,250,136,38,8,0,WS_EX_RIGHT",pending-review,,
src/Resources/TortoiseProcENG.rc,IDD_STATGRAPH,IDC_MOSTACTIVEAUTHORMIN,1,LTEXT,,"LTEXT           """",IDC_MOSTACTIVEAUTHORMIN,288,136,27,8,0,WS_EX_RIGHT",pending-review,,
src/Resources/TortoiseProcENG.rc,IDD_STATGRAPH,IDC_MOSTACTIVEAUTHORMAX,1,LTEXT,,"LTEXT           """",IDC_MOSTACTIVEAUTHORMAX,315,136,37,8,0,WS_EX_RIGHT",pending-review,,
src/Resources/TortoiseProcENG.rc,IDD_STATGRAPH,IDC_LEASTACTIVEAUTHOR,1,LTEXT,Least active author:,"LTEXT           ""Least active author:"",IDC_LEASTACTIVEAUTHOR,7,147,115,8",pending-review,,
src/Resources/TortoiseProcENG.rc,IDD_STATGRAPH,IDC_LEASTACTIVEAUTHORNAME,1,LTEXT,,"LTEXT           """",IDC_LEASTACTIVEAUTHORNAME,170,147,80,8",pending-review,,
src/Resources/TortoiseProcENG.rc,IDD_STATGRAPH,IDC_LEASTACTIVEAUTHORAVG,1,LTEXT,,"LTEXT           """",IDC_LEASTACTIVEAUTHORAVG,250,147,38,8,0,WS_EX_RIGHT",pending-review,,
src/Resources/TortoiseProcENG.rc,IDD_STATGRAPH,IDC_LEASTACTIVEAUTHORMIN,1,LTEXT,,"LTEXT           """",IDC_LEASTACTIVEAUTHORMIN,288,147,27,8,0,WS_EX_RIGHT",pending-review,,
src/Resources/TortoiseProcENG.rc,IDD_STATGRAPH,IDC_LEASTACTIVEAUTHORMAX,1,LTEXT,,"LTEXT           """",IDC_LEASTACTIVEAUTHORMAX,315,147,37,8,0,WS_EX_RIGHT",pending-review,,
src/Resources/TortoiseProcENG.rc,IDD_STATGRAPH,IDC_FILECHANGESEACHWEEK,1,LTEXT,File changes each week:,"LTEXT           ""File changes each week:"",IDC_FILECHANGESEACHWEEK,7,158,115,8,NOT WS_VISIBLE",pending-review,,
src/Resources/TortoiseProcENG.rc,IDD_STATGRAPH,IDC_FILECHANGESEACHWEEKAVG,1,LTEXT,,"LTEXT           """",IDC_FILECHANGESEACHWEEKAVG,250,158,38,8,0,WS_EX_RIGHT",pending-review,,
src/Resources/TortoiseProcENG.rc,IDD_STATGRAPH,IDC_FILECHANGESEACHWEEKMIN,1,LTEXT,,"LTEXT           """",IDC_FILECHANGESEACHWEEKMIN,288,158,27,8,0,WS_EX_RIGHT",pending-review,,
src/Resources/TortoiseProcENG.rc,IDD_STATGRAPH,IDC_FILECHANGESEACHWEEKMAX,1,LTEXT,,"LTEXT           """",IDC_FILECHANGESEACHWEEKMAX,315,158,37,8,0,WS_EX_RIGHT",pending-review,,
src/Resources/TortoiseProcENG.rc,IDD_STATGRAPH,IDC_AUTHORSCASESENSITIVE,1,CONTROL,Authors case sensitive,"CONTROL         ""Authors case sensitive"",IDC_AUTHORSCASESENSITIVE,""Button"",BS_AUTOCHECKBOX | WS_TABSTOP,7,182,195,10",pending-review,,
src/Resources/TortoiseProcENG.rc,IDD_STATGRAPH,IDC_SORTBYCOMMITCOUNT,1,CONTROL,Sort by commit count,"CONTROL         ""Sort by commit count"",IDC_SORTBYCOMMITCOUNT,""Button"",BS_AUTOCHECKBOX | WS_TABSTOP,7,212,195,10",pending-review,,
src/Resources/TortoiseProcENG.rc,IDD_STATGRAPH,IDC_COMMITTERNAMES,1,CONTROL,Use committer names,"CONTROL         ""Use committer names"",IDC_COMMITTERNAMES,""Button"",BS_AUTOCHECKBOX | WS_TABSTOP,7,192,195,10",pending-review,,
src/Resources/TortoiseProcENG.rc,IDD_STATGRAPH,IDC_COMMITDATES,1,CONTROL,Use commit dates,"CONTROL         ""Use commit dates"",IDC_COMMITDATES,""Button"",BS_AUTOCHECKBOX | WS_TABSTOP,7,202,195,10",pending-review,,
src/Resources/TortoiseProcENG.rc,IDD_STATGRAPH,IDC_SKIPPERLABEL,1,LTEXT,# authors shown individually:,"LTEXT           ""# authors shown individually:"",IDC_SKIPPERLABEL,7,227,113,8",pending-review,,
src/Resources/TortoiseProcENG.rc,IDD_STATGRAPH,IDC_SKIPPER,1,CONTROL,,"CONTROL         """",IDC_SKIPPER,""msctls_trackbar32"",TBS_AUTOTICKS | TBS_BOTH | TBS_NOTICKS | TBS_TOOLTIPS | WS_TABSTOP,120,225,139,15",pending-review,,
src/Resources/TortoiseProcENG.rc,IDD_STATGRAPH,IDC_GRAPHPIEBUTTON,1,PUSHBUTTON,,"PUSHBUTTON      """",IDC_GRAPHPIEBUTTON,251,180,18,14,BS_ICON",pending-review,,
src/Resources/TortoiseProcENG.rc,IDD_STATGRAPH,IDC_GRAPHLINESTACKEDBUTTON,1,PUSHBUTTON,,"PUSHBUTTON      """",IDC_GRAPHLINESTACKEDBUTTON,273,180,18,14,BS_ICON",pending-review,,
src/Resources/TortoiseProcENG.rc,IDD_STATGRAPH,IDC_GRAPHLINEBUTTON,1,PUSHBUTTON,,"PUSHBUTTON      """",IDC_GRAPHLINEBUTTON,295,180,18,14,BS_ICON",pending-review,,
src/Resources/TortoiseProcENG.rc,IDD_STATGRAPH,IDC_GRAPHBARSTACKEDBUTTON,1,PUSHBUTTON,,"PUSHBUTTON      """",IDC_GRAPHBARSTACKEDBUTTON,317,180,18,14,BS_ICON",pending-review,,
src/Resources/TortoiseProcENG.rc,IDD_STATGRAPH,IDC_GRAPHBARBUTTON,1,PUSHBUTTON,,"PUSHBUTTON      """",IDC_GRAPHBARBUTTON,338,180,18,14,BS_ICON",pending-review,,
src/Resources/TortoiseProcENG.rc,IDD_STATGRAPH,IDOK,1,DEFPUSHBUTTON,OK,"DEFPUSHBUTTON   ""OK"",IDOK,306,226,50,14",pending-review,,
src/Resources/TortoiseProcENG.rc,IDD_SETOVERLAYICONS,IDC_ICONSETLABEL,1,LTEXT,&Icon Set:,"LTEXT           ""&Icon Set:"",IDC_ICONSETLABEL,7,9,77,8",pending-review,,
src/Resources/TortoiseProcENG.rc,IDD_SETOVERLAYICONS,IDC_ICONSETCOMBO,1,COMBOBOX,,"COMBOBOX        IDC_ICONSETCOMBO,137,7,158,70,CBS_DROPDOWNLIST | CBS_SORT | WS_VSCROLL | WS_TABSTOP",pending-review,,
src/Resources/TortoiseProcENG.rc,IDD_SETOVERLAYICONS,IDC_ICONLIST,1,CONTROL,,"CONTROL         """",IDC_ICONLIST,""SysListView32"",LVS_LIST | LVS_AUTOARRANGE | LVS_ALIGNLEFT | LVS_NOSORTHEADER | WS_BORDER | WS_TABSTOP,7,28,288,156",pending-review,,
src/Resources/TortoiseProcENG.rc,IDD_SETOVERLAYICONS,IDC_LISTRADIO,1,CONTROL,&List View,"CONTROL         ""&List View"",IDC_LISTRADIO,""Button"",BS_AUTORADIOBUTTON | WS_GROUP,7,191,118,10",pending-review,,
src/Resources/TortoiseProcENG.rc,IDD_SETOVERLAYICONS,IDC_SYMBOLRADIO,1,CONTROL,&Symbol View,"CONTROL         ""&Symbol View"",IDC_SYMBOLRADIO,""Button"",BS_AUTORADIOBUTTON,138,191,157,10",pending-review,,
src/Resources/TortoiseProcENG.rc,IDD_SETTINGSPROGSDIFF,IDC_STATIC,1,GROUPBOX,Configure the program used for comparing different revisions of files,"GROUPBOX        ""Configure the program used for comparing different revisions of files"",IDC_STATIC,7,7,286,87",pending-review,,
src/Resources/TortoiseProcENG.rc,IDD_SETTINGSPROGSDIFF,IDC_EXTDIFF_OFF,1,CONTROL,&TortoiseGitMerge,"CONTROL         ""&TortoiseGitMerge"",IDC_EXTDIFF_OFF,""Button"",BS_AUTORADIOBUTTON | WS_GROUP,12,23,74,10",pending-review,,
src/Resources/TortoiseProcENG.rc,IDD_SETTINGSPROGSDIFF,IDC_EXTDIFF_ON,1,CONTROL,&External,"CONTROL         ""&External"",IDC_EXTDIFF_ON,""Button"",BS_AUTORADIOBUTTON,92,23,71,10",pending-review,,
src/Resources/TortoiseProcENG.rc,IDD_SETTINGSPROGSDIFF,IDC_EXTDIFF,1,EDITTEXT,,"EDITTEXT        IDC_EXTDIFF,14,41,256,14,ES_AUTOHSCROLL | WS_GROUP",pending-review,,
src/Resources/TortoiseProcENG.rc,IDD_SETTINGSPROGSDIFF,IDC_EXTDIFFBROWSE,1,PUSHBUTTON,...,"PUSHBUTTON      ""..."",IDC_EXTDIFFBROWSE,274,41,14,14",pending-review,,
src/Resources/TortoiseProcENG.rc,IDD_SETTINGSPROGSDIFF,IDC_STATIC,2,LTEXT,"Click on """"Advanced"""" to specify alternate diff programs based on file extension","LTEXT           ""Click on """"Advanced"""" to specify alternate diff programs based on file extension"",IDC_STATIC,16,65,160,25",pending-review,,
src/Resources/TortoiseProcENG.rc,IDD_SETTINGSPROGSDIFF,IDC_EXTDIFFADVANCED,1,PUSHBUTTON,&Advanced...,"PUSHBUTTON      ""&Advanced..."",IDC_EXTDIFFADVANCED,201,65,87,14",pending-review,,
src/Resources/TortoiseProcENG.rc,IDD_SETTINGSPROGSDIFF,IDC_STATIC,3,GROUPBOX,Configure viewer program for GNU diff files (patch files),"GROUPBOX        ""Configure viewer program for GNU diff files (patch files)"",IDC_STATIC,7,104,286,63",pending-review,,
src/Resources/TortoiseProcENG.rc,IDD_SETTINGSPROGSDIFF,IDC_DIFFVIEWER_OFF,1,CONTROL,TortoiseGit&UDiff,"CONTROL         ""TortoiseGit&UDiff"",IDC_DIFFVIEWER_OFF,""Button"",BS_AUTORADIOBUTTON | WS_GROUP,12,120,74,10",pending-review,,
src/Resources/TortoiseProcENG.rc,IDD_SETTINGSPROGSDIFF,IDC_DIFFVIEWER_ON,1,CONTROL,E&xternal,"CONTROL         ""E&xternal"",IDC_DIFFVIEWER_ON,""Button"",BS_AUTORADIOBUTTON,92,120,71,10",pending-review,,
src/Resources/TortoiseProcENG.rc,IDD_SETTINGSPROGSDIFF,IDC_DIFFVIEWER,1,EDITTEXT,,"EDITTEXT        IDC_DIFFVIEWER,14,139,256,14,ES_AUTOHSCROLL | WS_GROUP",pending-review,,
src/Resources/TortoiseProcENG.rc,IDD_SETTINGSPROGSDIFF,IDC_DIFFVIEWERBROWSE,1,PUSHBUTTON,...,"PUSHBUTTON      ""..."",IDC_DIFFVIEWERBROWSE,274,139,14,14",pending-review,,
src/Resources/TortoiseProcENG.rc,IDD_SETTINGSPROGSMERGE,IDC_STATIC,1,LTEXT,Configure the program used to resolve conflicted files.,"LTEXT           ""Configure the program used to resolve conflicted files."",IDC_STATIC,7,7,251,8",pending-review,,
src/Resources/TortoiseProcENG.rc,IDD_SETTINGSPROGSMERGE,IDC_EXTMERGE_OFF,1,CONTROL,&TortoiseGitMerge,"CONTROL         ""&TortoiseGitMerge"",IDC_EXTMERGE_OFF,""Button"",BS_AUTORADIOBUTTON | WS_GROUP,7,23,70,10",pending-review,,
src/Resources/TortoiseProcENG.rc,IDD_SETTINGSPROGSMERGE,IDC_EXTMERGE_ON,1,CONTROL,&External,"CONTROL         ""&External"",IDC_EXTMERGE_ON,""Button"",BS_AUTORADIOBUTTON,89,23,76,10",pending-review,,
src/Resources/TortoiseProcENG.rc,IDD_SETTINGSPROGSMERGE,IDC_EXTMERGE,1,EDITTEXT,,"EDITTEXT        IDC_EXTMERGE,7,41,263,14,ES_AUTOHSCROLL | WS_GROUP",pending-review,,
src/Resources/TortoiseProcENG.rc,IDD_SETTINGSPROGSMERGE,IDC_EXTMERGEBROWSE,1,PUSHBUTTON,...,"PUSHBUTTON      ""..."",IDC_EXTMERGEBROWSE,279,41,14,14",pending-review,,
src/Resources/TortoiseProcENG.rc,IDD_SETTINGSPROGSMERGE,IDC_MERGEBLOCK,1,CONTROL,Block TortoiseGit while executing the external merge tool,"CONTROL         ""Block TortoiseGit while executing the external merge tool"",IDC_MERGEBLOCK, ""Button"",BS_AUTOCHECKBOX | BS_TOP | BS_MULTILINE | WS_TABSTOP,7,61,286,22",pending-review,,
src/Resources/TortoiseProcENG.rc,IDD_SETTINGSPROGSMERGE,IDC_TRUSTEXITCODE,1,CONTROL,Trust the exitcode of the external merge tool for auto resolving,"CONTROL         ""Trust the exitcode of the external merge tool for auto resolving"",IDC_TRUSTEXITCODE, ""Button"",BS_AUTOCHECKBOX | BS_TOP | BS_MULTILINE | WS_TABSTOP,7,85,286,22",pending-review,,
src/Resources/TortoiseProcENG.rc,IDD_SETTINGSPROGSMERGE,IDC_STATIC,2,LTEXT,"Click on """"Advanced"""" to specify alternate merge programs based on file extension","LTEXT           ""Click on """"Advanced"""" to specify alternate merge programs based on file extension"",IDC_STATIC,7,108,160,33",pending-review,,
src/Resources/TortoiseProcENG.rc,IDD_SETTINGSPROGSMERGE,IDC_EXTMERGEADVANCED,1,PUSHBUTTON,&Advanced...,"PUSHBUTTON      ""&Advanced..."",IDC_EXTMERGEADVANCED,206,111,87,14",pending-review,,
src/Resources/TortoiseProcENG.rc,IDD_SETTINGSLOOKANDFEEL,IDC_STATIC,1,GROUPBOX,Show the selected items on the first level of the context menu:,"GROUPBOX        ""Show the selected items on the first level of the context menu:"",IDC_STATIC,7,7,287,139",pending-review,,
src/Resources/TortoiseProcENG.rc,IDD_SETTINGSLOOKANDFEEL,IDC_STATIC,2,LTEXT,"Unchecked items will appear in the TortoiseGit submenu, checked items directly in the main context menu.","LTEXT           ""Unchecked items will appear in the TortoiseGit submenu, checked items directly in the main context menu."",IDC_STATIC,12,18,274,18",pending-review,,
src/Resources/TortoiseProcENG.rc,IDD_SETTINGSLOOKANDFEEL,IDC_MENULIST,1,CONTROL,,"CONTROL         """",IDC_MENULIST,""SysListView32"",LVS_REPORT | LVS_SINGLESEL | LVS_ALIGNLEFT | LVS_NOCOLUMNHEADER | WS_BORDER | WS_TABSTOP,12,37,274,85",pending-review,,
src/Resources/TortoiseProcENG.rc,IDD_SETTINGSLOOKANDFEEL,IDC_SELECTALL,1,CONTROL,Select/deselect &all,"CONTROL         ""Select/deselect &all"",IDC_SELECTALL,""Button"",BS_AUTO3STATE | WS_TABSTOP,12,126,108,14",pending-review,,
src/Resources/TortoiseProcENG.rc,IDD_SETTINGSLOOKANDFEEL,IDC_RESTORE,1,PUSHBUTTON,Restore Default,"PUSHBUTTON      ""Restore Default"",IDC_RESTORE,204,126,82,14",pending-review,,
src/Resources/TortoiseProcENG.rc,IDD_SETTINGSLOOKANDFEEL,IDC_HIDEMENUS,1,CONTROL,Hide Menus for unversioned paths,"CONTROL         ""Hide Menus for unversioned paths"",IDC_HIDEMENUS,""Button"",BS_AUTOCHECKBOX | WS_TABSTOP,12,148,274,10",pending-review,,
src/Resources/TortoiseProcENG.rc,IDD_SETTINGSLOOKANDFEEL,IDC_STATIC,3,GROUPBOX,Do not show the context menu for the following paths:,"GROUPBOX        ""Do not show the context menu for the following paths:"",IDC_STATIC,7,161,286,56",pending-review,,
src/Resources/TortoiseProcENG.rc,IDD_SETTINGSLOOKANDFEEL,IDC_NOCONTEXTPATHS,1,EDITTEXT,,"EDITTEXT        IDC_NOCONTEXTPATHS,12,173,274,36,ES_MULTILINE | ES_AUTOVSCROLL | ES_AUTOHSCROLL | ES_WANTRETURN | WS_VSCROLL",pending-review,,
src/Resources/TortoiseProcENG.rc,IDD_SETTINGSLOOKANDFEEL,IDC_ENABLEDRAGCONTEXTMENU,1,CONTROL,Enable drag context menu,"CONTROL         ""Enable drag context menu"",IDC_ENABLEDRAGCONTEXTMENU, ""Button"",BS_AUTOCHECKBOX | WS_TABSTOP,12,220,100,10",pending-review,,
src/Resources/TortoiseProcENG.rc,IDD_SETTINGSDIALOGS,IDC_STATIC,1,GROUPBOX,Log messages,"GROUPBOX        ""Log messages"",IDC_STATIC,7,7,287,259",pending-review,,
src/Resources/TortoiseProcENG.rc,IDD_SETTINGSDIALOGS,IDC_STATIC,2,LTEXT,Default limitation of log messages:,"LTEXT           ""Default limitation of log messages:"",IDC_STATIC,14,20,140,8,SS_CENTERIMAGE",pending-review,,
src/Resources/TortoiseProcENG.rc,IDD_SETTINGSDIALOGS,IDC_DEFAULT_NUMBER_OF,1,EDITTEXT,,"EDITTEXT        IDC_DEFAULT_NUMBER_OF,253,18,31,13,ES_AUTOHSCROLL | ES_NUMBER,WS_EX_RIGHT",pending-review,,
src/Resources/TortoiseProcENG.rc,IDD_SETTINGSDIALOGS,IDC_DEFAULT_SCALE,1,COMBOBOX,,"COMBOBOX        IDC_DEFAULT_SCALE,156,18,92,47,CBS_DROPDOWNLIST | WS_VSCROLL | WS_TABSTOP",pending-review,,
src/Resources/TortoiseProcENG.rc,IDD_SETTINGSDIALOGS,IDC_STATIC,3,LTEXT,&Font for log messages:,"LTEXT           ""&Font for log messages:"",IDC_STATIC,14,34,92,13,SS_CENTERIMAGE",pending-review,,
src/Resources/TortoiseProcENG.rc,IDD_SETTINGSDIALOGS,IDC_FONTNAMES,1,COMBOBOX,,"COMBOBOX        IDC_FONTNAMES,107,34,141,90,CBS_DROPDOWNLIST | CBS_OWNERDRAWVARIABLE | CBS_SORT | CBS_HASSTRINGS | WS_VSCROLL | WS_TABSTOP",pending-review,,
src/Resources/TortoiseProcENG.rc,IDD_SETTINGSDIALOGS,IDC_FONTSIZES,1,COMBOBOX,,"COMBOBOX        IDC_FONTSIZES,253,35,31,47,CBS_DROPDOWN | WS_VSCROLL | WS_TABSTOP",pending-review,,
src/Resources/TortoiseProcENG.rc,IDD_SETTINGSDIALOGS,IDC_SHORTDATEFORMAT,1,CONTROL,Short &date/time format in log messages,"CONTROL         ""Short &date/time format in log messages"",IDC_SHORTDATEFORMAT, ""Button"",BS_AUTOCHECKBOX | WS_TABSTOP,14,52,191,10",pending-review,,
src/Resources/TortoiseProcENG.rc,IDD_SETTINGSDIALOGS,IDC_RELATIVETIMES,1,CONTROL,Relative Times in log,"CONTROL         ""Relative Times in log"",IDC_RELATIVETIMES,""Button"",BS_AUTOCHECKBOX | WS_TABSTOP,14,65,120,10",pending-review,,
src/Resources/TortoiseProcENG.rc,IDD_SETTINGSDIALOGS,IDC_ASTERISKLOGPREFIX,1,CONTROL,Show asterisk log prefix,"CONTROL         ""Show asterisk log prefix"",IDC_ASTERISKLOGPREFIX,""Button"",BS_AUTOCHECKBOX | WS_TABSTOP,170,65,120,10",pending-review,,
src/Resources/TortoiseProcENG.rc,IDD_SETTINGSDIALOGS,IDC_SYSTEMLOCALEFORDATES,1,CONTROL,Use system locale for date/time,"CONTROL         ""Use system locale for date/time"",IDC_SYSTEMLOCALEFORDATES, ""Button"",BS_AUTOCHECKBOX | WS_TABSTOP,14,78,150,10",pending-review,,
src/Resources/TortoiseProcENG.rc,IDD_SETTINGSDIALOGS,IDC_DIFFBYDOUBLECLICK,1,CONTROL,Can double-click in log list to compare with previous revision,"CONTROL         ""Can double-click in log list to compare with previous revision"",IDC_DIFFBYDOUBLECLICK, ""Button"",BS_AUTOCHECKBOX | WS_TABSTOP,14,91,270,10",pending-review,,
src/Resources/TortoiseProcENG.rc,IDD_SETTINGSDIALOGS,IDC_ABBREVIATERENAMINGS,1,CONTROL,Abbreviate renamings,"CONTROL         ""Abbreviate renamings"",IDC_ABBREVIATERENAMINGS,""Button"",BS_AUTOCHECKBOX | WS_TABSTOP,14,104,150,10",pending-review,,
src/Resources/TortoiseProcENG.rc,IDD_SETTINGSDIALOGS,IDC_SYMBOLIZEREFNAMES,1,CONTROL,Symbolize ref names,"CONTROL         ""Symbolize ref names"",IDC_SYMBOLIZEREFNAMES,""Button"",BS_AUTOCHECKBOX | WS_TABSTOP,170,104,120,10",pending-review,,
src/Resources/TortoiseProcENG.rc,IDD_SETTINGSDIALOGS,IDC_ENABLELOGCACHE,1,CONTROL,Enable log cache,"CONTROL         ""Enable log cache"",IDC_ENABLELOGCACHE,""Button"",BS_AUTOCHECKBOX | WS_TABSTOP,14,117,69,10",pending-review,,
src/Resources/TortoiseProcENG.rc,IDD_SETTINGSDIALOGS,IDC_ENABLEGRAVATAR,1,CONTROL,Enable Gravatar,"CONTROL         ""Enable Gravatar"",IDC_ENABLEGRAVATAR,""Button"",BS_AUTOCHECKBOX | WS_TABSTOP,14,130,84,10",pending-review,,
src/Resources/TortoiseProcENG.rc,IDD_SETTINGSDIALOGS,IDC_GRAVATARURL,1,CONTROL,,"CONTROL         """",IDC_GRAVATARURL,""ComboBoxEx32"",CBS_DROPDOWN | CBS_AUTOHSCROLL | CBS_SORT | WS_VSCROLL | WS_TABSTOP,95,129,189,80",pending-review,,
src/Resources/TortoiseProcENG.rc,IDD_SETTINGSDIALOGS,IDC_RIGHTSIDEBRANCHESTAGS,1,CONTROL,Draw tag/branch labels on right side,"CONTROL         ""Draw tag/branch labels on right side"",IDC_RIGHTSIDEBRANCHESTAGS, ""Button"",BS_AUTOCHECKBOX | WS_TABSTOP,14,143,270,10",pending-review,,
src/Resources/TortoiseProcENG.rc,IDD_SETTINGSDIALOGS,IDC_FULLCOMMITMESSAGEONLOGLINE,1,CONTROL,Display subject and body of commit messages,"CONTROL         ""Display subject and body of commit messages"",IDC_FULLCOMMITMESSAGEONLOGLINE, ""Button"",BS_AUTOCHECKBOX | WS_TABSTOP,14,156,270,10",pending-review,,
src/Resources/TortoiseProcENG.rc,IDD_SETTINGSDIALOGS,IDC_SHOWREVCOUNTER,1,CONTROL,Display branch revision number,"CONTROL         ""Display branch revision number"",IDC_SHOWREVCOUNTER, ""Button"",BS_AUTOCHECKBOX | WS_TABSTOP,14,169,270,10",pending-review,,
src/Resources/TortoiseProcENG.rc,IDD_SETTINGSDIALOGS,IDC_STATIC,4,GROUPBOX,Describe,"GROUPBOX        ""Describe"",IDC_STATIC,14,183,272,76",pending-review,,
src/Resources/TortoiseProcENG.rc,IDD_SETTINGSDIALOGS,IDC_SHOWDESCRIBE,1,CONTROL,Show describe in log,"CONTROL         ""Show describe in log"",IDC_SHOWDESCRIBE,""Button"",BS_AUTOCHECKBOX | WS_TABSTOP,19,196,253,10",pending-review,,
src/Resources/TortoiseProcENG.rc,IDD_SETTINGSDIALOGS,IDC_STATIC,5,LTEXT,Describe Strategy,"LTEXT           ""Describe Strategy"",IDC_STATIC,19,211,84,8",pending-review,,
src/Resources/TortoiseProcENG.rc,IDD_SETTINGSDIALOGS,IDC_DESCRIBESTRATEGY,1,COMBOBOX,,"COMBOBOX        IDC_DESCRIBESTRATEGY,107,209,115,30,CBS_DROPDOWNLIST | WS_VSCROLL | WS_TABSTOP",pending-review,,
src/Resources/TortoiseProcENG.rc,IDD_SETTINGSDIALOGS,IDC_STATIC,6,LTEXT,Abbreviated size,"LTEXT           ""Abbreviated size"",IDC_STATIC,19,228,84,8",pending-review,,
src/Resources/TortoiseProcENG.rc,IDD_SETTINGSDIALOGS,IDC_DESCRIBEABBREVIATEDSIZE,1,EDITTEXT,,"EDITTEXT        IDC_DESCRIBEABBREVIATEDSIZE,107,225,40,14,ES_AUTOHSCROLL | ES_NUMBER,WS_EX_RIGHT",pending-review,,
src/Resources/TortoiseProcENG.rc,IDD_SETTINGSDIALOGS,IDC_DESCRIBEALWAYSLONG,1,CONTROL,Always show long format,"CONTROL         ""Always show long format"",IDC_DESCRIBEALWAYSLONG,""Button"",BS_AUTOCHECKBOX | WS_TABSTOP,164,227,120,10",pending-review,,
src/Resources/TortoiseProcENG.rc,IDD_SETTINGSDIALOGS,IDC_DESCRIBEONLYFIRSTPARENT,1,CONTROL,Only follow first parent,"CONTROL         ""Only follow first parent"",IDC_DESCRIBEONLYFIRSTPARENT, ""Button"",BS_AUTOCHECKBOX | WS_TABSTOP,19,244,253,10",pending-review,,
src/Resources/TortoiseProcENG.rc,IDD_SETTINGSDIALOGS2,IDC_STATIC,1,GROUPBOX,Misc,"GROUPBOX        ""Misc"",IDC_STATIC,7,8,287,149",pending-review,,
src/Resources/TortoiseProcENG.rc,IDD_SETTINGSDIALOGS2,IDC_STATIC,2,LTEXT,&Autoclose Git.exe dialog:,"LTEXT           ""&Autoclose Git.exe dialog:"",IDC_STATIC,14,16,85,16,SS_CENTERIMAGE",pending-review,,
src/Resources/TortoiseProcENG.rc,IDD_SETTINGSDIALOGS2,IDC_AUTOCLOSECOMBO,1,COMBOBOX,,"COMBOBOX        IDC_AUTOCLOSECOMBO,107,18,177,75,CBS_DROPDOWNLIST | WS_VSCROLL | WS_TABSTOP",pending-review,,
src/Resources/TortoiseProcENG.rc,IDD_SETTINGSDIALOGS2,IDC_USERECYCLEBIN,1,CONTROL,Use recycle bin when reverting,"CONTROL         ""Use recycle bin when reverting"",IDC_USERECYCLEBIN, ""Button"",BS_AUTOCHECKBOX | WS_TABSTOP,14,34,270,10",pending-review,,
src/Resources/TortoiseProcENG.rc,IDD_SETTINGSDIALOGS2,IDC_CONFIRMKILLPROCESS,1,CONTROL,Confirm to kill running git process,"CONTROL         ""Confirm to kill running git process"",IDC_CONFIRMKILLPROCESS, ""Button"",BS_AUTOCHECKBOX | WS_TABSTOP,14,47,270,10",pending-review,,
src/Resources/TortoiseProcENG.rc,IDD_SETTINGSDIALOGS2,IDC_SYNCDIALOGRANDOMPOS,1,CONTROL,Randomize Sync Dialog startup position,"CONTROL         ""Randomize Sync Dialog startup position"",IDC_SYNCDIALOGRANDOMPOS, ""Button"",BS_AUTOCHECKBOX | WS_TABSTOP,14,60,270,10",pending-review,,
src/Resources/TortoiseProcENG.rc,IDD_SETTINGSDIALOGS2,IDC_REFCOMPAREHIDEUNCHANGED,1,CONTROL,Hide unchanged refs in Ref Compare List,"CONTROL         ""Hide unchanged refs in Ref Compare List"",IDC_REFCOMPAREHIDEUNCHANGED, ""Button"",BS_AUTOCHECKBOX | WS_TABSTOP,14,73,270,10",pending-review,,
src/Resources/TortoiseProcENG.rc,IDD_SETTINGSDIALOGS2,IDC_PROGRESSDLG_SHOW_TIMES,1,CONTROL,Show git.exe execution timings and timestamp,"CONTROL         ""Show git.exe execution timings and timestamp"",IDC_PROGRESSDLG_SHOW_TIMES, ""Button"",BS_AUTOCHECKBOX | WS_TABSTOP,14,87,270,10",pending-review,,
src/Resources/TortoiseProcENG.rc,IDD_SETTINGSDIALOGS2,IDC_SORTTAGSREVERSED,1,CONTROL,Sort tag list in reversed order,"CONTROL         ""Sort tag list in reversed order"",IDC_SORTTAGSREVERSED, ""Button"",BS_AUTOCHECKBOX | WS_TABSTOP,14,101,270,10",pending-review,,
src/Resources/TortoiseProcENG.rc,IDD_SETTINGSDIALOGS2,IDC_NOSOUNDS,1,CONTROL,Disable sounds,"CONTROL         ""Disable sounds"",IDC_NOSOUNDS,""Button"",BS_AUTOCHECKBOX | WS_TABSTOP,14,115,270,10",pending-review,,
src/Resources/TortoiseProcENG.rc,IDD_SETTINGSDIALOGS2,IDC_BRANCHESINCLUDEFETCHHEAD,1,CONTROL,Include FETCH_HEAD in branch selection boxes,"CONTROL         ""Include FETCH_HEAD in branch selection boxes"",IDC_BRANCHESINCLUDEFETCHHEAD, ""Button"",BS_AUTOCHECKBOX | WS_TABSTOP,14,129,270,10",pending-review,,
src/Resources/TortoiseProcENG.rc,IDD_SETTINGSDIALOGS2,IDC_USEMAILMAP,1,CONTROL,Use .mailmap,"CONTROL         ""Use .mailmap"",IDC_USEMAILMAP,""Button"",BS_AUTOCHECKBOX | WS_TABSTOP,14,143,270,10",pending-review,,
src/Resources/TortoiseProcENG.rc,IDD_SETTINGSDIALOGS2,IDC_COMMITGROUP,1,GROUPBOX,Commit,"GROUPBOX        ""Commit"",IDC_COMMITGROUP,7,159,286,112",pending-review,,
src/Resources/TortoiseProcENG.rc,IDD_SETTINGSDIALOGS2,IDC_AUTOCOMPLETION,1,CONTROL,&Use auto-completion of file paths and keywords,"CONTROL         ""&Use auto-completion of file paths and keywords"",IDC_AUTOCOMPLETION, ""Button"",BS_AUTOCHECKBOX | WS_TABSTOP,14,170,271,10",pending-review,,
src/Resources/TortoiseProcENG.rc,IDD_SETTINGSDIALOGS2,IDC_AUTOCOMPLETIONTIMEOUTLABEL,1,LTEXT,&Timeout in seconds to stop the auto-completion parsing,"LTEXT           ""&Timeout in seconds to stop the auto-completion parsing"",IDC_AUTOCOMPLETIONTIMEOUTLABEL,14,185,231,8,SS_NOTIFY",pending-review,,
src/Resources/TortoiseProcENG.rc,IDD_SETTINGSDIALOGS2,IDC_AUTOCOMPLETIONTIMEOUT,1,EDITTEXT,,"EDITTEXT        IDC_AUTOCOMPLETIONTIMEOUT,252,185,31,12,ES_AUTOHSCROLL | ES_NUMBER,WS_EX_RIGHT",pending-review,,
src/Resources/TortoiseProcENG.rc,IDD_SETTINGSDIALOGS2,IDC_MAXHISTORYLABEL,1,LTEXT,Max. items to keep in the log message history,"LTEXT           ""Max. items to keep in the log message history"",IDC_MAXHISTORYLABEL,14,203,226,8,SS_NOTIFY",pending-review,,
src/Resources/TortoiseProcENG.rc,IDD_SETTINGSDIALOGS2,IDC_MAXHISTORY,1,EDITTEXT,,"EDITTEXT        IDC_MAXHISTORY,252,203,31,12,ES_AUTOHSCROLL | ES_NUMBER,WS_EX_RIGHT",pending-review,,
src/Resources/TortoiseProcENG.rc,IDD_SETTINGSDIALOGS2,IDC_SELECTFILESONCOMMIT,1,CONTROL,Select items automatically,"CONTROL         ""Select items automatically"",IDC_SELECTFILESONCOMMIT, ""Button"",BS_AUTOCHECKBOX | WS_TABSTOP,14,217,270,10",pending-review,,
src/Resources/TortoiseProcENG.rc,IDD_SETTINGSDIALOGS2,IDC_NOAUTOSELECTMISSING,1,CONTROL,"Do not auto-select """"missing"""" files (deleted, but unstaged)","CONTROL         ""Do not auto-select """"missing"""" files (deleted, but unstaged)"",IDC_NOAUTOSELECTMISSING, ""Button"",BS_AUTOCHECKBOX | WS_TABSTOP,14,230,270,10",pending-review,,
src/Resources/TortoiseProcENG.rc,IDD_SETTINGSDIALOGS2,IDC_STRIPCOMMENTEDLINES,1,CONTROL,"Strip lines starting with """"#"""" in commit message","CONTROL         ""Strip lines starting with """"#"""" in commit message"",IDC_STRIPCOMMENTEDLINES, ""Button"",BS_AUTOCHECKBOX | WS_TABSTOP,14,244,270,10",pending-review,,
src/Resources/TortoiseProcENG.rc,IDD_SETTINGSDIALOGS2,IDC_STATIC,3,LTEXT,Further options for the commit dialog are on Dialogs 3 page.,"LTEXT           ""Further options for the commit dialog are on Dialogs 3 page."",IDC_STATIC,14,257,270,9",pending-review,,
src/Resources/TortoiseProcENG.rc,IDD_RESOLVE,IDC_RESOLVELIST,1,CONTROL,,"CONTROL         """",IDC_RESOLVELIST,""SysListView32"",LVS_REPORT | LVS_SHOWSELALWAYS | LVS_ALIGNLEFT | WS_BORDER | WS_TABSTOP,7,7,275,107",partial,Sources/TurtleGitMac/ResolveWindow.swift,Native six-control layout and checked current resolution verified; full conflict editor/menu/drop/progress QA pending. See RESOLVE-PARITY.md.
src/Resources/TortoiseProcENG.rc,IDD_RESOLVE,IDC_SELECTALL,1,CONTROL,Select/deselect &all,"CONTROL         ""Select/deselect &all"",IDC_SELECTALL,""Button"",BS_AUTO3STATE | WS_TABSTOP,7,119,85,10",partial,Sources/TurtleGitMac/ResolveWindow.swift,Native six-control layout and checked current resolution verified; full conflict editor/menu/drop/progress QA pending. See RESOLVE-PARITY.md.
src/Resources/TortoiseProcENG.rc,IDD_RESOLVE,IDOK,1,DEFPUSHBUTTON,OK,"DEFPUSHBUTTON   ""OK"",IDOK,125,133,50,14",partial,Sources/TurtleGitMac/ResolveWindow.swift,Native six-control layout and checked current resolution verified; full conflict editor/menu/drop/progress QA pending. See RESOLVE-PARITY.md.
src/Resources/TortoiseProcENG.rc,IDD_RESOLVE,IDCANCEL,1,PUSHBUTTON,Cancel,"PUSHBUTTON      ""Cancel"",IDCANCEL,179,133,50,14",partial,Sources/TurtleGitMac/ResolveWindow.swift,Native six-control layout and checked current resolution verified; full conflict editor/menu/drop/progress QA pending. See RESOLVE-PARITY.md.
src/Resources/TortoiseProcENG.rc,IDD_RESOLVE,IDHELP,1,PUSHBUTTON,Help,"PUSHBUTTON      ""Help"",IDHELP,232,133,50,14",partial,Sources/TurtleGitMac/ResolveWindow.swift,Native six-control layout and checked current resolution verified; full conflict editor/menu/drop/progress QA pending. See RESOLVE-PARITY.md.
src/Resources/TortoiseProcENG.rc,IDD_RESOLVE,IDC_STATIC_REMINDER,1,LTEXT,Reminder: Commit your change after resolve,"LTEXT           ""Reminder: Commit your change after resolve"",IDC_STATIC_REMINDER,133,119,149,8",partial,Sources/TurtleGitMac/ResolveWindow.swift,Native six-control layout and checked current resolution verified; full conflict editor/menu/drop/progress QA pending. See RESOLVE-PARITY.md.
src/Resources/TortoiseProcENG.rc,IDD_DIFFFILES,IDC_DIFFSTATIC1,1,LTEXT,Difference between,"LTEXT           ""Difference between"",IDC_DIFFSTATIC1,7,7,125,8",pending-review,,
src/Resources/TortoiseProcENG.rc,IDD_DIFFFILES,IDC_DIFFOPTION,1,CHECKBOX,Diff Options,"CHECKBOX        ""Diff Options"",IDC_DIFFOPTION,140,4,73,14,BS_PUSHLIKE",pending-review,,
src/Resources/TortoiseProcENG.rc,IDD_DIFFFILES,IDC_LOG,1,PUSHBUTTON,Show log,"PUSHBUTTON      ""Show log"",IDC_LOG,217,4,52,14",pending-review,,
src/Resources/TortoiseProcENG.rc,IDD_DIFFFILES,IDC_SWITCHLEFTRIGHT,1,PUSHBUTTON,,"PUSHBUTTON      """",IDC_SWITCHLEFTRIGHT,273,4,21,14,BS_ICON",pending-review,,
src/Resources/TortoiseProcENG.rc,IDD_DIFFFILES,IDC_REV1GROUP,1,GROUPBOX,Version 1 (Base),"GROUPBOX        ""Version 1 (Base)"",IDC_REV1GROUP,6,16,288,45",pending-review,,
src/Resources/TortoiseProcENG.rc,IDD_DIFFFILES,IDC_REV1EDIT,1,EDITTEXT,,"EDITTEXT        IDC_REV1EDIT,11,28,213,14,ES_AUTOHSCROLL | ES_WANTRETURN",pending-review,,
src/Resources/TortoiseProcENG.rc,IDD_DIFFFILES,IDC_REV1BTN,1,PUSHBUTTON,HEAD,"PUSHBUTTON      ""HEAD"",IDC_REV1BTN,230,27,57,14",pending-review,,
src/Resources/TortoiseProcENG.rc,IDD_DIFFFILES,IDC_FIRSTURL,1,EDITTEXT,,"EDITTEXT        IDC_FIRSTURL,10,47,277,12,ES_MULTILINE | ES_AUTOHSCROLL | ES_READONLY | NOT WS_BORDER",pending-review,,
src/Resources/TortoiseProcENG.rc,IDD_DIFFFILES,IDC_REV2GROUP,1,GROUPBOX,Version 2,"GROUPBOX        ""Version 2"",IDC_REV2GROUP,6,63,288,48",pending-review,,
src/Resources/TortoiseProcENG.rc,IDD_DIFFFILES,IDC_REV2EDIT,1,EDITTEXT,,"EDITTEXT        IDC_REV2EDIT,11,77,212,14,ES_AUTOHSCROLL | ES_WANTRETURN",pending-review,,
src/Resources/TortoiseProcENG.rc,IDD_DIFFFILES,IDC_REV2BTN,1,PUSHBUTTON,HEAD,"PUSHBUTTON      ""HEAD"",IDC_REV2BTN,230,76,56,14",pending-review,,
src/Resources/TortoiseProcENG.rc,IDD_DIFFFILES,IDC_SECONDURL,1,EDITTEXT,,"EDITTEXT        IDC_SECONDURL,11,94,276,15,ES_MULTILINE | ES_AUTOHSCROLL | ES_READONLY | NOT WS_BORDER",pending-review,,
src/Resources/TortoiseProcENG.rc,IDD_DIFFFILES,IDC_FILTER,1,EDITTEXT,,"EDITTEXT        IDC_FILTER,7,115,287,14,ES_MULTILINE | ES_AUTOHSCROLL",pending-review,,
src/Resources/TortoiseProcENG.rc,IDD_DIFFFILES,IDC_FILELIST,1,CONTROL,,"CONTROL         """",IDC_FILELIST,""SysListView32"",LVS_REPORT | LVS_SHOWSELALWAYS | LVS_ALIGNLEFT | WS_BORDER | WS_TABSTOP,7,137,287,126",pending-review,,
src/Resources/TortoiseProcENG.rc,IDD_DIFFFILES,IDC_VIEW_PATCH,1,RTEXT,View Patch>>,"RTEXT           ""View Patch>>"",IDC_VIEW_PATCH,218,265,76,8",pending-review,,
src/Resources/TortoiseProcENG.rc,IDD_SETTINGSCOLORS_2,IDC_STATIC,1,GROUPBOX,Log Graphic,"GROUPBOX        ""Log Graphic"",IDC_STATIC,7,7,286,89",pending-review,,
src/Resources/TortoiseProcENG.rc,IDD_SETTINGSCOLORS_2,IDC_STATIC,2,LTEXT,Current Branch,"LTEXT           ""Current Branch"",IDC_STATIC,14,23,137,8",pending-review,,
src/Resources/TortoiseProcENG.rc,IDD_SETTINGSCOLORS_2,IDC_STATIC,3,LTEXT,Local Branch,"LTEXT           ""Local Branch"",IDC_STATIC,14,40,135,8",pending-review,,
src/Resources/TortoiseProcENG.rc,IDD_SETTINGSCOLORS_2,IDC_STATIC,4,LTEXT,Remote Branch,"LTEXT           ""Remote Branch"",IDC_STATIC,14,57,137,8",pending-review,,
src/Resources/TortoiseProcENG.rc,IDD_SETTINGSCOLORS_2,IDC_STATIC,5,LTEXT,Tag,"LTEXT           ""Tag"",IDC_STATIC,14,74,137,8",pending-review,,
src/Resources/TortoiseProcENG.rc,IDD_SETTINGSCOLORS_2,IDC_STATIC,6,LTEXT,Filter match,"LTEXT           ""Filter match"",IDC_STATIC,14,103,137,8",pending-review,,
src/Resources/TortoiseProcENG.rc,IDD_SETTINGSCOLORS_2,IDC_CURRENT_BRANCH,1,PUSHBUTTON,,"PUSHBUTTON      """",IDC_CURRENT_BRANCH,158,20,101,14",pending-review,,
src/Resources/TortoiseProcENG.rc,IDD_SETTINGSCOLORS_2,IDC_LOCAL_BRANCH,1,PUSHBUTTON,,"PUSHBUTTON      """",IDC_LOCAL_BRANCH,158,37,101,14",pending-review,,
src/Resources/TortoiseProcENG.rc,IDD_SETTINGSCOLORS_2,IDC_REMOTE_BRANCH,1,PUSHBUTTON,,"PUSHBUTTON      """",IDC_REMOTE_BRANCH,158,54,101,14",pending-review,,
src/Resources/TortoiseProcENG.rc,IDD_SETTINGSCOLORS_2,IDC_TAGS,1,PUSHBUTTON,,"PUSHBUTTON      """",IDC_TAGS,158,71,101,14",pending-review,,
src/Resources/TortoiseProcENG.rc,IDD_SETTINGSCOLORS_2,IDC_FILTERMATCHCOLOR,1,PUSHBUTTON,,"PUSHBUTTON      """",IDC_FILTERMATCHCOLOR,158,100,101,14",pending-review,,
src/Resources/TortoiseProcENG.rc,IDD_SETTINGSCOLORS_2,IDC_RESTORE,1,PUSHBUTTON,Restore Default,"PUSHBUTTON      ""Restore Default"",IDC_RESTORE,211,196,82,14",pending-review,,
src/Resources/TortoiseProcENG.rc,IDD_SETTINGSSAVEDDATA,IDC_URLHISTORY,1,LTEXT,URL history,"LTEXT           ""URL history"",IDC_URLHISTORY,7,20,226,8",pending-review,,
src/Resources/TortoiseProcENG.rc,IDD_SETTINGSSAVEDDATA,IDC_URLHISTCLEAR,1,PUSHBUTTON,Clear,"PUSHBUTTON      ""Clear"",IDC_URLHISTCLEAR,243,18,50,14",pending-review,,
src/Resources/TortoiseProcENG.rc,IDD_SETTINGSSAVEDDATA,IDC_LOGHISTORY,1,LTEXT,Log messages (Input dialog),"LTEXT           ""Log messages (Input dialog)"",IDC_LOGHISTORY,7,42,226,8",pending-review,,
src/Resources/TortoiseProcENG.rc,IDD_SETTINGSSAVEDDATA,IDC_LOGHISTCLEAR,1,PUSHBUTTON,Clear,"PUSHBUTTON      ""Clear"",IDC_LOGHISTCLEAR,243,40,50,14",pending-review,,
src/Resources/TortoiseProcENG.rc,IDD_SETTINGSSAVEDDATA,IDC_REPOLOG,1,LTEXT,Log messages (Show log dialog),"LTEXT           ""Log messages (Show log dialog)"",IDC_REPOLOG,7,64,226,8",pending-review,,
src/Resources/TortoiseProcENG.rc,IDD_SETTINGSSAVEDDATA,IDC_REPOLOGCLEAR,1,PUSHBUTTON,Clear,"PUSHBUTTON      ""Clear"",IDC_REPOLOGCLEAR,243,62,50,14",pending-review,,
src/Resources/TortoiseProcENG.rc,IDD_SETTINGSSAVEDDATA,IDC_RESIZABLEHISTORY,1,LTEXT,Dialog sizes and positions,"LTEXT           ""Dialog sizes and positions"",IDC_RESIZABLEHISTORY,7,86,226,8",pending-review,,
src/Resources/TortoiseProcENG.rc,IDD_SETTINGSSAVEDDATA,IDC_RESIZABLEHISTCLEAR,1,PUSHBUTTON,Clear,"PUSHBUTTON      ""Clear"",IDC_RESIZABLEHISTCLEAR,243,84,50,14",pending-review,,
src/Resources/TortoiseProcENG.rc,IDD_SETTINGSSAVEDDATA,IDC_AUTHHISTORY,1,LTEXT,Authentication data,"LTEXT           ""Authentication data"",IDC_AUTHHISTORY,7,108,226,8",pending-review,,
src/Resources/TortoiseProcENG.rc,IDD_SETTINGSSAVEDDATA,IDC_AUTHHISTCLEAR,1,PUSHBUTTON,Clear,"PUSHBUTTON      ""Clear"",IDC_AUTHHISTCLEAR,243,106,50,14",pending-review,,
src/Resources/TortoiseProcENG.rc,IDD_SETTINGSSAVEDDATA,IDC_STATIC,1,LTEXT,Temp files (including Gravatar images),"LTEXT           ""Temp files (including Gravatar images)"",IDC_STATIC,7,130,226,10",pending-review,,
src/Resources/TortoiseProcENG.rc,IDD_SETTINGSSAVEDDATA,IDC_TEMPFILESCLEAR,1,PUSHBUTTON,Clear,"PUSHBUTTON      ""Clear"",IDC_TEMPFILESCLEAR,243,128,50,14",pending-review,,
src/Resources/TortoiseProcENG.rc,IDD_SETTINGSSAVEDDATA,IDC_STOREDDECISIONS,1,LTEXT,Stored decisions,"LTEXT           ""Stored decisions"",IDC_STOREDDECISIONS,7,151,226,10",pending-review,,
src/Resources/TortoiseProcENG.rc,IDD_SETTINGSSAVEDDATA,IDC_STOREDDECISIONSCLEAR,1,PUSHBUTTON,Clear,"PUSHBUTTON      ""Clear"",IDC_STOREDDECISIONSCLEAR,243,149,50,14",pending-review,,
src/Resources/TortoiseProcENG.rc,IDD_SETTINGSSAVEDDATA,IDC_STATIC,2,GROUPBOX,Action log,"GROUPBOX        ""Action log"",IDC_STATIC,7,173,286,30",pending-review,,
src/Resources/TortoiseProcENG.rc,IDD_SETTINGSSAVEDDATA,IDC_STATIC,3,LTEXT,Max. lines in action log,"LTEXT           ""Max. lines in action log"",IDC_STATIC,13,185,120,16",pending-review,,
src/Resources/TortoiseProcENG.rc,IDD_SETTINGSSAVEDDATA,IDC_MAXLINES,1,EDITTEXT,,"EDITTEXT        IDC_MAXLINES,139,183,40,14,ES_RIGHT | ES_AUTOHSCROLL",pending-review,,
src/Resources/TortoiseProcENG.rc,IDD_SETTINGSSAVEDDATA,IDC_ACTIONLOGSHOW,1,PUSHBUTTON,Show,"PUSHBUTTON      ""Show"",IDC_ACTIONLOGSHOW,183,182,50,14",pending-review,,
src/Resources/TortoiseProcENG.rc,IDD_SETTINGSSAVEDDATA,IDC_ACTIONLOGCLEAR,1,PUSHBUTTON,Clear,"PUSHBUTTON      ""Clear"",IDC_ACTIONLOGCLEAR,236,182,50,14",pending-review,,
src/Resources/TortoiseProcENG.rc,IDD_HISTORYDLG,IDOK,1,DEFPUSHBUTTON,OK,"DEFPUSHBUTTON   ""OK"",IDOK,78,95,50,14",partial-native,Sources/TurtleGitMac/CommitMessageEditor.swift,"Native readable Log History sheet, OK multiselection, Cancel, double-click, keyboard selection and Delete verified; saved geometry, dark mode and broader QA pending. See docs/COMMIT-PARITY.md."
src/Resources/TortoiseProcENG.rc,IDD_HISTORYDLG,IDCANCEL,1,PUSHBUTTON,Cancel,"PUSHBUTTON      ""Cancel"",IDCANCEL,139,95,50,14",partial-native,Sources/TurtleGitMac/CommitMessageEditor.swift,"Native readable Log History sheet, OK multiselection, Cancel, double-click, keyboard selection and Delete verified; saved geometry, dark mode and broader QA pending. See docs/COMMIT-PARITY.md."
src/Resources/TortoiseProcENG.rc,IDD_HISTORYDLG,IDC_HISTORYLIST,1,LISTBOX,,"LISTBOX         IDC_HISTORYLIST,7,7,182,79,LBS_HASSTRINGS | LBS_USETABSTOPS | LBS_NOINTEGRALHEIGHT | LBS_EXTENDEDSEL | WS_VSCROLL | WS_HSCROLL | WS_TABSTOP",partial-native,Sources/TurtleGitMac/CommitMessageEditor.swift,"Native readable Log History sheet, OK multiselection, Cancel, double-click, keyboard selection and Delete verified; saved geometry, dark mode and broader QA pending. See docs/COMMIT-PARITY.md."
src/Resources/TortoiseProcENG.rc,IDD_SETTINGSHOOKS,IDC_HOOKLIST,1,CONTROL,,"CONTROL         """",IDC_HOOKLIST,""SysListView32"",LVS_REPORT | LVS_ALIGNLEFT | WS_BORDER | WS_TABSTOP,7,7,286,180",pending-review,,
src/Resources/TortoiseProcENG.rc,IDD_SETTINGSHOOKS,IDC_HOOKREMOVEBUTTON,1,PUSHBUTTON,Remove,"PUSHBUTTON      ""Remove"",IDC_HOOKREMOVEBUTTON,69,195,50,14,WS_DISABLED",pending-review,,
src/Resources/TortoiseProcENG.rc,IDD_SETTINGSHOOKS,IDC_HOOKEDITBUTTON,1,PUSHBUTTON,Edit...,"PUSHBUTTON      ""Edit..."",IDC_HOOKEDITBUTTON,127,195,50,14,WS_DISABLED",pending-review,,
src/Resources/TortoiseProcENG.rc,IDD_SETTINGSHOOKS,IDC_HOOKCOPYBUTTON,1,PUSHBUTTON,&Copy,"PUSHBUTTON      ""&Copy"",IDC_HOOKCOPYBUTTON,185,195,50,14,WS_DISABLED",pending-review,,
src/Resources/TortoiseProcENG.rc,IDD_SETTINGSHOOKS,IDC_HOOKADDBUTTON,1,PUSHBUTTON,Add...,"PUSHBUTTON      ""Add..."",IDC_HOOKADDBUTTON,243,195,50,14",pending-review,,
src/Resources/TortoiseProcENG.rc,IDD_SETTINGSHOOKCONFIG,IDC_ENABLE,1,CONTROL,&Enable,"CONTROL         ""&Enable"",IDC_ENABLE,""Button"",BS_AUTOCHECKBOX | WS_TABSTOP,7,7,351,10",pending-review,,
src/Resources/TortoiseProcENG.rc,IDD_SETTINGSHOOKCONFIG,IDC_HOOKTYPELABEL,1,LTEXT,Hook Type:,"LTEXT           ""Hook Type:"",IDC_HOOKTYPELABEL,7,22,213,8",pending-review,,
src/Resources/TortoiseProcENG.rc,IDD_SETTINGSHOOKCONFIG,IDC_HOOKTYPECOMBO,1,COMBOBOX,,"COMBOBOX        IDC_HOOKTYPECOMBO,254,19,134,107,CBS_DROPDOWNLIST | WS_VSCROLL | WS_TABSTOP",pending-review,,
src/Resources/TortoiseProcENG.rc,IDD_SETTINGSHOOKCONFIG,IDC_LOCALCHECK,1,CONTROL,Run for this repository,"CONTROL         ""Run for this repository"",IDC_LOCALCHECK,""Button"",BS_AUTOCHECKBOX | WS_TABSTOP,7,41,86,10",pending-review,,
src/Resources/TortoiseProcENG.rc,IDD_SETTINGSHOOKCONFIG,IDC_HOOKWCPATHLABEL,1,LTEXT,Run when working tree path is under:,"LTEXT           ""Run when working tree path is under:"",IDC_HOOKWCPATHLABEL,7,52,381,8",pending-review,,
src/Resources/TortoiseProcENG.rc,IDD_SETTINGSHOOKCONFIG,IDC_HOOKPATH,1,EDITTEXT,,"EDITTEXT        IDC_HOOKPATH,7,63,351,14,ES_AUTOHSCROLL",pending-review,,
src/Resources/TortoiseProcENG.rc,IDD_SETTINGSHOOKCONFIG,IDC_HOOKBROWSE,1,PUSHBUTTON,...,"PUSHBUTTON      ""..."",IDC_HOOKBROWSE,366,63,22,14",pending-review,,
src/Resources/TortoiseProcENG.rc,IDD_SETTINGSHOOKCONFIG,IDC_HOOKCMLABEL,1,LTEXT,Command Line To Execute:,"LTEXT           ""Command Line To Execute:"",IDC_HOOKCMLABEL,7,86,381,8",pending-review,,
src/Resources/TortoiseProcENG.rc,IDD_SETTINGSHOOKCONFIG,IDC_HOOKCOMMANDLINE,1,EDITTEXT,,"EDITTEXT        IDC_HOOKCOMMANDLINE,7,99,351,14,ES_AUTOHSCROLL",pending-review,,
src/Resources/TortoiseProcENG.rc,IDD_SETTINGSHOOKCONFIG,IDC_HOOKCOMMANDBROWSE,1,PUSHBUTTON,...,"PUSHBUTTON      ""..."",IDC_HOOKCOMMANDBROWSE,366,99,22,14",pending-review,,
src/Resources/TortoiseProcENG.rc,IDD_SETTINGSHOOKCONFIG,IDC_WAITCHECK,1,CONTROL,Wait for the script to finish,"CONTROL         ""Wait for the script to finish"",IDC_WAITCHECK,""Button"",BS_AUTOCHECKBOX | WS_TABSTOP,7,117,351,10",pending-review,,
src/Resources/TortoiseProcENG.rc,IDD_SETTINGSHOOKCONFIG,IDC_HIDECHECK,1,CONTROL,Hide the script while running,"CONTROL         ""Hide the script while running"",IDC_HIDECHECK,""Button"",BS_AUTOCHECKBOX | WS_TABSTOP,7,131,198,10",pending-review,,
src/Resources/TortoiseProcENG.rc,IDD_SETTINGSHOOKCONFIG,IDOK,1,DEFPUSHBUTTON,OK,"DEFPUSHBUTTON   ""OK"",IDOK,228,127,50,14",pending-review,,
src/Resources/TortoiseProcENG.rc,IDD_SETTINGSHOOKCONFIG,IDCANCEL,1,PUSHBUTTON,Cancel,"PUSHBUTTON      ""Cancel"",IDCANCEL,283,127,50,14",pending-review,,
src/Resources/TortoiseProcENG.rc,IDD_SETTINGSHOOKCONFIG,IDHELP,1,PUSHBUTTON,Help,"PUSHBUTTON      ""Help"",IDHELP,338,127,50,14",pending-review,,
src/Resources/TortoiseProcENG.rc,IDD_EXPORT,IDC_REPOGROUP,1,GROUPBOX,Export Zip File,"GROUPBOX        ""Export Zip File"",IDC_REPOGROUP,7,7,286,51",pending-review,,
src/Resources/TortoiseProcENG.rc,IDD_EXPORT,IDC_EXPORTFILE_LABEL,1,LTEXT,Zip File,"LTEXT           ""Zip File"",IDC_EXPORTFILE_LABEL,13,20,223,8",pending-review,,
src/Resources/TortoiseProcENG.rc,IDD_EXPORT,IDC_EXPORTFILE,1,EDITTEXT,,"EDITTEXT        IDC_EXPORTFILE,13,31,255,14,ES_AUTOHSCROLL",pending-review,,
src/Resources/TortoiseProcENG.rc,IDD_EXPORT,IDC_EXPORTFILE_BROWSE,1,PUSHBUTTON,...,"PUSHBUTTON      ""..."",IDC_EXPORTFILE_BROWSE,273,31,14,14",pending-review,,
src/Resources/TortoiseProcENG.rc,IDD_EXPORT,IDC_GROUP_BASEON,1,GROUPBOX,Revision,"GROUPBOX        ""Revision"",IDC_GROUP_BASEON,7,65,286,80",pending-review,,
src/Resources/TortoiseProcENG.rc,IDD_EXPORT,IDC_RADIO_HEAD,1,CONTROL,&HEAD,"CONTROL         ""&HEAD"",IDC_RADIO_HEAD,""Button"",BS_AUTORADIOBUTTON,19,81,240,10",pending-review,,
src/Resources/TortoiseProcENG.rc,IDD_EXPORT,IDC_RADIO_BRANCH,1,CONTROL,&Branch,"CONTROL         ""&Branch"",IDC_RADIO_BRANCH,""Button"",BS_AUTORADIOBUTTON,19,96,62,10",pending-review,,
src/Resources/TortoiseProcENG.rc,IDD_EXPORT,IDC_COMBOBOXEX_BRANCH,1,CONTROL,,"CONTROL         """",IDC_COMBOBOXEX_BRANCH,""ComboBoxEx32"",CBS_DROPDOWNLIST | CBS_AUTOHSCROLL | CBS_SORT | WS_VSCROLL | WS_TABSTOP,84,95,184,160",pending-review,,
src/Resources/TortoiseProcENG.rc,IDD_EXPORT,IDC_BUTTON_BROWSE_REF,1,PUSHBUTTON,...,"PUSHBUTTON      ""..."",IDC_BUTTON_BROWSE_REF,273,94,14,14",pending-review,,
src/Resources/TortoiseProcENG.rc,IDD_EXPORT,IDC_RADIO_TAGS,1,CONTROL,&Tag,"CONTROL         ""&Tag"",IDC_RADIO_TAGS,""Button"",BS_AUTORADIOBUTTON,19,111,62,10",pending-review,,
src/Resources/TortoiseProcENG.rc,IDD_EXPORT,IDC_COMBOBOXEX_TAGS,1,CONTROL,,"CONTROL         """",IDC_COMBOBOXEX_TAGS,""ComboBoxEx32"",CBS_DROPDOWNLIST | CBS_AUTOHSCROLL | CBS_SORT | WS_VSCROLL | WS_TABSTOP,84,110,184,145",pending-review,,
src/Resources/TortoiseProcENG.rc,IDD_EXPORT,IDC_RADIO_VERSION,1,CONTROL,&Commit,"CONTROL         ""&Commit"",IDC_RADIO_VERSION,""Button"",BS_AUTORADIOBUTTON,19,126,62,10",pending-review,,
src/Resources/TortoiseProcENG.rc,IDD_EXPORT,IDC_COMBOBOXEX_VERSION,1,CONTROL,,"CONTROL         """",IDC_COMBOBOXEX_VERSION,""ComboBoxEx32"",CBS_DROPDOWN | CBS_AUTOHSCROLL | CBS_SORT | WS_VSCROLL | WS_TABSTOP,84,125,184,130",pending-review,,
src/Resources/TortoiseProcENG.rc,IDD_EXPORT,IDC_BUTTON_SHOW,1,PUSHBUTTON,...,"PUSHBUTTON      ""..."",IDC_BUTTON_SHOW,273,124,14,14",pending-review,,
src/Resources/TortoiseProcENG.rc,IDD_EXPORT,IDC_WHOLE_PROJECT,1,CONTROL,&Whole Project,"CONTROL         ""&Whole Project"",IDC_WHOLE_PROJECT,""Button"",BS_AUTOCHECKBOX | WS_TABSTOP,7,148,161,10",pending-review,,
src/Resources/TortoiseProcENG.rc,IDD_EXPORT,IDOK,1,DEFPUSHBUTTON,OK,"DEFPUSHBUTTON   ""OK"",IDOK,129,162,50,14",pending-review,,
src/Resources/TortoiseProcENG.rc,IDD_EXPORT,IDCANCEL,1,PUSHBUTTON,Cancel,"PUSHBUTTON      ""Cancel"",IDCANCEL,189,162,48,14",pending-review,,
src/Resources/TortoiseProcENG.rc,IDD_EXPORT,IDHELP,1,PUSHBUTTON,Help,"PUSHBUTTON      ""Help"",IDHELP,243,162,50,14",pending-review,,
src/Resources/TortoiseProcENG.rc,IDD_SETTINGSTBLAME,IDC_STATIC,1,GROUPBOX,Colors,"GROUPBOX        ""Colors"",IDC_STATIC,7,7,286,67",pending-review,,
src/Resources/TortoiseProcENG.rc,IDD_SETTINGSTBLAME,IDC_STATIC,2,LTEXT,Recently modified lines,"LTEXT           ""Recently modified lines"",IDC_STATIC,14,21,148,8",pending-review,,
src/Resources/TortoiseProcENG.rc,IDD_SETTINGSTBLAME,IDC_NEWLINESCOLOR,1,PUSHBUTTON,,"PUSHBUTTON      """",IDC_NEWLINESCOLOR,172,17,81,14",pending-review,,
src/Resources/TortoiseProcENG.rc,IDD_SETTINGSTBLAME,IDC_STATIC,3,LTEXT,Older lines,"LTEXT           ""Older lines"",IDC_STATIC,14,37,148,8",pending-review,,
src/Resources/TortoiseProcENG.rc,IDD_SETTINGSTBLAME,IDC_OLDLINESCOLOR,1,PUSHBUTTON,,"PUSHBUTTON      """",IDC_OLDLINESCOLOR,172,34,81,14",pending-review,,
src/Resources/TortoiseProcENG.rc,IDD_SETTINGSTBLAME,IDC_RESTORE,1,PUSHBUTTON,Restore Default,"PUSHBUTTON      ""Restore Default"",IDC_RESTORE,172,54,81,14",pending-review,,
src/Resources/TortoiseProcENG.rc,IDD_SETTINGSTBLAME,IDC_STATIC,4,GROUPBOX,Font,"GROUPBOX        ""Font"",IDC_STATIC,7,77,286,46",pending-review,,
src/Resources/TortoiseProcENG.rc,IDD_SETTINGSTBLAME,IDC_STATIC,5,LTEXT,&Font:,"LTEXT           ""&Font:"",IDC_STATIC,14,85,92,17,SS_CENTERIMAGE",pending-review,,
src/Resources/TortoiseProcENG.rc,IDD_SETTINGSTBLAME,IDC_FONTNAMES,1,COMBOBOX,,"COMBOBOX        IDC_FONTNAMES,107,88,136,90,CBS_DROPDOWNLIST | CBS_OWNERDRAWVARIABLE | CBS_SORT | CBS_HASSTRINGS | WS_VSCROLL | WS_TABSTOP",pending-review,,
src/Resources/TortoiseProcENG.rc,IDD_SETTINGSTBLAME,IDC_FONTSIZES,1,COMBOBOX,,"COMBOBOX        IDC_FONTSIZES,253,88,31,47,CBS_DROPDOWN | WS_VSCROLL | WS_TABSTOP",pending-review,,
src/Resources/TortoiseProcENG.rc,IDD_SETTINGSTBLAME,IDC_STATIC,6,LTEXT,Tab size:,"LTEXT           ""Tab size:"",IDC_STATIC,14,108,92,8",pending-review,,
src/Resources/TortoiseProcENG.rc,IDD_SETTINGSTBLAME,IDC_TABSIZE,1,EDITTEXT,,"EDITTEXT        IDC_TABSIZE,253,106,31,12,ES_AUTOHSCROLL | ES_NUMBER,WS_EX_RIGHT",pending-review,,
src/Resources/TortoiseProcENG.rc,IDD_SETTINGSTBLAME,IDC_STATIC,7,GROUPBOX,Blame,"GROUPBOX        ""Blame"",IDC_STATIC,7,126,286,79",pending-review,,
src/Resources/TortoiseProcENG.rc,IDD_SETTINGSTBLAME,IDC_STATIC,8,LTEXT,&Detect moved or copied lines:,"LTEXT           ""&Detect moved or copied lines:"",IDC_STATIC,14,136,108,12,SS_CENTERIMAGE",pending-review,,
src/Resources/TortoiseProcENG.rc,IDD_SETTINGSTBLAME,IDC_DETECT_MOVED_OR_COPIED_LINES,1,COMBOBOX,,"COMBOBOX        IDC_DETECT_MOVED_OR_COPIED_LINES,172,137,112,90,CBS_DROPDOWNLIST | WS_VSCROLL | WS_TABSTOP",pending-review,,
src/Resources/TortoiseProcENG.rc,IDD_SETTINGSTBLAME,IDC_STATIC,9,LTEXT,Number of characters required for moved or copied line detection:,"LTEXT           ""Number of characters required for moved or copied line detection:"",IDC_STATIC,14,153,247,8",pending-review,,
src/Resources/TortoiseProcENG.rc,IDD_SETTINGSTBLAME,IDC_STATIC,10,LTEXT,Within a file:,"LTEXT           ""Within a file:"",IDC_STATIC,32,165,60,8",pending-review,,
src/Resources/TortoiseProcENG.rc,IDD_SETTINGSTBLAME,IDC_DETECT_MOVED_OR_COPIED_LINES_NUM_CHARACTERS_WITHIN_FILE,1,EDITTEXT,,"EDITTEXT        IDC_DETECT_MOVED_OR_COPIED_LINES_NUM_CHARACTERS_WITHIN_FILE,105,164,31,12,ES_AUTOHSCROLL | ES_NUMBER,WS_EX_RIGHT",pending-review,,
src/Resources/TortoiseProcENG.rc,IDD_SETTINGSTBLAME,IDC_STATIC,11,LTEXT,Between files:,"LTEXT           ""Between files:"",IDC_STATIC,172,165,70,8",pending-review,,
src/Resources/TortoiseProcENG.rc,IDD_SETTINGSTBLAME,IDC_DETECT_MOVED_OR_COPIED_LINES_NUM_CHARACTERS_FROM_FILES,1,EDITTEXT,,"EDITTEXT        IDC_DETECT_MOVED_OR_COPIED_LINES_NUM_CHARACTERS_FROM_FILES,253,164,31,12,ES_AUTOHSCROLL | ES_NUMBER,WS_EX_RIGHT",pending-review,,
src/Resources/TortoiseProcENG.rc,IDD_SETTINGSTBLAME,IDC_IGNORE_WHITESPACE,1,CONTROL,Ignore whitespace,"CONTROL         ""Ignore whitespace"",IDC_IGNORE_WHITESPACE,""Button"",BS_AUTOCHECKBOX | WS_TABSTOP,14,178,148,8",pending-review,,
src/Resources/TortoiseProcENG.rc,IDD_SETTINGSTBLAME,IDC_BLAME_ONLYFIRSTPARENT,1,CONTROL,Only consider first parents on blame,"CONTROL         ""Only consider first parents on blame"",IDC_BLAME_ONLYFIRSTPARENT, ""Button"",BS_AUTOCHECKBOX | WS_TABSTOP,14,191,270,8",pending-review,,
src/Resources/TortoiseProcENG.rc,IDD_SETTINGSTBLAME,IDC_STATIC,12,GROUPBOX,Log,"GROUPBOX        ""Log"",IDC_STATIC,7,208,286,42",pending-review,,
src/Resources/TortoiseProcENG.rc,IDD_SETTINGSTBLAME,IDC_SHOWCOMPLETELOG,1,CONTROL,Show complete log,"CONTROL         ""Show complete log"",IDC_SHOWCOMPLETELOG,""Button"",BS_AUTOCHECKBOX | WS_TABSTOP,14,221,148,8",pending-review,,
src/Resources/TortoiseProcENG.rc,IDD_SETTINGSTBLAME,IDC_FOLLOWRENAMES,1,CONTROL,Follow renames,"CONTROL         ""Follow renames"",IDC_FOLLOWRENAMES,""Button"",BS_AUTOCHECKBOX | WS_TABSTOP,29,234,148,8",pending-review,,
src/Resources/TortoiseProcENG.rc,IDD_CREATECHANGELIST,IDOK,1,DEFPUSHBUTTON,OK,"DEFPUSHBUTTON   ""OK"",IDOK,70,45,50,14",pending-review,,
src/Resources/TortoiseProcENG.rc,IDD_CREATECHANGELIST,IDCANCEL,1,PUSHBUTTON,Cancel,"PUSHBUTTON      ""Cancel"",IDCANCEL,129,45,50,14",pending-review,,
src/Resources/TortoiseProcENG.rc,IDD_CREATECHANGELIST,IDC_STATIC,1,LTEXT,Enter a name for the changelist:,"LTEXT           ""Enter a name for the changelist:"",IDC_STATIC,7,7,172,8",pending-review,,
src/Resources/TortoiseProcENG.rc,IDD_CREATECHANGELIST,IDC_NAME,1,EDITTEXT,,"EDITTEXT        IDC_NAME,7,20,172,14,ES_AUTOHSCROLL",pending-review,,
src/Resources/TortoiseProcENG.rc,IDD_SETTINGSBUGTRAQ,IDC_BUGTRAQLIST,1,CONTROL,,"CONTROL         """",IDC_BUGTRAQLIST,""SysListView32"",LVS_REPORT | LVS_ALIGNLEFT | WS_BORDER | WS_TABSTOP,7,7,286,180",pending-review,,
src/Resources/TortoiseProcENG.rc,IDD_SETTINGSBUGTRAQ,IDC_BUGTRAQEDITBUTTON,1,PUSHBUTTON,Edit...,"PUSHBUTTON      ""Edit..."",IDC_BUGTRAQEDITBUTTON,127,195,50,14,WS_DISABLED",pending-review,,
src/Resources/TortoiseProcENG.rc,IDD_SETTINGSBUGTRAQ,IDC_BUGTRAQREMOVEBUTTON,1,PUSHBUTTON,Remove,"PUSHBUTTON      ""Remove"",IDC_BUGTRAQREMOVEBUTTON,69,195,50,14,WS_DISABLED",pending-review,,
src/Resources/TortoiseProcENG.rc,IDD_SETTINGSBUGTRAQ,IDC_BUGTRAQCOPYBUTTON,1,PUSHBUTTON,&Copy,"PUSHBUTTON      ""&Copy"",IDC_BUGTRAQCOPYBUTTON,185,195,50,14,WS_DISABLED",pending-review,,
src/Resources/TortoiseProcENG.rc,IDD_SETTINGSBUGTRAQ,IDC_BUGTRAQADDBUTTON,1,PUSHBUTTON,Add...,"PUSHBUTTON      ""Add..."",IDC_BUGTRAQADDBUTTON,243,195,50,14",pending-review,,
src/Resources/TortoiseProcENG.rc,IDD_SETTINGSBUGTRAQ_CONFIG,IDC_STATIC,1,CTEXT,|,"CTEXT           ""|"",IDC_STATIC,64,18,8,11",pending-review,,
src/Resources/TortoiseProcENG.rc,IDD_SETTINGSBUGTRAQ_CONFIG,IDC_STATIC,2,CTEXT,<<,"CTEXT           ""<<"",IDC_STATIC,173,18,13,11",pending-review,,
src/Resources/TortoiseProcENG.rc,IDD_SETTINGSBUGTRAQ_CONFIG,IDC_STATIC,3,CTEXT,<<,"CTEXT           ""<<"",IDC_STATIC,233,18,13,11",pending-review,,
src/Resources/TortoiseProcENG.rc,IDD_SETTINGSBUGTRAQ_CONFIG,IDC_STATIC,4,CTEXT,<<,"CTEXT           ""<<"",IDC_STATIC,112,18,13,11",pending-review,,
src/Resources/TortoiseProcENG.rc,IDD_SETTINGSBUGTRAQ_CONFIG,IDC_RADIO_SETTINGS_EFFECTIVE,1,CONTROL,Effective,"CONTROL         ""Effective"",IDC_RADIO_SETTINGS_EFFECTIVE,""Button"",BS_AUTORADIOBUTTON | WS_GROUP | WS_TABSTOP,14,18,50,10",pending-review,,
src/Resources/TortoiseProcENG.rc,IDD_SETTINGSBUGTRAQ_CONFIG,IDC_RADIO_SETTINGS_LOCAL,1,CONTROL,Local,"CONTROL         ""Local"",IDC_RADIO_SETTINGS_LOCAL,""Button"",BS_AUTORADIOBUTTON,72,18,40,10",pending-review,,
src/Resources/TortoiseProcENG.rc,IDD_SETTINGSBUGTRAQ_CONFIG,IDC_RADIO_SETTINGS_PROJECT,1,CONTROL,Project,"CONTROL         ""Project"",IDC_RADIO_SETTINGS_PROJECT,""Button"",BS_AUTORADIOBUTTON,126,18,47,10",pending-review,,
src/Resources/TortoiseProcENG.rc,IDD_SETTINGSBUGTRAQ_CONFIG,IDC_RADIO_SETTINGS_GLOBAL,1,CONTROL,Global,"CONTROL         ""Global"",IDC_RADIO_SETTINGS_GLOBAL,""Button"",BS_AUTORADIOBUTTON,187,18,46,10",pending-review,,
src/Resources/TortoiseProcENG.rc,IDD_SETTINGSBUGTRAQ_CONFIG,IDC_RADIO_SETTINGS_SYSTEM,1,CONTROL,System,"CONTROL         ""System"",IDC_RADIO_SETTINGS_SYSTEM,""Button"",BS_AUTORADIOBUTTON,248,18,46,10",pending-review,,
src/Resources/TortoiseProcENG.rc,IDD_SETTINGSBUGTRAQ_CONFIG,IDC_STATIC,5,GROUPBOX,Config source,"GROUPBOX        ""Config source"",IDC_STATIC,7,7,287,26",pending-review,,
src/Resources/TortoiseProcENG.rc,IDD_SETTINGSBUGTRAQ_CONFIG,IDC_STATIC,6,GROUPBOX,BugTraq,"GROUPBOX        ""BugTraq"",IDC_STATIC,7,34,287,153",pending-review,,
src/Resources/TortoiseProcENG.rc,IDD_SETTINGSBUGTRAQ_CONFIG,IDC_BUGTRAQ_URL,1,EDITTEXT,,"EDITTEXT        IDC_BUGTRAQ_URL,113,44,117,13,ES_AUTOHSCROLL",pending-review,,
src/Resources/TortoiseProcENG.rc,IDD_SETTINGSBUGTRAQ_CONFIG,IDC_CHECK_INHERIT_BTURL,1,CONTROL,inherit,"CONTROL         ""inherit"",IDC_CHECK_INHERIT_BTURL,""Button"",BS_AUTOCHECKBOX | WS_TABSTOP,236,45,53,10",pending-review,,
src/Resources/TortoiseProcENG.rc,IDD_SETTINGSBUGTRAQ_CONFIG,IDC_BUGTRAQ_WARNINGIFNOISSUE,1,COMBOBOX,,"COMBOBOX        IDC_BUGTRAQ_WARNINGIFNOISSUE,113,60,63,15,CBS_DROPDOWNLIST | WS_VSCROLL | WS_TABSTOP",pending-review,,
src/Resources/TortoiseProcENG.rc,IDD_SETTINGSBUGTRAQ_CONFIG,IDC_BUGTRAQ_MESSAGE,1,EDITTEXT,,"EDITTEXT        IDC_BUGTRAQ_MESSAGE,113,77,117,14,ES_AUTOHSCROLL",pending-review,,
src/Resources/TortoiseProcENG.rc,IDD_SETTINGSBUGTRAQ_CONFIG,IDC_CHECK_INHERIT_BTMSG,1,CONTROL,inherit,"CONTROL         ""inherit"",IDC_CHECK_INHERIT_BTMSG,""Button"",BS_AUTOCHECKBOX | WS_TABSTOP,236,79,53,10",pending-review,,
src/Resources/TortoiseProcENG.rc,IDD_SETTINGSBUGTRAQ_CONFIG,IDC_BUGTRAQ_APPEND,1,COMBOBOX,,"COMBOBOX        IDC_BUGTRAQ_APPEND,113,94,63,15,CBS_DROPDOWNLIST | WS_VSCROLL | WS_TABSTOP",pending-review,,
src/Resources/TortoiseProcENG.rc,IDD_SETTINGSBUGTRAQ_CONFIG,IDC_BUGTRAQ_LABEL,1,EDITTEXT,,"EDITTEXT        IDC_BUGTRAQ_LABEL,113,111,117,14,ES_AUTOHSCROLL",pending-review,,
src/Resources/TortoiseProcENG.rc,IDD_SETTINGSBUGTRAQ_CONFIG,IDC_CHECK_INHERIT_BTLABEL,1,CONTROL,inherit,"CONTROL         ""inherit"",IDC_CHECK_INHERIT_BTLABEL,""Button"",BS_AUTOCHECKBOX | WS_TABSTOP,236,113,53,10",pending-review,,
src/Resources/TortoiseProcENG.rc,IDD_SETTINGSBUGTRAQ_CONFIG,IDC_BUGTRAQ_NUMBER,1,COMBOBOX,,"COMBOBOX        IDC_BUGTRAQ_NUMBER,113,128,63,15,CBS_DROPDOWNLIST | WS_VSCROLL | WS_TABSTOP",pending-review,,
src/Resources/TortoiseProcENG.rc,IDD_SETTINGSBUGTRAQ_CONFIG,IDC_BUGTRAQ_LOGREGEX,1,EDITTEXT,,"EDITTEXT        IDC_BUGTRAQ_LOGREGEX,113,144,170,25,ES_MULTILINE | ES_AUTOHSCROLL | ES_WANTRETURN",pending-review,,
src/Resources/TortoiseProcENG.rc,IDD_SETTINGSBUGTRAQ_CONFIG,IDC_CHECK_INHERIT_BTREGEXP,1,CONTROL,inherit,"CONTROL         ""inherit"",IDC_CHECK_INHERIT_BTREGEXP,""Button"",BS_AUTOCHECKBOX | WS_TABSTOP,113,172,60,10",pending-review,,
src/Resources/TortoiseProcENG.rc,IDD_SETTINGSBUGTRAQ_CONFIG,IDC_TESTBUGTRAQREGEXBUTTON,1,PUSHBUTTON,Test,"PUSHBUTTON      ""Test"",IDC_TESTBUGTRAQREGEXBUTTON,231,171,52,12",pending-review,,
src/Resources/TortoiseProcENG.rc,IDD_SETTINGSBUGTRAQ_CONFIG,IDC_STATIC,7,LTEXT,bugtraq.url,"LTEXT           ""bugtraq.url"",IDC_STATIC,14,44,89,8",pending-review,,
src/Resources/TortoiseProcENG.rc,IDD_SETTINGSBUGTRAQ_CONFIG,IDC_STATIC,8,LTEXT,bugtraq.warningifnoissue,"LTEXT           ""bugtraq.warningifnoissue"",IDC_STATIC,14,60,91,10",pending-review,,
src/Resources/TortoiseProcENG.rc,IDD_SETTINGSBUGTRAQ_CONFIG,IDC_STATIC,9,LTEXT,bugtraq.message,"LTEXT           ""bugtraq.message"",IDC_STATIC,14,77,86,10",pending-review,,
src/Resources/TortoiseProcENG.rc,IDD_SETTINGSBUGTRAQ_CONFIG,IDC_STATIC,10,LTEXT,bugtraq.append,"LTEXT           ""bugtraq.append"",IDC_STATIC,14,94,84,10",pending-review,,
src/Resources/TortoiseProcENG.rc,IDD_SETTINGSBUGTRAQ_CONFIG,IDC_STATIC,11,LTEXT,bugtraq.label,"LTEXT           ""bugtraq.label"",IDC_STATIC,14,111,77,10",pending-review,,
src/Resources/TortoiseProcENG.rc,IDD_SETTINGSBUGTRAQ_CONFIG,IDC_STATIC,12,LTEXT,bugtraq.number,"LTEXT           ""bugtraq.number"",IDC_STATIC,14,128,72,10",pending-review,,
src/Resources/TortoiseProcENG.rc,IDD_SETTINGSBUGTRAQ_CONFIG,IDC_STATIC,13,LTEXT,bugtraq.logregex,"LTEXT           ""bugtraq.logregex"",IDC_STATIC,14,144,79,10",pending-review,,
src/Resources/TortoiseProcENG.rc,IDD_SETTINGSBUGTRAQ_CONFIG,IDC_IBUGTRAQPROVIDERGROUP,1,GROUPBOX,IBugTraqProvider,"GROUPBOX        ""IBugTraqProvider"",IDC_IBUGTRAQPROVIDERGROUP,7,190,287,60",pending-review,,
src/Resources/TortoiseProcENG.rc,IDD_SETTINGSBUGTRAQ_CONFIG,IDC_UUIDLABEL32,1,LTEXT,Provider uuid win&32:,"LTEXT           ""Provider uuid win&32:"",IDC_UUIDLABEL32,14,202,79,8",pending-review,,
src/Resources/TortoiseProcENG.rc,IDD_SETTINGSBUGTRAQ_CONFIG,IDC_UUID32,1,EDITTEXT,,"EDITTEXT        IDC_UUID32,113,199,117,14,ES_AUTOHSCROLL",pending-review,,
src/Resources/TortoiseProcENG.rc,IDD_SETTINGSBUGTRAQ_CONFIG,IDC_UUIDLABEL64,1,LTEXT,Provider uuid x6&4:,"LTEXT           ""Provider uuid x6&4:"",IDC_UUIDLABEL64,14,217,88,8",pending-review,,
src/Resources/TortoiseProcENG.rc,IDD_SETTINGSBUGTRAQ_CONFIG,IDC_UUID64,1,EDITTEXT,,"EDITTEXT        IDC_UUID64,113,214,117,14,ES_AUTOHSCROLL",pending-review,,
src/Resources/TortoiseProcENG.rc,IDD_SETTINGSBUGTRAQ_CONFIG,IDC_PARAMSLABEL,1,LTEXT,Provider para&meters:,"LTEXT           ""Provider para&meters:"",IDC_PARAMSLABEL,14,233,79,8",pending-review,,
src/Resources/TortoiseProcENG.rc,IDD_SETTINGSBUGTRAQ_CONFIG,IDC_PARAMS,1,EDITTEXT,,"EDITTEXT        IDC_PARAMS,113,231,117,14,ES_AUTOHSCROLL",pending-review,,
src/Resources/TortoiseProcENG.rc,IDD_SETTINGSBUGTRAQ_CONFIG,IDC_CHECK_INHERIT_BTUUID32,1,CONTROL,inherit,"CONTROL         ""inherit"",IDC_CHECK_INHERIT_BTUUID32,""Button"",BS_AUTOCHECKBOX | WS_TABSTOP,236,202,53,10",pending-review,,
src/Resources/TortoiseProcENG.rc,IDD_SETTINGSBUGTRAQ_CONFIG,IDC_CHECK_INHERIT_BTUUID64,1,CONTROL,inherit,"CONTROL         ""inherit"",IDC_CHECK_INHERIT_BTUUID64,""Button"",BS_AUTOCHECKBOX | WS_TABSTOP,236,217,53,10",pending-review,,
src/Resources/TortoiseProcENG.rc,IDD_SETTINGSBUGTRAQ_CONFIG,IDC_CHECK_INHERIT_BTPARAMS,1,CONTROL,inherit,"CONTROL         ""inherit"",IDC_CHECK_INHERIT_BTPARAMS,""Button"",BS_AUTOCHECKBOX | WS_TABSTOP,236,233,53,10",pending-review,,
src/Resources/TortoiseProcENG.rc,IDD_SETTINGSBUGTRAQ_CONFIG,IDC_STATIC,14,LTEXT,Save to:,"LTEXT           ""Save to:"",IDC_STATIC,14,256,99,11",pending-review,,
src/Resources/TortoiseProcENG.rc,IDD_SETTINGSBUGTRAQ_CONFIG,IDC_COMBO_SETTINGS_SAFETO,1,COMBOBOX,,"COMBOBOX        IDC_COMBO_SETTINGS_SAFETO,113,255,117,15,CBS_DROPDOWNLIST | WS_VSCROLL | WS_TABSTOP",pending-review,,
src/Resources/TortoiseProcENG.rc,IDD_SETTINGSBUGTRAQADV,IDC_ENABLE,1,CONTROL,&Enable,"CONTROL         ""&Enable"",IDC_ENABLE,""Button"",BS_AUTOCHECKBOX | WS_TABSTOP,7,7,351,10",pending-review,,
src/Resources/TortoiseProcENG.rc,IDD_SETTINGSBUGTRAQADV,IDC_BUGTRAQWCPATHLABEL,1,LTEXT,Working Tree Path:,"LTEXT           ""Working Tree Path:"",IDC_BUGTRAQWCPATHLABEL,7,20,381,8",pending-review,,
src/Resources/TortoiseProcENG.rc,IDD_SETTINGSBUGTRAQADV,IDC_BUGTRAQPATH,1,EDITTEXT,,"EDITTEXT        IDC_BUGTRAQPATH,7,31,351,14,ES_AUTOHSCROLL",pending-review,,
src/Resources/TortoiseProcENG.rc,IDD_SETTINGSBUGTRAQADV,IDC_BUGTRAQBROWSE,1,PUSHBUTTON,...,"PUSHBUTTON      ""..."",IDC_BUGTRAQBROWSE,366,31,22,14",pending-review,,
src/Resources/TortoiseProcENG.rc,IDD_SETTINGSBUGTRAQADV,IDC_BUGTRAQPROVIDERLABEL,1,LTEXT,Provider:,"LTEXT           ""Provider:"",IDC_BUGTRAQPROVIDERLABEL,7,49,381,8",pending-review,,
src/Resources/TortoiseProcENG.rc,IDD_SETTINGSBUGTRAQADV,IDC_BUGTRAQPROVIDERCOMBO,1,COMBOBOX,,"COMBOBOX        IDC_BUGTRAQPROVIDERCOMBO,7,60,351,103,CBS_DROPDOWNLIST | CBS_SORT | WS_VSCROLL | WS_TABSTOP",pending-review,,
src/Resources/TortoiseProcENG.rc,IDD_SETTINGSBUGTRAQADV,IDC_BUGTRAQPARAMETERSLABEL,1,LTEXT,Parameters:,"LTEXT           ""Parameters:"",IDC_BUGTRAQPARAMETERSLABEL,7,80,381,8",pending-review,,
src/Resources/TortoiseProcENG.rc,IDD_SETTINGSBUGTRAQADV,IDC_BUGTRAQPARAMETERS,1,EDITTEXT,,"EDITTEXT        IDC_BUGTRAQPARAMETERS,7,91,325,14,ES_AUTOHSCROLL",pending-review,,
src/Resources/TortoiseProcENG.rc,IDD_SETTINGSBUGTRAQADV,IDC_OPTIONS,1,PUSHBUTTON,&Options,"PUSHBUTTON      ""&Options"",IDC_OPTIONS,338,92,50,14",pending-review,,
src/Resources/TortoiseProcENG.rc,IDD_SETTINGSBUGTRAQADV,IDOK,1,DEFPUSHBUTTON,OK,"DEFPUSHBUTTON   ""OK"",IDOK,228,113,50,14",pending-review,,
src/Resources/TortoiseProcENG.rc,IDD_SETTINGSBUGTRAQADV,IDCANCEL,1,PUSHBUTTON,Cancel,"PUSHBUTTON      ""Cancel"",IDCANCEL,283,113,50,14",pending-review,,
src/Resources/TortoiseProcENG.rc,IDD_SETTINGSBUGTRAQADV,IDHELP,1,PUSHBUTTON,Help,"PUSHBUTTON      ""Help"",IDHELP,338,113,50,14,WS_DISABLED",pending-review,,
src/Resources/TortoiseProcENG.rc,IDD_AUTOTEXTTESTDLG,IDC_STATIC,1,LTEXT,Enter file content to test for below:,"LTEXT           ""Enter file content to test for below:"",IDC_STATIC,7,7,316,8",pending-review,,
src/Resources/TortoiseProcENG.rc,IDD_AUTOTEXTTESTDLG,IDC_STATIC,2,LTEXT,Enter the regex string below:,"LTEXT           ""Enter the regex string below:"",IDC_STATIC,7,155,316,8",pending-review,,
src/Resources/TortoiseProcENG.rc,IDD_AUTOTEXTTESTDLG,IDC_AUTOTEXTREGEX,1,EDITTEXT,,"EDITTEXT        IDC_AUTOTEXTREGEX,7,169,316,14,ES_AUTOHSCROLL",pending-review,,
src/Resources/TortoiseProcENG.rc,IDD_AUTOTEXTTESTDLG,IDC_AUTOTEXTSCAN,1,DEFPUSHBUTTON,Scan,"DEFPUSHBUTTON   ""Scan"",IDC_AUTOTEXTSCAN,7,186,50,14",pending-review,,
src/Resources/TortoiseProcENG.rc,IDD_AUTOTEXTTESTDLG,IDC_STATIC,3,LTEXT,Found auto words:,"LTEXT           ""Found auto words:"",IDC_STATIC,7,201,62,8",pending-review,,
src/Resources/TortoiseProcENG.rc,IDD_AUTOTEXTTESTDLG,IDC_TESTRESULT,1,EDITTEXT,,"EDITTEXT        IDC_TESTRESULT,7,214,316,83,ES_MULTILINE | ES_AUTOVSCROLL | ES_AUTOHSCROLL | ES_READONLY | ES_WANTRETURN | WS_VSCROLL | WS_HSCROLL",pending-review,,
src/Resources/TortoiseProcENG.rc,IDD_AUTOTEXTTESTDLG,IDC_TIMINGLABEL,1,LTEXT,,"LTEXT           """",IDC_TIMINGLABEL,7,308,202,8",pending-review,,
src/Resources/TortoiseProcENG.rc,IDD_AUTOTEXTTESTDLG,IDCANCEL,1,PUSHBUTTON,Exit,"PUSHBUTTON      ""Exit"",IDCANCEL,273,302,50,14",pending-review,,
src/Resources/TortoiseProcENG.rc,IDD_AUTOTEXTTESTDLG,IDC_AUTOTEXTCONTENT,1,CONTROL,,"CONTROL         """",IDC_AUTOTEXTCONTENT,""RichEdit50W"",WS_BORDER | WS_VSCROLL | WS_HSCROLL | WS_TABSTOP | 0x1004,7,22,316,129",pending-review,,
src/Resources/TortoiseProcENG.rc,IDD_SETTINGS_CONFIG,IDC_CONFIG,1,CONTROL,,"CONTROL         """",IDC_CONFIG,""SysListView32"",LVS_REPORT | LVS_EDITLABELS | LVS_ALIGNLEFT | WS_BORDER | WS_TABSTOP,7,7,286,145",pending-review,,
src/Resources/TortoiseProcENG.rc,IDD_SETTINGS_CONFIG,IDC_STATIC,1,LTEXT,"WARNING:\nOnly change these settings if you are absolutely sure what you are doing!\nTo set the values to their default, delete the value text.","LTEXT           ""WARNING:\nOnly change these settings if you are absolutely sure what you are doing!\nTo set the values to their default, delete the value text."",IDC_STATIC,7,160,286,50",pending-review,,
src/Resources/TortoiseProcENG.rc,IDD_CLONE,IDC_STATIC,1,LTEXT,&URL:,"LTEXT           ""&URL:"",IDC_STATIC,20,28,14,8",partial,Sources/TurtleGitMac/CloneWindow.swift: CloneDialog/CloneWindowModel; Sources/TurtleGitCore/Clone.swift: CloneOptions,"Pinned control represented in corresponding native Git/SSH/SVN group. Putty/Pageant maps to OpenSSH key. Native shallow branch/origin and SVN enablement/error/Retry verified; full native picker/Cancel, SSH, SVN execution and sandbox QA pending; docs/CLONE-PARITY.md."
src/Resources/TortoiseProcENG.rc,IDD_CLONE,IDC_URLCOMBO,1,CONTROL,,"CONTROL         """",IDC_URLCOMBO,""ComboBoxEx32"",CBS_DROPDOWN | CBS_AUTOHSCROLL | CBS_SORT | WS_VSCROLL | WS_TABSTOP,64,25,206,164",partial,Sources/TurtleGitMac/CloneWindow.swift: CloneDialog/CloneWindowModel; Sources/TurtleGitCore/Clone.swift: CloneOptions,"Pinned control represented in corresponding native Git/SSH/SVN group. Putty/Pageant maps to OpenSSH key. Native shallow branch/origin and SVN enablement/error/Retry verified; full native picker/Cancel, SSH, SVN execution and sandbox QA pending; docs/CLONE-PARITY.md."
src/Resources/TortoiseProcENG.rc,IDD_CLONE,IDC_CLONE_BROWSE_URL,1,PUSHBUTTON,&Browse...,"PUSHBUTTON      ""&Browse..."",IDC_CLONE_BROWSE_URL,276,25,67,15",partial,Sources/TurtleGitMac/CloneWindow.swift: CloneDialog/CloneWindowModel; Sources/TurtleGitCore/Clone.swift: CloneOptions,"Pinned control represented in corresponding native Git/SSH/SVN group. Putty/Pageant maps to OpenSSH key. Native shallow branch/origin and SVN enablement/error/Retry verified; full native picker/Cancel, SSH, SVN execution and sandbox QA pending; docs/CLONE-PARITY.md."
src/Resources/TortoiseProcENG.rc,IDD_CLONE,IDC_STATIC,2,LTEXT,&Directory:,"LTEXT           ""&Directory:"",IDC_STATIC,19,49,38,8",partial,Sources/TurtleGitMac/CloneWindow.swift: CloneDialog/CloneWindowModel; Sources/TurtleGitCore/Clone.swift: CloneOptions,"Pinned control represented in corresponding native Git/SSH/SVN group. Putty/Pageant maps to OpenSSH key. Native shallow branch/origin and SVN enablement/error/Retry verified; full native picker/Cancel, SSH, SVN execution and sandbox QA pending; docs/CLONE-PARITY.md."
src/Resources/TortoiseProcENG.rc,IDD_CLONE,IDC_CLONE_DIR,1,EDITTEXT,,"EDITTEXT        IDC_CLONE_DIR,64,47,206,14,ES_AUTOHSCROLL",partial,Sources/TurtleGitMac/CloneWindow.swift: CloneDialog/CloneWindowModel; Sources/TurtleGitCore/Clone.swift: CloneOptions,"Pinned control represented in corresponding native Git/SSH/SVN group. Putty/Pageant maps to OpenSSH key. Native shallow branch/origin and SVN enablement/error/Retry verified; full native picker/Cancel, SSH, SVN execution and sandbox QA pending; docs/CLONE-PARITY.md."
src/Resources/TortoiseProcENG.rc,IDD_CLONE,IDC_CLONE_DIR_BROWSE,1,PUSHBUTTON,Bro&wse...,"PUSHBUTTON      ""Bro&wse..."",IDC_CLONE_DIR_BROWSE,276,46,67,15",partial,Sources/TurtleGitMac/CloneWindow.swift: CloneDialog/CloneWindowModel; Sources/TurtleGitCore/Clone.swift: CloneOptions,"Pinned control represented in corresponding native Git/SSH/SVN group. Putty/Pageant maps to OpenSSH key. Native shallow branch/origin and SVN enablement/error/Retry verified; full native picker/Cancel, SSH, SVN execution and sandbox QA pending; docs/CLONE-PARITY.md."
src/Resources/TortoiseProcENG.rc,IDD_CLONE,IDC_CHECK_DEPTH,1,CONTROL,Depth,"CONTROL         ""Depth"",IDC_CHECK_DEPTH,""Button"",BS_AUTOCHECKBOX | WS_TABSTOP,20,70,43,10",partial,Sources/TurtleGitMac/CloneWindow.swift: CloneDialog/CloneWindowModel; Sources/TurtleGitCore/Clone.swift: CloneOptions,"Pinned control represented in corresponding native Git/SSH/SVN group. Putty/Pageant maps to OpenSSH key. Native shallow branch/origin and SVN enablement/error/Retry verified; full native picker/Cancel, SSH, SVN execution and sandbox QA pending; docs/CLONE-PARITY.md."
src/Resources/TortoiseProcENG.rc,IDD_CLONE,IDC_EDIT_DEPTH,1,EDITTEXT,,"EDITTEXT        IDC_EDIT_DEPTH,64,68,32,14,ES_AUTOHSCROLL | ES_NUMBER",partial,Sources/TurtleGitMac/CloneWindow.swift: CloneDialog/CloneWindowModel; Sources/TurtleGitCore/Clone.swift: CloneOptions,"Pinned control represented in corresponding native Git/SSH/SVN group. Putty/Pageant maps to OpenSSH key. Native shallow branch/origin and SVN enablement/error/Retry verified; full native picker/Cancel, SSH, SVN execution and sandbox QA pending; docs/CLONE-PARITY.md."
src/Resources/TortoiseProcENG.rc,IDD_CLONE,IDC_CHECK_RECURSIVE,1,CONTROL,Recursive,"CONTROL         ""Recursive"",IDC_CHECK_RECURSIVE,""Button"",BS_AUTOCHECKBOX | WS_TABSTOP,101,71,65,9",partial,Sources/TurtleGitMac/CloneWindow.swift: CloneDialog/CloneWindowModel; Sources/TurtleGitCore/Clone.swift: CloneOptions,"Pinned control represented in corresponding native Git/SSH/SVN group. Putty/Pageant maps to OpenSSH key. Native shallow branch/origin and SVN enablement/error/Retry verified; full native picker/Cancel, SSH, SVN execution and sandbox QA pending; docs/CLONE-PARITY.md."
src/Resources/TortoiseProcENG.rc,IDD_CLONE,IDC_CHECK_BARE,1,CONTROL,Clone into Bare Repo,"CONTROL         ""Clone into Bare Repo"",IDC_CHECK_BARE,""Button"",BS_AUTOCHECKBOX | WS_TABSTOP,170,71,106,9",partial,Sources/TurtleGitMac/CloneWindow.swift: CloneDialog/CloneWindowModel; Sources/TurtleGitCore/Clone.swift: CloneOptions,"Pinned control represented in corresponding native Git/SSH/SVN group. Putty/Pageant maps to OpenSSH key. Native shallow branch/origin and SVN enablement/error/Retry verified; full native picker/Cancel, SSH, SVN execution and sandbox QA pending; docs/CLONE-PARITY.md."
src/Resources/TortoiseProcENG.rc,IDD_CLONE,IDC_CHECK_NOCHECKOUT,1,CONTROL,No Checkout,"CONTROL         ""No Checkout"",IDC_CHECK_NOCHECKOUT,""Button"",BS_AUTOCHECKBOX | WS_TABSTOP,276,71,76,10",partial,Sources/TurtleGitMac/CloneWindow.swift: CloneDialog/CloneWindowModel; Sources/TurtleGitCore/Clone.swift: CloneOptions,"Pinned control represented in corresponding native Git/SSH/SVN group. Putty/Pageant maps to OpenSSH key. Native shallow branch/origin and SVN enablement/error/Retry verified; full native picker/Cancel, SSH, SVN execution and sandbox QA pending; docs/CLONE-PARITY.md."
src/Resources/TortoiseProcENG.rc,IDD_CLONE,IDC_CHECK_BRANCH,1,CONTROL,Branch,"CONTROL         ""Branch"",IDC_CHECK_BRANCH,""Button"",BS_AUTOCHECKBOX | WS_TABSTOP,20,88,38,10",partial,Sources/TurtleGitMac/CloneWindow.swift: CloneDialog/CloneWindowModel; Sources/TurtleGitCore/Clone.swift: CloneOptions,"Pinned control represented in corresponding native Git/SSH/SVN group. Putty/Pageant maps to OpenSSH key. Native shallow branch/origin and SVN enablement/error/Retry verified; full native picker/Cancel, SSH, SVN execution and sandbox QA pending; docs/CLONE-PARITY.md."
src/Resources/TortoiseProcENG.rc,IDD_CLONE,IDC_EDIT_BRANCH,1,EDITTEXT,,"EDITTEXT        IDC_EDIT_BRANCH,64,86,67,14,ES_AUTOHSCROLL",partial,Sources/TurtleGitMac/CloneWindow.swift: CloneDialog/CloneWindowModel; Sources/TurtleGitCore/Clone.swift: CloneOptions,"Pinned control represented in corresponding native Git/SSH/SVN group. Putty/Pageant maps to OpenSSH key. Native shallow branch/origin and SVN enablement/error/Retry verified; full native picker/Cancel, SSH, SVN execution and sandbox QA pending; docs/CLONE-PARITY.md."
src/Resources/TortoiseProcENG.rc,IDD_CLONE,IDC_CHECK_ORIGIN,1,CONTROL,Origin Name,"CONTROL         ""Origin Name"",IDC_CHECK_ORIGIN,""Button"",BS_AUTOCHECKBOX | WS_TABSTOP,150,88,64,10",partial,Sources/TurtleGitMac/CloneWindow.swift: CloneDialog/CloneWindowModel; Sources/TurtleGitCore/Clone.swift: CloneOptions,"Pinned control represented in corresponding native Git/SSH/SVN group. Putty/Pageant maps to OpenSSH key. Native shallow branch/origin and SVN enablement/error/Retry verified; full native picker/Cancel, SSH, SVN execution and sandbox QA pending; docs/CLONE-PARITY.md."
src/Resources/TortoiseProcENG.rc,IDD_CLONE,IDC_EDIT_ORIGIN,1,EDITTEXT,,"EDITTEXT        IDC_EDIT_ORIGIN,216,86,67,14,ES_AUTOHSCROLL",partial,Sources/TurtleGitMac/CloneWindow.swift: CloneDialog/CloneWindowModel; Sources/TurtleGitCore/Clone.swift: CloneOptions,"Pinned control represented in corresponding native Git/SSH/SVN group. Putty/Pageant maps to OpenSSH key. Native shallow branch/origin and SVN enablement/error/Retry verified; full native picker/Cancel, SSH, SVN execution and sandbox QA pending; docs/CLONE-PARITY.md."
src/Resources/TortoiseProcENG.rc,IDD_CLONE,IDC_PUTTYKEY_AUTOLOAD,1,CONTROL,Load Putty &Key,"CONTROL         ""Load Putty &Key"",IDC_PUTTYKEY_AUTOLOAD,""Button"",BS_AUTOCHECKBOX | WS_TABSTOP,20,111,82,10",partial,Sources/TurtleGitMac/CloneWindow.swift: CloneDialog/CloneWindowModel; Sources/TurtleGitCore/Clone.swift: CloneOptions,"Pinned control represented in corresponding native Git/SSH/SVN group. Putty/Pageant maps to OpenSSH key. Native shallow branch/origin and SVN enablement/error/Retry verified; full native picker/Cancel, SSH, SVN execution and sandbox QA pending; docs/CLONE-PARITY.md."
src/Resources/TortoiseProcENG.rc,IDD_CLONE,IDC_PUTTYKEYFILE,1,CONTROL,,"CONTROL         """",IDC_PUTTYKEYFILE,""ComboBoxEx32"",CBS_DROPDOWN | CBS_AUTOHSCROLL | CBS_SORT | WS_VSCROLL | WS_TABSTOP,103,110,194,59",partial,Sources/TurtleGitMac/CloneWindow.swift: CloneDialog/CloneWindowModel; Sources/TurtleGitCore/Clone.swift: CloneOptions,"Pinned control represented in corresponding native Git/SSH/SVN group. Putty/Pageant maps to OpenSSH key. Native shallow branch/origin and SVN enablement/error/Retry verified; full native picker/Cancel, SSH, SVN execution and sandbox QA pending; docs/CLONE-PARITY.md."
src/Resources/TortoiseProcENG.rc,IDD_CLONE,IDC_PUTTYKEYFILE_BROWSE,1,PUSHBUTTON,...,"PUSHBUTTON      ""..."",IDC_PUTTYKEYFILE_BROWSE,304,109,16,15",partial,Sources/TurtleGitMac/CloneWindow.swift: CloneDialog/CloneWindowModel; Sources/TurtleGitCore/Clone.swift: CloneOptions,"Pinned control represented in corresponding native Git/SSH/SVN group. Putty/Pageant maps to OpenSSH key. Native shallow branch/origin and SVN enablement/error/Retry verified; full native picker/Cancel, SSH, SVN execution and sandbox QA pending; docs/CLONE-PARITY.md."
src/Resources/TortoiseProcENG.rc,IDD_CLONE,IDC_CHECK_SVN,1,CONTROL,From &SVN Repository,"CONTROL         ""From &SVN Repository"",IDC_CHECK_SVN,""Button"",BS_AUTOCHECKBOX | WS_TABSTOP,19,140,90,10",partial,Sources/TurtleGitMac/CloneWindow.swift: CloneDialog/CloneWindowModel; Sources/TurtleGitCore/Clone.swift: CloneOptions,"Pinned control represented in corresponding native Git/SSH/SVN group. Putty/Pageant maps to OpenSSH key. Native shallow branch/origin and SVN enablement/error/Retry verified; full native picker/Cancel, SSH, SVN execution and sandbox QA pending; docs/CLONE-PARITY.md."
src/Resources/TortoiseProcENG.rc,IDD_CLONE,IDC_CHECK_SVN_TRUNK,1,CONTROL,&Trunk:,"CONTROL         ""&Trunk:"",IDC_CHECK_SVN_TRUNK,""Button"",BS_AUTOCHECKBOX | WS_TABSTOP,32,157,40,10",partial,Sources/TurtleGitMac/CloneWindow.swift: CloneDialog/CloneWindowModel; Sources/TurtleGitCore/Clone.swift: CloneOptions,"Pinned control represented in corresponding native Git/SSH/SVN group. Putty/Pageant maps to OpenSSH key. Native shallow branch/origin and SVN enablement/error/Retry verified; full native picker/Cancel, SSH, SVN execution and sandbox QA pending; docs/CLONE-PARITY.md."
src/Resources/TortoiseProcENG.rc,IDD_CLONE,IDC_EDIT_SVN_TRUNK,1,EDITTEXT,,"EDITTEXT        IDC_EDIT_SVN_TRUNK,75,154,37,14,ES_AUTOHSCROLL",partial,Sources/TurtleGitMac/CloneWindow.swift: CloneDialog/CloneWindowModel; Sources/TurtleGitCore/Clone.swift: CloneOptions,"Pinned control represented in corresponding native Git/SSH/SVN group. Putty/Pageant maps to OpenSSH key. Native shallow branch/origin and SVN enablement/error/Retry verified; full native picker/Cancel, SSH, SVN execution and sandbox QA pending; docs/CLONE-PARITY.md."
src/Resources/TortoiseProcENG.rc,IDD_CLONE,IDC_CHECK_SVN_TAG,1,CONTROL,Ta&gs:,"CONTROL         ""Ta&gs:"",IDC_CHECK_SVN_TAG,""Button"",BS_AUTOCHECKBOX | WS_TABSTOP,129,156,37,10",partial,Sources/TurtleGitMac/CloneWindow.swift: CloneDialog/CloneWindowModel; Sources/TurtleGitCore/Clone.swift: CloneOptions,"Pinned control represented in corresponding native Git/SSH/SVN group. Putty/Pageant maps to OpenSSH key. Native shallow branch/origin and SVN enablement/error/Retry verified; full native picker/Cancel, SSH, SVN execution and sandbox QA pending; docs/CLONE-PARITY.md."
src/Resources/TortoiseProcENG.rc,IDD_CLONE,IDC_EDIT_SVN_TAG,1,EDITTEXT,,"EDITTEXT        IDC_EDIT_SVN_TAG,171,154,38,14,ES_AUTOHSCROLL",partial,Sources/TurtleGitMac/CloneWindow.swift: CloneDialog/CloneWindowModel; Sources/TurtleGitCore/Clone.swift: CloneOptions,"Pinned control represented in corresponding native Git/SSH/SVN group. Putty/Pageant maps to OpenSSH key. Native shallow branch/origin and SVN enablement/error/Retry verified; full native picker/Cancel, SSH, SVN execution and sandbox QA pending; docs/CLONE-PARITY.md."
src/Resources/TortoiseProcENG.rc,IDD_CLONE,IDC_CHECK_SVN_BRANCH,1,CONTROL,Branc&h:,"CONTROL         ""Branc&h:"",IDC_CHECK_SVN_BRANCH,""Button"",BS_AUTOCHECKBOX | WS_TABSTOP,225,156,48,10",partial,Sources/TurtleGitMac/CloneWindow.swift: CloneDialog/CloneWindowModel; Sources/TurtleGitCore/Clone.swift: CloneOptions,"Pinned control represented in corresponding native Git/SSH/SVN group. Putty/Pageant maps to OpenSSH key. Native shallow branch/origin and SVN enablement/error/Retry verified; full native picker/Cancel, SSH, SVN execution and sandbox QA pending; docs/CLONE-PARITY.md."
src/Resources/TortoiseProcENG.rc,IDD_CLONE,IDC_EDIT_SVN_BRANCH,1,EDITTEXT,,"EDITTEXT        IDC_EDIT_SVN_BRANCH,284,153,39,14,ES_AUTOHSCROLL",partial,Sources/TurtleGitMac/CloneWindow.swift: CloneDialog/CloneWindowModel; Sources/TurtleGitCore/Clone.swift: CloneOptions,"Pinned control represented in corresponding native Git/SSH/SVN group. Putty/Pageant maps to OpenSSH key. Native shallow branch/origin and SVN enablement/error/Retry verified; full native picker/Cancel, SSH, SVN execution and sandbox QA pending; docs/CLONE-PARITY.md."
src/Resources/TortoiseProcENG.rc,IDD_CLONE,IDC_CHECK_SVN_FROM,1,CONTROL,&From:,"CONTROL         ""&From:"",IDC_CHECK_SVN_FROM,""Button"",BS_AUTOCHECKBOX | WS_TABSTOP,32,173,40,10",partial,Sources/TurtleGitMac/CloneWindow.swift: CloneDialog/CloneWindowModel; Sources/TurtleGitCore/Clone.swift: CloneOptions,"Pinned control represented in corresponding native Git/SSH/SVN group. Putty/Pageant maps to OpenSSH key. Native shallow branch/origin and SVN enablement/error/Retry verified; full native picker/Cancel, SSH, SVN execution and sandbox QA pending; docs/CLONE-PARITY.md."
src/Resources/TortoiseProcENG.rc,IDD_CLONE,IDC_EDIT_SVN_FROM,1,EDITTEXT,,"EDITTEXT        IDC_EDIT_SVN_FROM,75,173,37,14,ES_AUTOHSCROLL | ES_NUMBER",partial,Sources/TurtleGitMac/CloneWindow.swift: CloneDialog/CloneWindowModel; Sources/TurtleGitCore/Clone.swift: CloneOptions,"Pinned control represented in corresponding native Git/SSH/SVN group. Putty/Pageant maps to OpenSSH key. Native shallow branch/origin and SVN enablement/error/Retry verified; full native picker/Cancel, SSH, SVN execution and sandbox QA pending; docs/CLONE-PARITY.md."
src/Resources/TortoiseProcENG.rc,IDD_CLONE,IDC_CHECK_USERNAME,1,CONTROL,User&name:,"CONTROL         ""User&name:"",IDC_CHECK_USERNAME,""Button"",BS_AUTOCHECKBOX | WS_TABSTOP,225,173,57,10",partial,Sources/TurtleGitMac/CloneWindow.swift: CloneDialog/CloneWindowModel; Sources/TurtleGitCore/Clone.swift: CloneOptions,"Pinned control represented in corresponding native Git/SSH/SVN group. Putty/Pageant maps to OpenSSH key. Native shallow branch/origin and SVN enablement/error/Retry verified; full native picker/Cancel, SSH, SVN execution and sandbox QA pending; docs/CLONE-PARITY.md."
src/Resources/TortoiseProcENG.rc,IDD_CLONE,IDC_EDIT_USERNAME,1,EDITTEXT,,"EDITTEXT        IDC_EDIT_USERNAME,284,170,39,14,ES_AUTOHSCROLL",partial,Sources/TurtleGitMac/CloneWindow.swift: CloneDialog/CloneWindowModel; Sources/TurtleGitCore/Clone.swift: CloneOptions,"Pinned control represented in corresponding native Git/SSH/SVN group. Putty/Pageant maps to OpenSSH key. Native shallow branch/origin and SVN enablement/error/Retry verified; full native picker/Cancel, SSH, SVN execution and sandbox QA pending; docs/CLONE-PARITY.md."
src/Resources/TortoiseProcENG.rc,IDD_CLONE,IDOK,1,DEFPUSHBUTTON,OK,"DEFPUSHBUTTON   ""OK"",IDOK,180,196,50,14",partial,Sources/TurtleGitMac/CloneWindow.swift: CloneDialog/CloneWindowModel; Sources/TurtleGitCore/Clone.swift: CloneOptions,"Pinned control represented in corresponding native Git/SSH/SVN group. Putty/Pageant maps to OpenSSH key. Native shallow branch/origin and SVN enablement/error/Retry verified; full native picker/Cancel, SSH, SVN execution and sandbox QA pending; docs/CLONE-PARITY.md."
src/Resources/TortoiseProcENG.rc,IDD_CLONE,IDCANCEL,1,PUSHBUTTON,Cancel,"PUSHBUTTON      ""Cancel"",IDCANCEL,236,196,50,14",partial,Sources/TurtleGitMac/CloneWindow.swift: CloneDialog/CloneWindowModel; Sources/TurtleGitCore/Clone.swift: CloneOptions,"Pinned control represented in corresponding native Git/SSH/SVN group. Putty/Pageant maps to OpenSSH key. Native shallow branch/origin and SVN enablement/error/Retry verified; full native picker/Cancel, SSH, SVN execution and sandbox QA pending; docs/CLONE-PARITY.md."
src/Resources/TortoiseProcENG.rc,IDD_CLONE,IDHELP,1,PUSHBUTTON,Help,"PUSHBUTTON      ""Help"",IDHELP,292,196,50,14",partial,Sources/TurtleGitMac/CloneWindow.swift: CloneDialog/CloneWindowModel; Sources/TurtleGitCore/Clone.swift: CloneOptions,"Pinned control represented in corresponding native Git/SSH/SVN group. Putty/Pageant maps to OpenSSH key. Native shallow branch/origin and SVN enablement/error/Retry verified; full native picker/Cancel, SSH, SVN execution and sandbox QA pending; docs/CLONE-PARITY.md."
src/Resources/TortoiseProcENG.rc,IDD_CLONE,IDC_GROUP_CLONE,1,GROUPBOX,Clone Existing Repository,"GROUPBOX        ""Clone Existing Repository"",IDC_GROUP_CLONE,6,10,346,95",partial,Sources/TurtleGitMac/CloneWindow.swift: CloneDialog/CloneWindowModel; Sources/TurtleGitCore/Clone.swift: CloneOptions,"Pinned control represented in corresponding native Git/SSH/SVN group. Putty/Pageant maps to OpenSSH key. Native shallow branch/origin and SVN enablement/error/Retry verified; full native picker/Cancel, SSH, SVN execution and sandbox QA pending; docs/CLONE-PARITY.md."
src/Resources/TortoiseProcENG.rc,IDD_CLONE,IDC_CLONE_GROUP_SVN,1,GROUPBOX,From SVN Repository,"GROUPBOX        ""From SVN Repository"",IDC_CLONE_GROUP_SVN,6,126,346,64",partial,Sources/TurtleGitMac/CloneWindow.swift: CloneDialog/CloneWindowModel; Sources/TurtleGitCore/Clone.swift: CloneOptions,"Pinned control represented in corresponding native Git/SSH/SVN group. Putty/Pageant maps to OpenSSH key. Native shallow branch/origin and SVN enablement/error/Retry verified; full native picker/Cancel, SSH, SVN execution and sandbox QA pending; docs/CLONE-PARITY.md."
src/Resources/TortoiseProcENG.rc,IDD_GITPROGRESS,IDOK,1,DEFPUSHBUTTON,Close,"DEFPUSHBUTTON   ""Close"",IDOK,200,168,50,14,WS_DISABLED",pending-review,,
src/Resources/TortoiseProcENG.rc,IDD_GITPROGRESS,IDCANCEL,1,PUSHBUTTON,Abort,"PUSHBUTTON      ""Abort"",IDCANCEL,266,168,50,14,WS_DISABLED",pending-review,,
src/Resources/TortoiseProcENG.rc,IDD_GITPROGRESS,IDC_TITLE_ANIMATE,1,CONTROL,,"CONTROL         """",IDC_TITLE_ANIMATE,""SysAnimate32"",ACS_TRANSPARENT | WS_TABSTOP,6,7,318,38,WS_EX_TRANSPARENT",pending-review,,
src/Resources/TortoiseProcENG.rc,IDD_GITPROGRESS,IDC_RUN_PROGRESS,1,CONTROL,,"CONTROL         """",IDC_RUN_PROGRESS,""msctls_progress32"",PBS_SMOOTH | WS_BORDER,6,63,318,14",pending-review,,
src/Resources/TortoiseProcENG.rc,IDD_GITPROGRESS,IDC_LOG,1,CONTROL,,"CONTROL         """",IDC_LOG,""RichEdit50W"",WS_BORDER | WS_VSCROLL | WS_TABSTOP | 0x1804,6,87,318,67",pending-review,,
src/Resources/TortoiseProcENG.rc,IDD_GITPROGRESS,IDC_CURRENT,1,LTEXT,Static,"LTEXT           ""Static"",IDC_CURRENT,6,48,318,8",pending-review,,
src/Resources/TortoiseProcENG.rc,IDD_GITPROGRESS,IDC_PROGRESS_BUTTON1,1,PUSHBUTTON,Button1,"PUSHBUTTON      ""Button1"",IDC_PROGRESS_BUTTON1,6,168,123,14",pending-review,,
src/Resources/TortoiseProcENG.rc,IDD_PULLFETCH,IDC_GROUPT_REMOTE,1,GROUPBOX,Remote,"GROUPBOX        ""Remote"",IDC_GROUPT_REMOTE,7,8,313,77",pending-review,,
src/Resources/TortoiseProcENG.rc,IDD_PULLFETCH,IDC_REMOTE_RD,1,CONTROL,&Remote:,"CONTROL         ""&Remote:"",IDC_REMOTE_RD,""Button"",BS_AUTORADIOBUTTON,19,24,97,10",pending-review,,
src/Resources/TortoiseProcENG.rc,IDD_PULLFETCH,IDC_REMOTE_COMBO,1,CONTROL,,"CONTROL         """",IDC_REMOTE_COMBO,""ComboBoxEx32"",CBS_DROPDOWNLIST | CBS_AUTOHSCROLL | CBS_SORT | WS_VSCROLL | WS_TABSTOP,118,21,182,140",pending-review,,
src/Resources/TortoiseProcENG.rc,IDD_PULLFETCH,IDC_OTHER_RD,1,CONTROL,Arbitrary &URL:,"CONTROL         ""Arbitrary &URL:"",IDC_OTHER_RD,""Button"",BS_AUTORADIOBUTTON,19,45,97,10",pending-review,,
src/Resources/TortoiseProcENG.rc,IDD_PULLFETCH,IDC_OTHER,1,CONTROL,,"CONTROL         """",IDC_OTHER,""ComboBoxEx32"",CBS_DROPDOWN | CBS_AUTOHSCROLL | CBS_SORT | WS_VSCROLL | WS_TABSTOP,118,43,182,140",pending-review,,
src/Resources/TortoiseProcENG.rc,IDD_PULLFETCH,IDC_STATIC,1,LTEXT,Remote &Branch:,"LTEXT           ""Remote &Branch:"",IDC_STATIC,19,68,97,8",pending-review,,
src/Resources/TortoiseProcENG.rc,IDD_PULLFETCH,IDC_REMOTE_BRANCH,1,CONTROL,master,"CONTROL         ""master"",IDC_REMOTE_BRANCH,""ComboBoxEx32"",CBS_DROPDOWN | CBS_AUTOHSCROLL | CBS_SORT | WS_VSCROLL | WS_TABSTOP,118,65,182,140",pending-review,,
src/Resources/TortoiseProcENG.rc,IDD_PULLFETCH,IDC_BUTTON_BROWSE_REF,1,PUSHBUTTON,...,"PUSHBUTTON      ""..."",IDC_BUTTON_BROWSE_REF,302,65,14,14",pending-review,,
src/Resources/TortoiseProcENG.rc,IDD_PULLFETCH,IDC_CHECK_SQUASH,1,CONTROL,&Squash,"CONTROL         ""&Squash"",IDC_CHECK_SQUASH,""Button"",BS_AUTOCHECKBOX | WS_TABSTOP,19,100,107,10",pending-review,,
src/Resources/TortoiseProcENG.rc,IDD_PULLFETCH,IDC_CHECK_NOFF,1,CONTROL,No &Fast Forward,"CONTROL         ""No &Fast Forward"",IDC_CHECK_NOFF,""Button"",BS_AUTOCHECKBOX | WS_TABSTOP,19,116,110,10",pending-review,,
src/Resources/TortoiseProcENG.rc,IDD_PULLFETCH,IDC_CHECK_NOCOMMIT,1,CONTROL,No Co&mmit,"CONTROL         ""No Co&mmit"",IDC_CHECK_NOCOMMIT,""Button"",BS_AUTOCHECKBOX | WS_TABSTOP,132,100,100,10",pending-review,,
src/Resources/TortoiseProcENG.rc,IDD_PULLFETCH,IDC_CHECK_DEPTH,1,CONTROL,Depth,"CONTROL         ""Depth"",IDC_CHECK_DEPTH,""Button"",BS_AUTOCHECKBOX | WS_TABSTOP,234,100,43,10",pending-review,,
src/Resources/TortoiseProcENG.rc,IDD_PULLFETCH,IDC_EDIT_DEPTH,1,EDITTEXT,,"EDITTEXT        IDC_EDIT_DEPTH,278,100,32,14,ES_AUTOHSCROLL | ES_NUMBER",pending-review,,
src/Resources/TortoiseProcENG.rc,IDD_PULLFETCH,IDC_CHECK_FFONLY,1,CONTROL,Fast Forward O&nly,"CONTROL         ""Fast Forward O&nly"",IDC_CHECK_FFONLY,""Button"",BS_AUTOCHECKBOX | WS_TABSTOP,132,117,160,10",pending-review,,
src/Resources/TortoiseProcENG.rc,IDD_PULLFETCH,IDC_CHECK_FETCHTAGS,1,CONTROL,Tags,"CONTROL         ""Tags"",IDC_CHECK_FETCHTAGS,""Button"",BS_AUTO3STATE | WS_TABSTOP,19,133,110,10",pending-review,,
src/Resources/TortoiseProcENG.rc,IDD_PULLFETCH,IDC_STATIC_TAGOPT,1,LTEXT,,"LTEXT           """",IDC_STATIC_TAGOPT,132,133,80,8",pending-review,,
src/Resources/TortoiseProcENG.rc,IDD_PULLFETCH,IDC_CHECK_PRUNE,1,CONTROL,Prune,"CONTROL         ""Prune"",IDC_CHECK_PRUNE,""Button"",BS_AUTO3STATE | WS_TABSTOP,19,149,110,10",pending-review,,
src/Resources/TortoiseProcENG.rc,IDD_PULLFETCH,IDC_STATIC_PRUNE,1,LTEXT,,"LTEXT           """",IDC_STATIC_PRUNE,132,149,80,8",pending-review,,
src/Resources/TortoiseProcENG.rc,IDD_PULLFETCH,IDC_PUTTYKEY_AUTOLOAD,1,CONTROL,AutoLoad Putty &Key,"CONTROL         ""AutoLoad Putty &Key"",IDC_PUTTYKEY_AUTOLOAD,""Button"",BS_AUTOCHECKBOX | WS_TABSTOP,19,172,113,10",pending-review,,
src/Resources/TortoiseProcENG.rc,IDD_PULLFETCH,IDC_REMOTE_MANAGE,1,LTEXT,Manage Remotes,"LTEXT           ""Manage Remotes"",IDC_REMOTE_MANAGE,175,172,105,8,SS_NOTIFY",pending-review,,
src/Resources/TortoiseProcENG.rc,IDD_PULLFETCH,IDC_CHECK_REBASE,1,CONTROL,&Launch Rebase After Fetch,"CONTROL         ""&Launch Rebase After Fetch"",IDC_CHECK_REBASE,""Button"",BS_AUTOCHECKBOX | WS_TABSTOP,19,187,281,10",pending-review,,
src/Resources/TortoiseProcENG.rc,IDD_PULLFETCH,IDOK,1,DEFPUSHBUTTON,OK,"DEFPUSHBUTTON   ""OK"",IDOK,160,201,50,14",pending-review,,
src/Resources/TortoiseProcENG.rc,IDD_PULLFETCH,IDCANCEL,1,PUSHBUTTON,Cancel,"PUSHBUTTON      ""Cancel"",IDCANCEL,215,201,50,14",pending-review,,
src/Resources/TortoiseProcENG.rc,IDD_PULLFETCH,IDHELP,1,PUSHBUTTON,Help,"PUSHBUTTON      ""Help"",IDHELP,270,201,50,14",pending-review,,
src/Resources/TortoiseProcENG.rc,IDD_PULLFETCH,IDC_GROUP_OPTION,1,GROUPBOX,Options,"GROUPBOX        ""Options"",IDC_GROUP_OPTION,7,89,313,79",pending-review,,
src/Resources/TortoiseProcENG.rc,IDD_PUSH,IDC_BRANCH_GROUP,1,GROUPBOX,Ref,"GROUPBOX        ""Ref"",IDC_BRANCH_GROUP,7,7,295,69",pending-review,,
src/Resources/TortoiseProcENG.rc,IDD_PUSH,IDC_PUSHALL,1,CONTROL,&Push all branches,"CONTROL         ""&Push all branches"",IDC_PUSHALL,""Button"",BS_AUTOCHECKBOX | WS_TABSTOP,15,18,276,10",pending-review,,
src/Resources/TortoiseProcENG.rc,IDD_PUSH,IDC_STATIC_SOURCE,1,LTEXT,&Local:,"LTEXT           ""&Local:"",IDC_STATIC_SOURCE,15,34,53,8",pending-review,,
src/Resources/TortoiseProcENG.rc,IDD_PUSH,IDC_BRANCH_SOURCE,1,CONTROL,,"CONTROL         """",IDC_BRANCH_SOURCE,""ComboBoxEx32"",CBS_DROPDOWN | CBS_AUTOHSCROLL | CBS_SORT | WS_VSCROLL | WS_TABSTOP,76,33,198,140",pending-review,,
src/Resources/TortoiseProcENG.rc,IDD_PUSH,IDC_BUTTON_BROWSE_SOURCE_BRANCH,1,PUSHBUTTON,,"PUSHBUTTON      """",IDC_BUTTON_BROWSE_SOURCE_BRANCH,280,32,15,12",pending-review,,
src/Resources/TortoiseProcENG.rc,IDD_PUSH,IDC_STATIC_REMOTE,1,LTEXT,&Remote:,"LTEXT           ""&Remote:"",IDC_STATIC_REMOTE,15,57,52,8",pending-review,,
src/Resources/TortoiseProcENG.rc,IDD_PUSH,IDC_BRANCH_REMOTE,1,CONTROL,,"CONTROL         """",IDC_BRANCH_REMOTE,""ComboBoxEx32"",CBS_DROPDOWN | CBS_AUTOHSCROLL | CBS_SORT | WS_VSCROLL | WS_TABSTOP,76,55,199,140",pending-review,,
src/Resources/TortoiseProcENG.rc,IDD_PUSH,IDC_BUTTON_BROWSE_DEST_BRANCH,1,PUSHBUTTON,...,"PUSHBUTTON      ""..."",IDC_BUTTON_BROWSE_DEST_BRANCH,280,54,15,12",pending-review,,
src/Resources/TortoiseProcENG.rc,IDD_PUSH,IDC_URL_GROUP,1,GROUPBOX,Destination,"GROUPBOX        ""Destination"",IDC_URL_GROUP,7,80,295,54",pending-review,,
src/Resources/TortoiseProcENG.rc,IDD_PUSH,IDC_RD_REMOTE,1,CONTROL,Re&mote:,"CONTROL         ""Re&mote:"",IDC_RD_REMOTE,""Button"",BS_AUTORADIOBUTTON,15,95,53,10",pending-review,,
src/Resources/TortoiseProcENG.rc,IDD_PUSH,IDC_REMOTE,1,CONTROL,,"CONTROL         """",IDC_REMOTE,""ComboBoxEx32"",CBS_DROPDOWNLIST | CBS_AUTOHSCROLL | CBS_SORT | WS_VSCROLL | WS_TABSTOP,76,92,171,140",pending-review,,
src/Resources/TortoiseProcENG.rc,IDD_PUSH,IDC_REMOTE_MANAGE,1,PUSHBUTTON,Mana&ge,"PUSHBUTTON      ""Mana&ge"",IDC_REMOTE_MANAGE,251,91,43,16",pending-review,,
src/Resources/TortoiseProcENG.rc,IDD_PUSH,IDC_RD_URL,1,CONTROL,Arbitrary &URL:,"CONTROL         ""Arbitrary &URL:"",IDC_RD_URL,""Button"",BS_AUTORADIOBUTTON,15,113,57,10",pending-review,,
src/Resources/TortoiseProcENG.rc,IDD_PUSH,IDC_URL,1,CONTROL,,"CONTROL         """",IDC_URL,""ComboBoxEx32"",CBS_DROPDOWN | CBS_AUTOHSCROLL | CBS_SORT | WS_VSCROLL | WS_TABSTOP,76,111,218,140",pending-review,,
src/Resources/TortoiseProcENG.rc,IDD_PUSH,IDC_OPTION_GROUP,1,GROUPBOX,Options,"GROUPBOX        ""Options"",IDC_OPTION_GROUP,7,137,295,114",pending-review,,
src/Resources/TortoiseProcENG.rc,IDD_PUSH,IDC_FORCE_WITH_LEASE,1,CONTROL,Force &with lease,"CONTROL         ""Force &with lease"",IDC_FORCE_WITH_LEASE,""Button"",BS_AUTOCHECKBOX | WS_TABSTOP,15,148,85,10",pending-review,,
src/Resources/TortoiseProcENG.rc,IDD_PUSH,IDC_FORCE,1,CONTROL,&Force,"CONTROL         ""&Force"",IDC_FORCE,""Button"",BS_AUTOCHECKBOX | WS_TABSTOP,124,149,89,10",pending-review,,
src/Resources/TortoiseProcENG.rc,IDD_PUSH,IDC_TAGS,1,CONTROL,Include &Tags,"CONTROL         ""Include &Tags"",IDC_TAGS,""Button"",BS_AUTOCHECKBOX | WS_TABSTOP,15,161,279,10",pending-review,,
src/Resources/TortoiseProcENG.rc,IDD_PUSH,IDC_PUTTYKEY_AUTOLOAD,1,CONTROL,&Autoload Putty Key,"CONTROL         ""&Autoload Putty Key"",IDC_PUTTYKEY_AUTOLOAD,""Button"",BS_AUTOCHECKBOX | WS_TABSTOP,15,173,279,10",pending-review,,
src/Resources/TortoiseProcENG.rc,IDD_PUSH,IDC_PROC_PUSH_SET_UPSTREAM,1,CONTROL,&Set upstream/track remote branch,"CONTROL         ""&Set upstream/track remote branch"",IDC_PROC_PUSH_SET_UPSTREAM, ""Button"",BS_AUTOCHECKBOX | WS_TABSTOP,15,184,279,10",pending-review,,
src/Resources/TortoiseProcENG.rc,IDD_PUSH,IDC_PROC_PUSH_SET_PUSHREMOTE,1,CONTROL,Always push to the selected remote archive for this local branch,"CONTROL         ""Always push to the selected remote archive for this local branch"",IDC_PROC_PUSH_SET_PUSHREMOTE, ""Button"",BS_AUTOCHECKBOX | WS_TABSTOP,15,195,279,10",pending-review,,
src/Resources/TortoiseProcENG.rc,IDD_PUSH,IDC_PROC_PUSH_SET_PUSHBRANCH,1,CONTROL,Always push to the selected remote branch for this local branch,"CONTROL         ""Always push to the selected remote branch for this local branch"",IDC_PROC_PUSH_SET_PUSHBRANCH, ""Button"",BS_AUTOCHECKBOX | WS_TABSTOP,15,206,279,10",pending-review,,
src/Resources/TortoiseProcENG.rc,IDD_PUSH,IDC_STATIC_RECURSE_SUBMODULES,1,LTEXT,Recurse submodule,"LTEXT           ""Recurse submodule"",IDC_STATIC_RECURSE_SUBMODULES,15,217,100,10",pending-review,,
src/Resources/TortoiseProcENG.rc,IDD_PUSH,IDC_COMBOBOX_RECURSE_SUBMODULES,1,COMBOBOX,,"COMBOBOX        IDC_COMBOBOX_RECURSE_SUBMODULES,125,217,100,65,CBS_DROPDOWNLIST | WS_VSCROLL | WS_TABSTOP",pending-review,,
src/Resources/TortoiseProcENG.rc,IDD_PUSH,IDC_STATIC_PUSHOPTION,1,LTEXT,Push &option:,"LTEXT           ""Push &option:"",IDC_STATIC_PUSHOPTION,15,234,100,10",pending-review,,
src/Resources/TortoiseProcENG.rc,IDD_PUSH,IDC_PUSHOPTION,1,CONTROL,,"CONTROL         """",IDC_PUSHOPTION,""ComboBoxEx32"",CBS_DROPDOWN | CBS_AUTOHSCROLL | CBS_SORT | WS_VSCROLL | WS_TABSTOP,125,233,169,140",pending-review,,
src/Resources/TortoiseProcENG.rc,IDD_PUSH,IDOK,1,DEFPUSHBUTTON,OK,"DEFPUSHBUTTON   ""OK"",IDOK,137,255,50,14",pending-review,,
src/Resources/TortoiseProcENG.rc,IDD_PUSH,IDCANCEL,1,PUSHBUTTON,Cancel,"PUSHBUTTON      ""Cancel"",IDCANCEL,195,255,50,14",pending-review,,
src/Resources/TortoiseProcENG.rc,IDD_PUSH,IDHELP,1,PUSHBUTTON,Help,"PUSHBUTTON      ""Help"",IDHELP,252,255,50,14",pending-review,,
src/Resources/TortoiseProcENG.rc,IDD_SVNDCOMMITTYPE,IDOK,1,DEFPUSHBUTTON,OK,"DEFPUSHBUTTON   ""OK"",IDOK,69,68,50,14",pending-review,,
src/Resources/TortoiseProcENG.rc,IDD_SVNDCOMMITTYPE,IDCANCEL,1,PUSHBUTTON,Cancel,"PUSHBUTTON      ""Cancel"",IDCANCEL,125,68,50,14",pending-review,,
src/Resources/TortoiseProcENG.rc,IDD_SVNDCOMMITTYPE,IDHELP,1,PUSHBUTTON,Help,"PUSHBUTTON      ""Help"",IDHELP,182,68,50,14",pending-review,,
src/Resources/TortoiseProcENG.rc,IDD_SVNDCOMMITTYPE,IDC_GROUP_INFO,1,GROUPBOX,DCommit Type,"GROUPBOX        ""DCommit Type"",IDC_GROUP_INFO,7,7,225,41",pending-review,,
src/Resources/TortoiseProcENG.rc,IDD_SVNDCOMMITTYPE,IDC_RADIO_SVN_COMMIT,1,CONTROL,Normal &SVN Commit,"CONTROL         ""Normal &SVN Commit"",IDC_RADIO_SVN_COMMIT,""Button"",BS_AUTORADIOBUTTON | WS_GROUP,15,19,208,10",pending-review,,
src/Resources/TortoiseProcENG.rc,IDD_SVNDCOMMITTYPE,IDC_RADIO_GIT_COMMIT,1,CONTROL,&Git Style Commit (--rmdir),"CONTROL         ""&Git Style Commit (--rmdir)"",IDC_RADIO_GIT_COMMIT, ""Button"",BS_AUTORADIOBUTTON,15,32,208,10",pending-review,,
src/Resources/TortoiseProcENG.rc,IDD_SVNDCOMMITTYPE,IDC_REMEMBER,1,CONTROL,"Remember selection (""""svn.rmdir"""" option)","CONTROL         ""Remember selection (""""svn.rmdir"""" option)"",IDC_REMEMBER, ""Button"",BS_AUTOCHECKBOX | WS_TABSTOP,15,52,217,12",pending-review,,
src/Resources/TortoiseProcENG.rc,IDD_REQUESTPULL,IDC_STATIC_LOCAL_BRANCH,1,LTEXT,&Start,"LTEXT           ""&Start"",IDC_STATIC_LOCAL_BRANCH,7,8,65,8",pending-review,,
src/Resources/TortoiseProcENG.rc,IDD_REQUESTPULL,IDC_COMBOBOXEX_LOCAL_BRANCH,1,CONTROL,,"CONTROL         """",IDC_COMBOBOXEX_LOCAL_BRANCH,""ComboBoxEx32"",CBS_DROPDOWN | CBS_AUTOHSCROLL | CBS_SORT | WS_VSCROLL | WS_TABSTOP,72,7,206,140",pending-review,,
src/Resources/TortoiseProcENG.rc,IDD_REQUESTPULL,IDC_BUTTON_LOCAL_BRANCH,1,PUSHBUTTON,...,"PUSHBUTTON      ""..."",IDC_BUTTON_LOCAL_BRANCH,286,7,18,14",pending-review,,
src/Resources/TortoiseProcENG.rc,IDD_REQUESTPULL,IDC_STATIC_REMOTE_URL,1,LTEXT,Repository &URL,"LTEXT           ""Repository &URL"",IDC_STATIC_REMOTE_URL,7,27,65,8",pending-review,,
src/Resources/TortoiseProcENG.rc,IDD_REQUESTPULL,IDC_COMBOBOXEX_URL,1,CONTROL,,"CONTROL         """",IDC_COMBOBOXEX_URL,""ComboBoxEx32"",CBS_DROPDOWN | CBS_AUTOHSCROLL | CBS_SORT | WS_VSCROLL | WS_TABSTOP,72,25,232,54",pending-review,,
src/Resources/TortoiseProcENG.rc,IDD_REQUESTPULL,IDC_STATIC_REMOTE_BRANCH,1,LTEXT,End,"LTEXT           ""End"",IDC_STATIC_REMOTE_BRANCH,7,46,65,8",pending-review,,
src/Resources/TortoiseProcENG.rc,IDD_REQUESTPULL,IDC_REMOTE_BRANCH,1,EDITTEXT,,"EDITTEXT        IDC_REMOTE_BRANCH,72,44,232,13,ES_AUTOHSCROLL",pending-review,,
src/Resources/TortoiseProcENG.rc,IDD_REQUESTPULL,IDC_CHECK_SENDMAIL,1,CONTROL,Send Mail after create,"CONTROL         ""Send Mail after create"",IDC_CHECK_SENDMAIL,""Button"",BS_AUTOCHECKBOX | WS_TABSTOP,7,60,166,10",pending-review,,
src/Resources/TortoiseProcENG.rc,IDD_REQUESTPULL,IDOK,1,DEFPUSHBUTTON,OK,"DEFPUSHBUTTON   ""OK"",IDOK,141,70,50,14",pending-review,,
src/Resources/TortoiseProcENG.rc,IDD_REQUESTPULL,IDCANCEL,1,PUSHBUTTON,Cancel,"PUSHBUTTON      ""Cancel"",IDCANCEL,197,70,50,14",pending-review,,
src/Resources/TortoiseProcENG.rc,IDD_REQUESTPULL,IDHELP,1,PUSHBUTTON,Help,"PUSHBUTTON      ""Help"",IDHELP,254,70,50,14",pending-review,,
src/Resources/TortoiseProcENG.rc,IDD_GITSWITCH,IDC_GROUP_BASEON,1,GROUPBOX,Switch To,"GROUPBOX        ""Switch To"",IDC_GROUP_BASEON,7,7,282,64",pending-review,,
src/Resources/TortoiseProcENG.rc,IDD_GITSWITCH,IDC_RADIO_BRANCH,1,CONTROL,&Branch,"CONTROL         ""&Branch"",IDC_RADIO_BRANCH,""Button"",BS_AUTORADIOBUTTON,19,22,64,10",pending-review,,
src/Resources/TortoiseProcENG.rc,IDD_GITSWITCH,IDC_COMBOBOXEX_BRANCH,1,CONTROL,,"CONTROL         """",IDC_COMBOBOXEX_BRANCH,""ComboBoxEx32"",CBS_DROPDOWNLIST | CBS_AUTOHSCROLL | CBS_SORT | WS_VSCROLL | WS_TABSTOP,87,20,171,160",pending-review,,
src/Resources/TortoiseProcENG.rc,IDD_GITSWITCH,IDC_BUTTON_BROWSE_REF,1,PUSHBUTTON,...,"PUSHBUTTON      ""..."",IDC_BUTTON_BROWSE_REF,264,20,14,14",pending-review,,
src/Resources/TortoiseProcENG.rc,IDD_GITSWITCH,IDC_RADIO_TAGS,1,CONTROL,&Tag,"CONTROL         ""&Tag"",IDC_RADIO_TAGS,""Button"",BS_AUTORADIOBUTTON,19,36,64,10",pending-review,,
src/Resources/TortoiseProcENG.rc,IDD_GITSWITCH,IDC_COMBOBOXEX_TAGS,1,CONTROL,,"CONTROL         """",IDC_COMBOBOXEX_TAGS,""ComboBoxEx32"",CBS_DROPDOWNLIST | CBS_AUTOHSCROLL | CBS_SORT | WS_VSCROLL | WS_TABSTOP,87,36,171,145",pending-review,,
src/Resources/TortoiseProcENG.rc,IDD_GITSWITCH,IDC_RADIO_VERSION,1,CONTROL,&Commit,"CONTROL         ""&Commit"",IDC_RADIO_VERSION,""Button"",BS_AUTORADIOBUTTON,19,52,64,10",pending-review,,
src/Resources/TortoiseProcENG.rc,IDD_GITSWITCH,IDC_COMBOBOXEX_VERSION,1,CONTROL,,"CONTROL         """",IDC_COMBOBOXEX_VERSION,""ComboBoxEx32"",CBS_DROPDOWN | CBS_AUTOHSCROLL | CBS_SORT | WS_VSCROLL | WS_TABSTOP,87,52,171,130",pending-review,,
src/Resources/TortoiseProcENG.rc,IDD_GITSWITCH,IDC_BUTTON_SHOW,1,PUSHBUTTON,...,"PUSHBUTTON      ""..."",IDC_BUTTON_SHOW,264,51,14,14",pending-review,,
src/Resources/TortoiseProcENG.rc,IDD_GITSWITCH,IDC_GROUP_OPTION,1,GROUPBOX,Option,"GROUPBOX        ""Option"",IDC_GROUP_OPTION,7,78,282,78",pending-review,,
src/Resources/TortoiseProcENG.rc,IDD_GITSWITCH,IDC_CHECK_BRANCH,1,CONTROL,Create &New Branch,"CONTROL         ""Create &New Branch"",IDC_CHECK_BRANCH,""Button"",BS_AUTOCHECKBOX | WS_TABSTOP,19,91,88,10",pending-review,,
src/Resources/TortoiseProcENG.rc,IDD_GITSWITCH,IDC_EDIT_BRANCH,1,EDITTEXT,,"EDITTEXT        IDC_EDIT_BRANCH,112,88,146,14,ES_AUTOHSCROLL",pending-review,,
src/Resources/TortoiseProcENG.rc,IDD_GITSWITCH,IDC_CHECK_FORCE,1,CONTROL,Overwrite working tree changes (&force),"CONTROL         ""Overwrite working tree changes (&force)"",IDC_CHECK_FORCE, ""Button"",BS_AUTOCHECKBOX | WS_TABSTOP,19,108,174,10",pending-review,,
src/Resources/TortoiseProcENG.rc,IDD_GITSWITCH,IDC_CHECK_MERGE,1,CONTROL,&Merge,"CONTROL         ""&Merge"",IDC_CHECK_MERGE,""Button"",BS_AUTOCHECKBOX | WS_TABSTOP,198,108,83,10",pending-review,,
src/Resources/TortoiseProcENG.rc,IDD_GITSWITCH,IDC_CHECK_TRACK,1,CONTROL,T&rack,"CONTROL         ""T&rack"",IDC_CHECK_TRACK,""Button"",BS_AUTO3STATE | WS_TABSTOP,19,124,100,10",pending-review,,
src/Resources/TortoiseProcENG.rc,IDD_GITSWITCH,IDC_CHECK_BRANCHOVERRIDE,1,CONTROL,&Override branch if exists,"CONTROL         ""&Override branch if exists"",IDC_CHECK_BRANCHOVERRIDE, ""Button"",BS_AUTOCHECKBOX | WS_TABSTOP,19,140,261,10",pending-review,,
src/Resources/TortoiseProcENG.rc,IDD_GITSWITCH,IDOK,1,DEFPUSHBUTTON,OK,"DEFPUSHBUTTON   ""OK"",IDOK,125,164,50,14",pending-review,,
src/Resources/TortoiseProcENG.rc,IDD_GITSWITCH,IDCANCEL,1,PUSHBUTTON,Cancel,"PUSHBUTTON      ""Cancel"",IDCANCEL,182,164,50,14",pending-review,,
src/Resources/TortoiseProcENG.rc,IDD_GITSWITCH,IDHELP,1,PUSHBUTTON,Help,"PUSHBUTTON      ""Help"",IDHELP,239,164,50,14",pending-review,,
src/Resources/TortoiseProcENG.rc,IDD_NEW_BRANCH_TAG,IDC_GROUP_BRANCH,1,GROUPBOX,&Name,"GROUPBOX        ""&Name"",IDC_GROUP_BRANCH,7,4,282,31",pending-review,,
src/Resources/TortoiseProcENG.rc,IDD_NEW_BRANCH_TAG,IDC_LABEL_BRANCH,1,LTEXT,Branch:,"LTEXT           ""Branch:"",IDC_LABEL_BRANCH,21,16,55,8",pending-review,,
src/Resources/TortoiseProcENG.rc,IDD_NEW_BRANCH_TAG,IDC_BRANCH_TAG,1,EDITTEXT,,"EDITTEXT        IDC_BRANCH_TAG,84,14,172,14,ES_AUTOHSCROLL",pending-review,,
src/Resources/TortoiseProcENG.rc,IDD_NEW_BRANCH_TAG,IDC_GROUP_BASEON,1,GROUPBOX,Base On,"GROUPBOX        ""Base On"",IDC_GROUP_BASEON,7,37,282,75",pending-review,,
src/Resources/TortoiseProcENG.rc,IDD_NEW_BRANCH_TAG,IDC_RADIO_HEAD,1,CONTROL,&HEAD,"CONTROL         ""&HEAD"",IDC_RADIO_HEAD,""Button"",BS_AUTORADIOBUTTON,19,49,240,10",pending-review,,
src/Resources/TortoiseProcENG.rc,IDD_NEW_BRANCH_TAG,IDC_RADIO_BRANCH,1,CONTROL,&Branch,"CONTROL         ""&Branch"",IDC_RADIO_BRANCH,""Button"",BS_AUTORADIOBUTTON,19,63,59,10",pending-review,,
src/Resources/TortoiseProcENG.rc,IDD_NEW_BRANCH_TAG,IDC_COMBOBOXEX_BRANCH,1,CONTROL,,"CONTROL         """",IDC_COMBOBOXEX_BRANCH,""ComboBoxEx32"",CBS_DROPDOWNLIST | CBS_AUTOHSCROLL | CBS_SORT | WS_VSCROLL | WS_TABSTOP,84,62,172,160",pending-review,,
src/Resources/TortoiseProcENG.rc,IDD_NEW_BRANCH_TAG,IDC_BUTTON_BROWSE_REF,1,PUSHBUTTON,...,"PUSHBUTTON      ""..."",IDC_BUTTON_BROWSE_REF,264,62,14,14",pending-review,,
src/Resources/TortoiseProcENG.rc,IDD_NEW_BRANCH_TAG,IDC_RADIO_TAGS,1,CONTROL,&Tag,"CONTROL         ""&Tag"",IDC_RADIO_TAGS,""Button"",BS_AUTORADIOBUTTON,19,78,59,10",pending-review,,
src/Resources/TortoiseProcENG.rc,IDD_NEW_BRANCH_TAG,IDC_COMBOBOXEX_TAGS,1,CONTROL,,"CONTROL         """",IDC_COMBOBOXEX_TAGS,""ComboBoxEx32"",CBS_DROPDOWNLIST | CBS_AUTOHSCROLL | CBS_SORT | WS_VSCROLL | WS_TABSTOP,84,77,172,145",pending-review,,
src/Resources/TortoiseProcENG.rc,IDD_NEW_BRANCH_TAG,IDC_RADIO_VERSION,1,CONTROL,&Commit,"CONTROL         ""&Commit"",IDC_RADIO_VERSION,""Button"",BS_AUTORADIOBUTTON,19,93,59,10",pending-review,,
src/Resources/TortoiseProcENG.rc,IDD_NEW_BRANCH_TAG,IDC_COMBOBOXEX_VERSION,1,CONTROL,,"CONTROL         """",IDC_COMBOBOXEX_VERSION,""ComboBoxEx32"",CBS_DROPDOWN | CBS_AUTOHSCROLL | CBS_SORT | WS_VSCROLL | WS_TABSTOP,84,93,172,130",pending-review,,
src/Resources/TortoiseProcENG.rc,IDD_NEW_BRANCH_TAG,IDC_BUTTON_SHOW,1,PUSHBUTTON,...,"PUSHBUTTON      ""..."",IDC_BUTTON_SHOW,264,93,14,14",pending-review,,
src/Resources/TortoiseProcENG.rc,IDD_NEW_BRANCH_TAG,IDC_GROUP_OPTION,1,GROUPBOX,Options,"GROUPBOX        ""Options"",IDC_GROUP_OPTION,7,114,282,29",pending-review,,
src/Resources/TortoiseProcENG.rc,IDD_NEW_BRANCH_TAG,IDC_CHECK_TRACK,1,CONTROL,Trac&k,"CONTROL         ""Trac&k"",IDC_CHECK_TRACK,""Button"",BS_AUTO3STATE | WS_TABSTOP,19,127,70,10",pending-review,,
src/Resources/TortoiseProcENG.rc,IDD_NEW_BRANCH_TAG,IDC_CHECK_FORCE,1,CONTROL,&Force,"CONTROL         ""&Force"",IDC_CHECK_FORCE,""Button"",BS_AUTOCHECKBOX | WS_TABSTOP,92,127,66,10",pending-review,,
src/Resources/TortoiseProcENG.rc,IDD_NEW_BRANCH_TAG,IDC_CHECK_SWITCH,1,CONTROL,&Switch to new branch,"CONTROL         ""&Switch to new branch"",IDC_CHECK_SWITCH,""Button"",BS_AUTOCHECKBOX | WS_TABSTOP,163,127,100,10",pending-review,,
src/Resources/TortoiseProcENG.rc,IDD_NEW_BRANCH_TAG,IDC_CHECK_SIGN,1,CONTROL,Si&gn,"CONTROL         ""Si&gn"",IDC_CHECK_SIGN,""Button"",BS_AUTOCHECKBOX | WS_DISABLED | WS_TABSTOP,174,127,56,10",pending-review,,
src/Resources/TortoiseProcENG.rc,IDD_NEW_BRANCH_TAG,IDC_CHECK_PUSH,1,CONTROL,&Push,"CONTROL         ""&Push"",IDC_CHECK_PUSH,""Button"",BS_AUTOCHECKBOX | WS_DISABLED | WS_TABSTOP,233,127,49,10",pending-review,,
src/Resources/TortoiseProcENG.rc,IDD_NEW_BRANCH_TAG,IDC_GROUP_MESSAGE,1,GROUPBOX,&Message,"GROUPBOX        ""&Message"",IDC_GROUP_MESSAGE,7,146,282,42",pending-review,,
src/Resources/TortoiseProcENG.rc,IDD_NEW_BRANCH_TAG,IDC_EDIT_MESSAGE,1,EDITTEXT,,"EDITTEXT        IDC_EDIT_MESSAGE,21,157,257,23,ES_MULTILINE | ES_AUTOVSCROLL | ES_AUTOHSCROLL | ES_WANTRETURN | WS_VSCROLL",pending-review,,
src/Resources/TortoiseProcENG.rc,IDD_NEW_BRANCH_TAG,IDOK,1,DEFPUSHBUTTON,OK,"DEFPUSHBUTTON   ""OK"",IDOK,123,191,50,14",pending-review,,
src/Resources/TortoiseProcENG.rc,IDD_NEW_BRANCH_TAG,IDCANCEL,1,PUSHBUTTON,Cancel,"PUSHBUTTON      ""Cancel"",IDCANCEL,181,191,50,14",pending-review,,
src/Resources/TortoiseProcENG.rc,IDD_NEW_BRANCH_TAG,IDHELP,1,PUSHBUTTON,Help,"PUSHBUTTON      ""Help"",IDHELP,239,191,50,14",pending-review,,
src/Resources/TortoiseProcENG.rc,IDD_APPLY_PATCH_LIST,IDC_LIST_PATCH,1,CONTROL,,"CONTROL         """",IDC_LIST_PATCH,""SysListView32"",LVS_REPORT | LVS_SHOWSELALWAYS | LVS_ALIGNLEFT | LVS_NOCOLUMNHEADER | WS_BORDER | WS_TABSTOP,7,7,306,99,WS_EX_ACCEPTFILES",pending-review,,
src/Resources/TortoiseProcENG.rc,IDD_APPLY_PATCH_LIST,IDC_BUTTON_ADD,1,PUSHBUTTON,&Add,"PUSHBUTTON      ""&Add"",IDC_BUTTON_ADD,319,13,50,14",pending-review,,
src/Resources/TortoiseProcENG.rc,IDD_APPLY_PATCH_LIST,IDC_BUTTON_UP,1,PUSHBUTTON,&Up,"PUSHBUTTON      ""&Up"",IDC_BUTTON_UP,319,34,50,14",pending-review,,
src/Resources/TortoiseProcENG.rc,IDD_APPLY_PATCH_LIST,IDC_BUTTON_DOWN,1,PUSHBUTTON,&Down,"PUSHBUTTON      ""&Down"",IDC_BUTTON_DOWN,319,52,50,14",pending-review,,
src/Resources/TortoiseProcENG.rc,IDD_APPLY_PATCH_LIST,IDC_BUTTON_REMOVE,1,PUSHBUTTON,&Remove,"PUSHBUTTON      ""&Remove"",IDC_BUTTON_REMOVE,319,74,50,14",pending-review,,
src/Resources/TortoiseProcENG.rc,IDD_APPLY_PATCH_LIST,IDC_CHECK_3WAY,1,CONTROL,&3 way merge,"CONTROL         ""&3 way merge"",IDC_CHECK_3WAY,""Button"",BS_AUTOCHECKBOX | WS_TABSTOP,7,108,57,10",pending-review,,
src/Resources/TortoiseProcENG.rc,IDD_APPLY_PATCH_LIST,IDC_CHECK_IGNORE_SPACE,1,CONTROL,&ignore space change,"CONTROL         ""&ignore space change"",IDC_CHECK_IGNORE_SPACE,""Button"",BS_AUTOCHECKBOX | WS_TABSTOP,73,108,82,10",pending-review,,
src/Resources/TortoiseProcENG.rc,IDD_APPLY_PATCH_LIST,IDC_SIGN_OFF,1,CONTROL,"Add """"&Signed-off-by","CONTROL         ""Add """"&Signed-off-by"""""",IDC_SIGN_OFF,""Button"",BS_AUTOCHECKBOX | WS_TABSTOP,166,108,87,10",pending-review,,
src/Resources/TortoiseProcENG.rc,IDD_APPLY_PATCH_LIST,IDC_KEEP_CR,1,CONTROL,&Keep CR,"CONTROL         ""&Keep CR"",IDC_KEEP_CR,""Button"",BS_AUTOCHECKBOX | WS_TABSTOP,258,108,43,10",pending-review,,
src/Resources/TortoiseProcENG.rc,IDD_APPLY_PATCH_LIST,IDC_AM_SPLIT,1,CONTROL,,"CONTROL         """",IDC_AM_SPLIT,""Static"",SS_BLACKFRAME,7,121,362,6,WS_EX_TRANSPARENT",pending-review,,
src/Resources/TortoiseProcENG.rc,IDD_APPLY_PATCH_LIST,IDC_AM_DUMY_TAB,1,PUSHBUTTON,Dumy Group For locat TabCtr,"PUSHBUTTON      ""Dumy Group For locat TabCtr"",IDC_AM_DUMY_TAB,7,130,362,109,NOT WS_VISIBLE",pending-review,,
src/Resources/TortoiseProcENG.rc,IDD_APPLY_PATCH_LIST,IDOK,1,DEFPUSHBUTTON,A&pply,"DEFPUSHBUTTON   ""A&pply"",IDOK,202,244,50,14",pending-review,,
src/Resources/TortoiseProcENG.rc,IDD_APPLY_PATCH_LIST,IDCANCEL,1,PUSHBUTTON,&Cancel,"PUSHBUTTON      ""&Cancel"",IDCANCEL,259,244,50,14",pending-review,,
src/Resources/TortoiseProcENG.rc,IDD_APPLY_PATCH_LIST,IDHELP,1,PUSHBUTTON,Help,"PUSHBUTTON      ""Help"",IDHELP,319,244,50,14",pending-review,,
src/Resources/TortoiseProcENG.rc,IDD_FORMAT_PATCH,IDC_GROUP_DIR,1,GROUPBOX,Output Directory,"GROUPBOX        ""Output Directory"",IDC_GROUP_DIR,7,7,307,34",pending-review,,
src/Resources/TortoiseProcENG.rc,IDD_FORMAT_PATCH,IDC_STATIC,1,LTEXT,Directory:,"LTEXT           ""Directory:"",IDC_STATIC,18,22,33,8",pending-review,,
src/Resources/TortoiseProcENG.rc,IDD_FORMAT_PATCH,IDC_COMBOBOXEX_DIR,1,CONTROL,,"CONTROL         """",IDC_COMBOBOXEX_DIR,""ComboBoxEx32"",CBS_DROPDOWN | CBS_AUTOHSCROLL | CBS_SORT | WS_VSCROLL | WS_TABSTOP,62,20,218,88",pending-review,,
src/Resources/TortoiseProcENG.rc,IDD_FORMAT_PATCH,IDC_BUTTON_DIR,1,PUSHBUTTON,...,"PUSHBUTTON      ""..."",IDC_BUTTON_DIR,287,20,15,14",pending-review,,
src/Resources/TortoiseProcENG.rc,IDD_FORMAT_PATCH,IDC_GROUP_VERSION,1,GROUPBOX,Version,"GROUPBOX        ""Version"",IDC_GROUP_VERSION,7,46,307,96",pending-review,,
src/Resources/TortoiseProcENG.rc,IDD_FORMAT_PATCH,IDC_RADIO_SINCE,1,CONTROL,Since,"CONTROL         ""Since"",IDC_RADIO_SINCE,""Button"",BS_AUTORADIOBUTTON,16,63,70,10",pending-review,,
src/Resources/TortoiseProcENG.rc,IDD_FORMAT_PATCH,IDC_COMBOBOXEX_SINCE,1,CONTROL,,"CONTROL         """",IDC_COMBOBOXEX_SINCE,""ComboBoxEx32"",CBS_DROPDOWN | CBS_AUTOHSCROLL | CBS_SORT | WS_VSCROLL | WS_TABSTOP,94,60,186,88",pending-review,,
src/Resources/TortoiseProcENG.rc,IDD_FORMAT_PATCH,IDC_BUTTON_REF,1,PUSHBUTTON,...,"PUSHBUTTON      ""..."",IDC_BUTTON_REF,287,59,15,14",pending-review,,
src/Resources/TortoiseProcENG.rc,IDD_FORMAT_PATCH,IDC_RADIO_NUM,1,CONTROL,Number Commits,"CONTROL         ""Number Commits"",IDC_RADIO_NUM,""Button"",BS_AUTORADIOBUTTON,16,82,70,10",pending-review,,
src/Resources/TortoiseProcENG.rc,IDD_FORMAT_PATCH,IDC_EDIT_NUM,1,EDITTEXT,,"EDITTEXT        IDC_EDIT_NUM,94,80,186,14,ES_AUTOHSCROLL | ES_NUMBER",pending-review,,
src/Resources/TortoiseProcENG.rc,IDD_FORMAT_PATCH,IDC_SPIN_NUM,1,CONTROL,,"CONTROL         """",IDC_SPIN_NUM,""msctls_updown32"",UDS_SETBUDDYINT | UDS_ALIGNRIGHT | UDS_AUTOBUDDY | UDS_ARROWKEYS,287,80,11,14",pending-review,,
src/Resources/TortoiseProcENG.rc,IDD_FORMAT_PATCH,IDC_RADIO_RANGE,1,CONTROL,Range,"CONTROL         ""Range"",IDC_RADIO_RANGE,""Button"",BS_AUTORADIOBUTTON,16,103,45,10",pending-review,,
src/Resources/TortoiseProcENG.rc,IDD_FORMAT_PATCH,IDC_STATIC,2,LTEXT,From:,"LTEXT           ""From:"",IDC_STATIC,63,104,26,8",pending-review,,
src/Resources/TortoiseProcENG.rc,IDD_FORMAT_PATCH,IDC_COMBOBOXEX_FROM,1,CONTROL,,"CONTROL         """",IDC_COMBOBOXEX_FROM,""ComboBoxEx32"",CBS_DROPDOWN | CBS_AUTOHSCROLL | CBS_SORT | WS_VSCROLL | WS_TABSTOP,94,100,186,79",pending-review,,
src/Resources/TortoiseProcENG.rc,IDD_FORMAT_PATCH,IDC_BUTTON_FROM,1,PUSHBUTTON,...,"PUSHBUTTON      ""..."",IDC_BUTTON_FROM,287,99,15,14",pending-review,,
src/Resources/TortoiseProcENG.rc,IDD_FORMAT_PATCH,IDC_STATIC,3,LTEXT,To:,"LTEXT           ""To:"",IDC_STATIC,63,122,23,8",pending-review,,
src/Resources/TortoiseProcENG.rc,IDD_FORMAT_PATCH,IDC_COMBOBOXEX_TO,1,CONTROL,,"CONTROL         """",IDC_COMBOBOXEX_TO,""ComboBoxEx32"",CBS_DROPDOWN | CBS_AUTOHSCROLL | CBS_SORT | WS_VSCROLL | WS_TABSTOP,94,119,186,68",pending-review,,
src/Resources/TortoiseProcENG.rc,IDD_FORMAT_PATCH,IDC_BUTTON_TO,1,PUSHBUTTON,...,"PUSHBUTTON      ""..."",IDC_BUTTON_TO,287,118,15,14",pending-review,,
src/Resources/TortoiseProcENG.rc,IDD_FORMAT_PATCH,IDC_CHECK_SENDMAIL,1,CONTROL,Send Mail after create,"CONTROL         ""Send Mail after create"",IDC_CHECK_SENDMAIL,""Button"",BS_AUTOCHECKBOX | WS_TABSTOP,16,145,166,10",pending-review,,
src/Resources/TortoiseProcENG.rc,IDD_FORMAT_PATCH,IDC_CHECK_NOPREFIX,1,CONTROL,No a/ and b/ prefixes,"CONTROL         ""No a/ and b/ prefixes"",IDC_CHECK_NOPREFIX,""Button"",BS_AUTOCHECKBOX | WS_TABSTOP,16,159,298,10",pending-review,,
src/Resources/TortoiseProcENG.rc,IDD_FORMAT_PATCH,IDC_BUTTON_UNIFIEDDIFF,1,PUSHBUTTON,Save unified diff since HEAD,"PUSHBUTTON      ""Save unified diff since HEAD"",IDC_BUTTON_UNIFIEDDIFF,16,172,117,14",pending-review,,
src/Resources/TortoiseProcENG.rc,IDD_FORMAT_PATCH,IDOK,1,DEFPUSHBUTTON,OK,"DEFPUSHBUTTON   ""OK"",IDOK,159,172,50,14",pending-review,,
src/Resources/TortoiseProcENG.rc,IDD_FORMAT_PATCH,IDCANCEL,1,PUSHBUTTON,Cancel,"PUSHBUTTON      ""Cancel"",IDCANCEL,211,172,50,14",pending-review,,
src/Resources/TortoiseProcENG.rc,IDD_FORMAT_PATCH,IDHELP,1,PUSHBUTTON,Help,"PUSHBUTTON      ""Help"",IDHELP,264,172,50,14",pending-review,,
src/Resources/TortoiseProcENG.rc,IDD_MERGE,IDC_STATIC,1,LTEXT,Current branch:,"LTEXT           ""Current branch:"",IDC_STATIC,7,7,69,10",partial-native-replacement,Sources/TurtleGitMac/MergeWindow.swift,Native control arrangement and conditional enablement implemented; relevant native checks recorded in MERGE-PARITY.md. Full dialog/chooser/editor parity remains partial.
src/Resources/TortoiseProcENG.rc,IDD_MERGE,IDC_CURRENTBRANCH,1,EDITTEXT,,"EDITTEXT        IDC_CURRENTBRANCH,83,7,210,12,ES_AUTOHSCROLL | ES_READONLY | NOT WS_BORDER",partial-native-replacement,Sources/TurtleGitMac/MergeWindow.swift,Native control arrangement and conditional enablement implemented; relevant native checks recorded in MERGE-PARITY.md. Full dialog/chooser/editor parity remains partial.
src/Resources/TortoiseProcENG.rc,IDD_MERGE,IDC_GROUP_BASEON,1,GROUPBOX,From,"GROUPBOX        ""From"",IDC_GROUP_BASEON,6,20,314,62",partial-native-replacement,Sources/TurtleGitMac/MergeWindow.swift,Native control arrangement and conditional enablement implemented; relevant native checks recorded in MERGE-PARITY.md. Full dialog/chooser/editor parity remains partial.
src/Resources/TortoiseProcENG.rc,IDD_MERGE,IDC_RADIO_BRANCH,1,CONTROL,&Branch,"CONTROL         ""&Branch"",IDC_RADIO_BRANCH,""Button"",BS_AUTORADIOBUTTON,19,35,60,10",partial-native-replacement,Sources/TurtleGitMac/MergeWindow.swift,Native control arrangement and conditional enablement implemented; relevant native checks recorded in MERGE-PARITY.md. Full dialog/chooser/editor parity remains partial.
src/Resources/TortoiseProcENG.rc,IDD_MERGE,IDC_COMBOBOXEX_BRANCH,1,CONTROL,,"CONTROL         """",IDC_COMBOBOXEX_BRANCH,""ComboBoxEx32"",CBS_DROPDOWNLIST | CBS_AUTOHSCROLL | CBS_SORT | WS_VSCROLL | WS_TABSTOP,83,34,210,160",partial-native-replacement,Sources/TurtleGitMac/MergeWindow.swift,Native control arrangement and conditional enablement implemented; relevant native checks recorded in MERGE-PARITY.md. Full dialog/chooser/editor parity remains partial.
src/Resources/TortoiseProcENG.rc,IDD_MERGE,IDC_BUTTON_BROWSE_REF,1,PUSHBUTTON,...,"PUSHBUTTON      ""..."",IDC_BUTTON_BROWSE_REF,300,34,14,14",partial-native-replacement,Sources/TurtleGitMac/MergeWindow.swift,Native control arrangement and conditional enablement implemented; relevant native checks recorded in MERGE-PARITY.md. Full dialog/chooser/editor parity remains partial.
src/Resources/TortoiseProcENG.rc,IDD_MERGE,IDC_RADIO_TAGS,1,CONTROL,&Tag,"CONTROL         ""&Tag"",IDC_RADIO_TAGS,""Button"",BS_AUTORADIOBUTTON,19,50,60,10",partial-native-replacement,Sources/TurtleGitMac/MergeWindow.swift,Native control arrangement and conditional enablement implemented; relevant native checks recorded in MERGE-PARITY.md. Full dialog/chooser/editor parity remains partial.
src/Resources/TortoiseProcENG.rc,IDD_MERGE,IDC_COMBOBOXEX_TAGS,1,CONTROL,,"CONTROL         """",IDC_COMBOBOXEX_TAGS,""ComboBoxEx32"",CBS_DROPDOWNLIST | CBS_AUTOHSCROLL | CBS_SORT | WS_VSCROLL | WS_TABSTOP,83,49,210,145",partial-native-replacement,Sources/TurtleGitMac/MergeWindow.swift,Native control arrangement and conditional enablement implemented; relevant native checks recorded in MERGE-PARITY.md. Full dialog/chooser/editor parity remains partial.
src/Resources/TortoiseProcENG.rc,IDD_MERGE,IDC_RADIO_VERSION,1,CONTROL,&Commit,"CONTROL         ""&Commit"",IDC_RADIO_VERSION,""Button"",BS_AUTORADIOBUTTON,19,65,60,10",partial-native-replacement,Sources/TurtleGitMac/MergeWindow.swift,Native control arrangement and conditional enablement implemented; relevant native checks recorded in MERGE-PARITY.md. Full dialog/chooser/editor parity remains partial.
src/Resources/TortoiseProcENG.rc,IDD_MERGE,IDC_COMBOBOXEX_VERSION,1,CONTROL,,"CONTROL         """",IDC_COMBOBOXEX_VERSION,""ComboBoxEx32"",CBS_DROPDOWN | CBS_AUTOHSCROLL | CBS_SORT | WS_VSCROLL | WS_TABSTOP,83,65,210,130",partial-native-replacement,Sources/TurtleGitMac/MergeWindow.swift,Native control arrangement and conditional enablement implemented; relevant native checks recorded in MERGE-PARITY.md. Full dialog/chooser/editor parity remains partial.
src/Resources/TortoiseProcENG.rc,IDD_MERGE,IDC_BUTTON_SHOW,1,PUSHBUTTON,...,"PUSHBUTTON      ""..."",IDC_BUTTON_SHOW,300,65,14,14",partial-native-replacement,Sources/TurtleGitMac/MergeWindow.swift,Native control arrangement and conditional enablement implemented; relevant native checks recorded in MERGE-PARITY.md. Full dialog/chooser/editor parity remains partial.
src/Resources/TortoiseProcENG.rc,IDD_MERGE,IDC_GROUP_OPTION,1,GROUPBOX,Option,"GROUPBOX        ""Option"",IDC_GROUP_OPTION,6,85,314,82",partial-native-replacement,Sources/TurtleGitMac/MergeWindow.swift,Native control arrangement and conditional enablement implemented; relevant native checks recorded in MERGE-PARITY.md. Full dialog/chooser/editor parity remains partial.
src/Resources/TortoiseProcENG.rc,IDD_MERGE,IDC_CHECK_SQUASH,1,CONTROL,&Squash,"CONTROL         ""&Squash"",IDC_CHECK_SQUASH,""Button"",BS_AUTOCHECKBOX | WS_TABSTOP,21,95,113,10",partial-native-replacement,Sources/TurtleGitMac/MergeWindow.swift,Native control arrangement and conditional enablement implemented; relevant native checks recorded in MERGE-PARITY.md. Full dialog/chooser/editor parity remains partial.
src/Resources/TortoiseProcENG.rc,IDD_MERGE,IDC_CHECK_MERGE_LOG,1,CONTROL,Messages,"CONTROL         ""Messages"",IDC_CHECK_MERGE_LOG,""Button"",BS_AUTOCHECKBOX | WS_TABSTOP,154,94,63,10",partial-native-replacement,Sources/TurtleGitMac/MergeWindow.swift,Native control arrangement and conditional enablement implemented; relevant native checks recorded in MERGE-PARITY.md. Full dialog/chooser/editor parity remains partial.
src/Resources/TortoiseProcENG.rc,IDD_MERGE,IDC_EDIT_MERGE_LOGNUM,1,EDITTEXT,,"EDITTEXT        IDC_EDIT_MERGE_LOGNUM,222,93,29,14,ES_AUTOHSCROLL | WS_DISABLED,WS_EX_RIGHT",partial-native-replacement,Sources/TurtleGitMac/MergeWindow.swift,Native control arrangement and conditional enablement implemented; relevant native checks recorded in MERGE-PARITY.md. Full dialog/chooser/editor parity remains partial.
src/Resources/TortoiseProcENG.rc,IDD_MERGE,IDC_CHECK_NOFF,1,CONTROL,No &Fast Forward,"CONTROL         ""No &Fast Forward"",IDC_CHECK_NOFF,""Button"",BS_AUTOCHECKBOX | WS_TABSTOP,21,111,113,10",partial-native-replacement,Sources/TurtleGitMac/MergeWindow.swift,Native control arrangement and conditional enablement implemented; relevant native checks recorded in MERGE-PARITY.md. Full dialog/chooser/editor parity remains partial.
src/Resources/TortoiseProcENG.rc,IDD_MERGE,IDC_CHECK_FFONLY,1,CONTROL,Fast Forward O&nly,"CONTROL         ""Fast Forward O&nly"",IDC_CHECK_FFONLY,""Button"",BS_AUTOCHECKBOX | WS_TABSTOP,154,111,162,10",partial-native-replacement,Sources/TurtleGitMac/MergeWindow.swift,Native control arrangement and conditional enablement implemented; relevant native checks recorded in MERGE-PARITY.md. Full dialog/chooser/editor parity remains partial.
src/Resources/TortoiseProcENG.rc,IDD_MERGE,IDC_CHECK_NOCOMMIT,1,CONTROL,No Co&mmit,"CONTROL         ""No Co&mmit"",IDC_CHECK_NOCOMMIT,""Button"",BS_AUTOCHECKBOX | WS_TABSTOP,21,128,132,10",partial-native-replacement,Sources/TurtleGitMac/MergeWindow.swift,Native control arrangement and conditional enablement implemented; relevant native checks recorded in MERGE-PARITY.md. Full dialog/chooser/editor parity remains partial.
src/Resources/TortoiseProcENG.rc,IDD_MERGE,IDC_STATIC,2,LTEXT,Strategy,"LTEXT           ""Strategy"",IDC_STATIC,21,146,41,8",partial-native-replacement,Sources/TurtleGitMac/MergeWindow.swift,Native control arrangement and conditional enablement implemented; relevant native checks recorded in MERGE-PARITY.md. Full dialog/chooser/editor parity remains partial.
src/Resources/TortoiseProcENG.rc,IDD_MERGE,IDC_COMBO_MERGESTRATEGY,1,COMBOBOX,,"COMBOBOX        IDC_COMBO_MERGESTRATEGY,65,144,70,30,CBS_DROPDOWNLIST | CBS_AUTOHSCROLL | WS_VSCROLL | WS_TABSTOP",partial-native-replacement,Sources/TurtleGitMac/MergeWindow.swift,Native control arrangement and conditional enablement implemented; relevant native checks recorded in MERGE-PARITY.md. Full dialog/chooser/editor parity remains partial.
src/Resources/TortoiseProcENG.rc,IDD_MERGE,IDC_COMBO_STRATEGYOPTION,1,COMBOBOX,,"COMBOBOX        IDC_COMBO_STRATEGYOPTION,142,144,96,30,CBS_DROPDOWNLIST | CBS_AUTOHSCROLL | WS_DISABLED | WS_VSCROLL | WS_TABSTOP",partial-native-replacement,Sources/TurtleGitMac/MergeWindow.swift,Native control arrangement and conditional enablement implemented; relevant native checks recorded in MERGE-PARITY.md. Full dialog/chooser/editor parity remains partial.
src/Resources/TortoiseProcENG.rc,IDD_MERGE,IDC_EDIT_STRATEGYPARAM,1,EDITTEXT,,"EDITTEXT        IDC_EDIT_STRATEGYPARAM,245,144,36,12,ES_AUTOHSCROLL | WS_DISABLED",partial-native-replacement,Sources/TurtleGitMac/MergeWindow.swift,Native control arrangement and conditional enablement implemented; relevant native checks recorded in MERGE-PARITY.md. Full dialog/chooser/editor parity remains partial.
src/Resources/TortoiseProcENG.rc,IDD_MERGE,IDC_STATIC_MERGE_MESSAGE,1,GROUPBOX,Merge &Message,"GROUPBOX        ""Merge &Message"",IDC_STATIC_MERGE_MESSAGE,6,168,314,80",partial-native-replacement,Sources/TurtleGitMac/MergeWindow.swift,Native control arrangement and conditional enablement implemented; relevant native checks recorded in MERGE-PARITY.md. Full dialog/chooser/editor parity remains partial.
src/Resources/TortoiseProcENG.rc,IDD_MERGE,IDC_LOGMESSAGE,1,CONTROL,Scintilla,"CONTROL         ""Scintilla"",IDC_LOGMESSAGE,""Scintilla"",WS_TABSTOP,18,180,293,60,WS_EX_STATICEDGE",partial-native-replacement,Sources/TurtleGitMac/MergeWindow.swift,Native control arrangement and conditional enablement implemented; relevant native checks recorded in MERGE-PARITY.md. Full dialog/chooser/editor parity remains partial.
src/Resources/TortoiseProcENG.rc,IDD_MERGE,IDOK,1,DEFPUSHBUTTON,OK,"DEFPUSHBUTTON   ""OK"",IDOK,159,253,50,14",partial-native-replacement,Sources/TurtleGitMac/MergeWindow.swift,Native control arrangement and conditional enablement implemented; relevant native checks recorded in MERGE-PARITY.md. Full dialog/chooser/editor parity remains partial.
src/Resources/TortoiseProcENG.rc,IDD_MERGE,IDCANCEL,1,PUSHBUTTON,Cancel,"PUSHBUTTON      ""Cancel"",IDCANCEL,215,253,50,14",partial-native-replacement,Sources/TurtleGitMac/MergeWindow.swift,Native control arrangement and conditional enablement implemented; relevant native checks recorded in MERGE-PARITY.md. Full dialog/chooser/editor parity remains partial.
src/Resources/TortoiseProcENG.rc,IDD_MERGE,IDHELP,1,PUSHBUTTON,Help,"PUSHBUTTON      ""Help"",IDHELP,271,253,50,14",partial-native-replacement,Sources/TurtleGitMac/MergeWindow.swift,Native control arrangement and conditional enablement implemented; relevant native checks recorded in MERGE-PARITY.md. Full dialog/chooser/editor parity remains partial.
src/Resources/TortoiseProcENG.rc,IDD_FIRSTSTARTWIZARD_START,IDC_FIRSTSTART_HINT,1,CONTROL,,"CONTROL         """",IDC_FIRSTSTART_HINT,""SysLink"",LWS_NOPREFIX | WS_TABSTOP,17,7,289,135",pending-review,,
src/Resources/TortoiseProcENG.rc,IDD_SETTINGSCOLORS_1,IDC_STATIC,1,GROUPBOX,Status and action colors,"GROUPBOX        ""Status and action colors"",IDC_STATIC,7,7,286,120",pending-review,,
src/Resources/TortoiseProcENG.rc,IDD_SETTINGSCOLORS_1,IDC_STATIC,2,LTEXT,possible or real conflict/obstructed,"LTEXT           ""possible or real conflict/obstructed"",IDC_STATIC,14,23,137,8",pending-review,,
src/Resources/TortoiseProcENG.rc,IDD_SETTINGSCOLORS_1,IDC_STATIC,3,LTEXT,added files,"LTEXT           ""added files"",IDC_STATIC,14,40,135,8",pending-review,,
src/Resources/TortoiseProcENG.rc,IDD_SETTINGSCOLORS_1,IDC_STATIC,4,LTEXT,missing/deleted/replaced,"LTEXT           ""missing/deleted/replaced"",IDC_STATIC,14,57,137,8",pending-review,,
src/Resources/TortoiseProcENG.rc,IDD_SETTINGSCOLORS_1,IDC_STATIC,5,LTEXT,merged,"LTEXT           ""merged"",IDC_STATIC,14,74,137,8",pending-review,,
src/Resources/TortoiseProcENG.rc,IDD_SETTINGSCOLORS_1,IDC_STATIC,6,LTEXT,modified/copied,"LTEXT           ""modified/copied"",IDC_STATIC,14,92,137,8",pending-review,,
src/Resources/TortoiseProcENG.rc,IDD_SETTINGSCOLORS_1,IDC_STATIC,7,LTEXT,renamed,"LTEXT           ""renamed"",IDC_STATIC,14,109,137,8",pending-review,,
src/Resources/TortoiseProcENG.rc,IDD_SETTINGSCOLORS_1,IDC_CONFLICTCOLOR,1,PUSHBUTTON,,"PUSHBUTTON      """",IDC_CONFLICTCOLOR,158,20,101,14",pending-review,,
src/Resources/TortoiseProcENG.rc,IDD_SETTINGSCOLORS_1,IDC_ADDEDCOLOR,1,PUSHBUTTON,,"PUSHBUTTON      """",IDC_ADDEDCOLOR,158,37,101,14",pending-review,,
src/Resources/TortoiseProcENG.rc,IDD_SETTINGSCOLORS_1,IDC_DELETEDCOLOR,1,PUSHBUTTON,,"PUSHBUTTON      """",IDC_DELETEDCOLOR,158,54,101,14",pending-review,,
src/Resources/TortoiseProcENG.rc,IDD_SETTINGSCOLORS_1,IDC_MERGEDCOLOR,1,PUSHBUTTON,,"PUSHBUTTON      """",IDC_MERGEDCOLOR,158,71,101,14",pending-review,,
src/Resources/TortoiseProcENG.rc,IDD_SETTINGSCOLORS_1,IDC_MODIFIEDCOLOR,1,PUSHBUTTON,,"PUSHBUTTON      """",IDC_MODIFIEDCOLOR,158,88,101,14",pending-review,,
src/Resources/TortoiseProcENG.rc,IDD_SETTINGSCOLORS_1,IDC_RENAMEDCOLOR,1,PUSHBUTTON,,"PUSHBUTTON      """",IDC_RENAMEDCOLOR,158,106,101,14",pending-review,,
src/Resources/TortoiseProcENG.rc,IDD_SETTINGSCOLORS_1,IDC_STATIC,8,GROUPBOX,Revision graph,"GROUPBOX        ""Revision graph"",IDC_STATIC,7,130,286,62",pending-review,,
src/Resources/TortoiseProcENG.rc,IDD_SETTINGSCOLORS_1,IDC_STATIC,9,LTEXT,Note node,"LTEXT           ""Note node"",IDC_STATIC,14,142,137,8",pending-review,,
src/Resources/TortoiseProcENG.rc,IDD_SETTINGSCOLORS_1,IDC_NOTENODECOLOR,1,PUSHBUTTON,,"PUSHBUTTON      """",IDC_NOTENODECOLOR,158,139,101,14",pending-review,,
src/Resources/TortoiseProcENG.rc,IDD_SETTINGSCOLORS_1,IDC_STATIC,10,LTEXT,Unknown ref-types,"LTEXT           ""Unknown ref-types"",IDC_STATIC,14,159,137,8",pending-review,,
src/Resources/TortoiseProcENG.rc,IDD_SETTINGSCOLORS_1,IDC_OTHERREFSCOLOR,1,PUSHBUTTON,,"PUSHBUTTON      """",IDC_OTHERREFSCOLOR,158,156,101,14",pending-review,,
src/Resources/TortoiseProcENG.rc,IDD_SETTINGSCOLORS_1,IDC_REVGRAPHUSELOCALFORCUR,1,CONTROL,Use local branch color for current branch,"CONTROL         ""Use local branch color for current branch"",IDC_REVGRAPHUSELOCALFORCUR, ""Button"",BS_AUTOCHECKBOX | WS_TABSTOP,14,172,146,10",pending-review,,
src/Resources/TortoiseProcENG.rc,IDD_SETTINGSCOLORS_1,IDC_DARKTHEME,1,CONTROL,Dark theme,"CONTROL         ""Dark theme"",IDC_DARKTHEME,""Button"",BS_AUTOCHECKBOX | WS_TABSTOP,14,195,245,10",pending-review,,
src/Resources/TortoiseProcENG.rc,IDD_SETTINGSCOLORS_1,IDC_RESTORE,1,PUSHBUTTON,Restore Default,"PUSHBUTTON      ""Restore Default"",IDC_RESTORE,211,209,82,14",pending-review,,
src/Resources/TortoiseProcENG.rc,IDD_SETTINGSCOLORS_3,IDC_STATIC,1,GROUPBOX,Log Branch Line,"GROUPBOX        ""Log Branch Line"",IDC_STATIC,7,7,286,186",pending-review,,
src/Resources/TortoiseProcENG.rc,IDD_SETTINGSCOLORS_3,IDC_STATIC,2,LTEXT,LINE1,"LTEXT           ""LINE1"",IDC_STATIC,14,23,137,8",pending-review,,
src/Resources/TortoiseProcENG.rc,IDD_SETTINGSCOLORS_3,IDC_COLOR_LINE1,1,PUSHBUTTON,,"PUSHBUTTON      """",IDC_COLOR_LINE1,158,20,101,14",pending-review,,
src/Resources/TortoiseProcENG.rc,IDD_SETTINGSCOLORS_3,IDC_STATIC,3,LTEXT,LINE2,"LTEXT           ""LINE2"",IDC_STATIC,14,40,135,8",pending-review,,
src/Resources/TortoiseProcENG.rc,IDD_SETTINGSCOLORS_3,IDC_COLOR_LINE2,1,PUSHBUTTON,,"PUSHBUTTON      """",IDC_COLOR_LINE2,158,37,101,14",pending-review,,
src/Resources/TortoiseProcENG.rc,IDD_SETTINGSCOLORS_3,IDC_STATIC,4,LTEXT,LINE3,"LTEXT           ""LINE3"",IDC_STATIC,14,57,137,8",pending-review,,
src/Resources/TortoiseProcENG.rc,IDD_SETTINGSCOLORS_3,IDC_COLOR_LINE3,1,PUSHBUTTON,,"PUSHBUTTON      """",IDC_COLOR_LINE3,158,54,101,14",pending-review,,
src/Resources/TortoiseProcENG.rc,IDD_SETTINGSCOLORS_3,IDC_STATIC,5,LTEXT,LINE4,"LTEXT           ""LINE4"",IDC_STATIC,14,74,137,8",pending-review,,
src/Resources/TortoiseProcENG.rc,IDD_SETTINGSCOLORS_3,IDC_COLOR_LINE4,1,PUSHBUTTON,,"PUSHBUTTON      """",IDC_COLOR_LINE4,158,71,101,14",pending-review,,
src/Resources/TortoiseProcENG.rc,IDD_SETTINGSCOLORS_3,IDC_STATIC,6,LTEXT,LINE5,"LTEXT           ""LINE5"",IDC_STATIC,14,91,137,8",pending-review,,
src/Resources/TortoiseProcENG.rc,IDD_SETTINGSCOLORS_3,IDC_COLOR_LINE5,1,PUSHBUTTON,,"PUSHBUTTON      """",IDC_COLOR_LINE5,158,88,101,14",pending-review,,
src/Resources/TortoiseProcENG.rc,IDD_SETTINGSCOLORS_3,IDC_STATIC,7,LTEXT,LINE6,"LTEXT           ""LINE6"",IDC_STATIC,14,108,135,8",pending-review,,
src/Resources/TortoiseProcENG.rc,IDD_SETTINGSCOLORS_3,IDC_COLOR_LINE6,1,PUSHBUTTON,,"PUSHBUTTON      """",IDC_COLOR_LINE6,158,105,101,14",pending-review,,
src/Resources/TortoiseProcENG.rc,IDD_SETTINGSCOLORS_3,IDC_STATIC,8,LTEXT,LINE7,"LTEXT           ""LINE7"",IDC_STATIC,14,125,137,8",pending-review,,
src/Resources/TortoiseProcENG.rc,IDD_SETTINGSCOLORS_3,IDC_COLOR_LINE7,1,PUSHBUTTON,,"PUSHBUTTON      """",IDC_COLOR_LINE7,158,122,101,14",pending-review,,
src/Resources/TortoiseProcENG.rc,IDD_SETTINGSCOLORS_3,IDC_STATIC,9,LTEXT,LINE8,"LTEXT           ""LINE8"",IDC_STATIC,14,142,137,8",pending-review,,
src/Resources/TortoiseProcENG.rc,IDD_SETTINGSCOLORS_3,IDC_COLOR_LINE8,1,PUSHBUTTON,,"PUSHBUTTON      """",IDC_COLOR_LINE8,158,139,101,14",pending-review,,
src/Resources/TortoiseProcENG.rc,IDD_SETTINGSCOLORS_3,IDC_STATIC,10,LTEXT,Line width,"LTEXT           ""Line width"",IDC_STATIC,14,159,33,8",pending-review,,
src/Resources/TortoiseProcENG.rc,IDD_SETTINGSCOLORS_3,IDC_LOGGRAPHLINEWIDTH,1,COMBOBOX,,"COMBOBOX        IDC_LOGGRAPHLINEWIDTH,158,156,48,30,CBS_DROPDOWNLIST | WS_VSCROLL | WS_TABSTOP",pending-review,,
src/Resources/TortoiseProcENG.rc,IDD_SETTINGSCOLORS_3,IDC_STATIC,11,LTEXT,Node size,"LTEXT           ""Node size"",IDC_STATIC,14,176,32,8",pending-review,,
src/Resources/TortoiseProcENG.rc,IDD_SETTINGSCOLORS_3,IDC_LOGGRAPHNODESIZE,1,COMBOBOX,,"COMBOBOX        IDC_LOGGRAPHNODESIZE,158,173,48,30,CBS_DROPDOWNLIST | WS_VSCROLL | WS_TABSTOP",pending-review,,
src/Resources/TortoiseProcENG.rc,IDD_SETTINGSCOLORS_3,IDC_RESTORE,1,PUSHBUTTON,Restore Default,"PUSHBUTTON      ""Restore Default"",IDC_RESTORE,211,196,82,14",pending-review,,
src/Resources/TortoiseProcENG.rc,IDD_RESET,IDC_STATIC,1,LTEXT,Current branch:,"LTEXT           ""Current branch:"",IDC_STATIC,7,7,69,10",pending-review,,
src/Resources/TortoiseProcENG.rc,IDD_RESET,IDC_CURRENTBRANCH,1,EDITTEXT,,"EDITTEXT        IDC_CURRENTBRANCH,86,7,181,12,ES_AUTOHSCROLL | ES_READONLY | NOT WS_BORDER",pending-review,,
src/Resources/TortoiseProcENG.rc,IDD_RESET,IDC_GROUP_BASEON,1,GROUPBOX,Reset active branch,"GROUPBOX        ""Reset active branch"",IDC_GROUP_BASEON,7,20,285,64",pending-review,,
src/Resources/TortoiseProcENG.rc,IDD_RESET,IDC_RADIO_BRANCH,1,CONTROL,&Branch,"CONTROL         ""&Branch"",IDC_RADIO_BRANCH,""Button"",BS_AUTORADIOBUTTON | WS_GROUP,15,33,64,10",pending-review,,
src/Resources/TortoiseProcENG.rc,IDD_RESET,IDC_COMBOBOXEX_BRANCH,1,CONTROL,,"CONTROL         """",IDC_COMBOBOXEX_BRANCH,""ComboBoxEx32"",CBS_DROPDOWNLIST | CBS_AUTOHSCROLL | CBS_SORT | WS_VSCROLL | WS_TABSTOP,86,33,180,160",pending-review,,
src/Resources/TortoiseProcENG.rc,IDD_RESET,IDC_BUTTON_BROWSE_REF,1,PUSHBUTTON,...,"PUSHBUTTON      ""..."",IDC_BUTTON_BROWSE_REF,271,33,14,14",pending-review,,
src/Resources/TortoiseProcENG.rc,IDD_RESET,IDC_RADIO_TAGS,1,CONTROL,&Tag,"CONTROL         ""&Tag"",IDC_RADIO_TAGS,""Button"",BS_AUTORADIOBUTTON,15,49,64,10",pending-review,,
src/Resources/TortoiseProcENG.rc,IDD_RESET,IDC_COMBOBOXEX_TAGS,1,CONTROL,,"CONTROL         """",IDC_COMBOBOXEX_TAGS,""ComboBoxEx32"",CBS_DROPDOWNLIST | CBS_AUTOHSCROLL | CBS_SORT | WS_VSCROLL | WS_TABSTOP,86,49,180,145",pending-review,,
src/Resources/TortoiseProcENG.rc,IDD_RESET,IDC_RADIO_VERSION,1,CONTROL,&Commit,"CONTROL         ""&Commit"",IDC_RADIO_VERSION,""Button"",BS_AUTORADIOBUTTON,15,65,64,10",pending-review,,
src/Resources/TortoiseProcENG.rc,IDD_RESET,IDC_COMBOBOXEX_VERSION,1,CONTROL,,"CONTROL         """",IDC_COMBOBOXEX_VERSION,""ComboBoxEx32"",CBS_DROPDOWN | CBS_AUTOHSCROLL | CBS_SORT | WS_VSCROLL | WS_TABSTOP,86,65,180,130",pending-review,,
src/Resources/TortoiseProcENG.rc,IDD_RESET,IDC_BUTTON_SHOW,1,PUSHBUTTON,...,"PUSHBUTTON      ""..."",IDC_BUTTON_SHOW,271,64,14,14",pending-review,,
src/Resources/TortoiseProcENG.rc,IDD_RESET,IDC_GROUP_RESET_TYPE,1,GROUPBOX,Reset Type,"GROUPBOX        ""Reset Type"",IDC_GROUP_RESET_TYPE,7,88,285,60",pending-review,,
src/Resources/TortoiseProcENG.rc,IDD_RESET,IDC_RADIO_RESET_SOFT,1,CONTROL,&Soft: Leave working tree and index untouched,"CONTROL         ""&Soft: Leave working tree and index untouched"",IDC_RADIO_RESET_SOFT, ""Button"",BS_AUTORADIOBUTTON | WS_GROUP,15,102,270,10",pending-review,,
src/Resources/TortoiseProcENG.rc,IDD_RESET,IDC_RADIO_RESET_MIXED,1,CONTROL,"&Mixed: Leave working tree untouched, reset index","CONTROL         ""&Mixed: Leave working tree untouched, reset index"",IDC_RADIO_RESET_MIXED, ""Button"",BS_AUTORADIOBUTTON,15,115,270,10",pending-review,,
src/Resources/TortoiseProcENG.rc,IDD_RESET,IDC_RADIO_RESET_HARD,1,CONTROL,&Hard: Reset working tree and index (discard all local changes),"CONTROL         ""&Hard: Reset working tree and index (discard all local changes)"",IDC_RADIO_RESET_HARD, ""Button"",BS_AUTORADIOBUTTON,15,128,270,10",pending-review,,
src/Resources/TortoiseProcENG.rc,IDD_RESET,IDC_SHOW_MODIFIED_FILES,1,PUSHBUTTON,Show modified files in &working tree,"PUSHBUTTON      ""Show modified files in &working tree"",IDC_SHOW_MODIFIED_FILES,7,153,285,14",pending-review,,
src/Resources/TortoiseProcENG.rc,IDD_RESET,IDOK,1,DEFPUSHBUTTON,OK,"DEFPUSHBUTTON   ""OK"",IDOK,125,172,50,14",pending-review,,
src/Resources/TortoiseProcENG.rc,IDD_RESET,IDCANCEL,1,PUSHBUTTON,Cancel,"PUSHBUTTON      ""Cancel"",IDCANCEL,184,172,50,14",pending-review,,
src/Resources/TortoiseProcENG.rc,IDD_RESET,IDHELP,1,PUSHBUTTON,Help,"PUSHBUTTON      ""Help"",IDHELP,242,172,50,14",pending-review,,
src/Resources/TortoiseProcENG.rc,IDD_REBASE,IDC_REBASE_STATIC_BRANCH,1,LTEXT,&Branch:,"LTEXT           ""&Branch:"",IDC_REBASE_STATIC_BRANCH,10,9,34,8",pending-review,,
src/Resources/TortoiseProcENG.rc,IDD_REBASE,IDC_REBASE_COMBOXEX_BRANCH,1,CONTROL,,"CONTROL         """",IDC_REBASE_COMBOXEX_BRANCH,""ComboBoxEx32"",CBS_DROPDOWNLIST | CBS_SORT | WS_VSCROLL | WS_TABSTOP,48,7,111,140",pending-review,,
src/Resources/TortoiseProcENG.rc,IDD_REBASE,IDC_BUTTON_REVERSE,1,PUSHBUTTON,,"PUSHBUTTON      """",IDC_BUTTON_REVERSE,163,7,19,15,WS_TABSTOP | BS_ICON",pending-review,,
src/Resources/TortoiseProcENG.rc,IDD_REBASE,IDC_REBASE_STATIC_UPSTREAM,1,LTEXT,&Upstream:,"LTEXT           ""&Upstream:"",IDC_REBASE_STATIC_UPSTREAM,186,9,41,8",pending-review,,
src/Resources/TortoiseProcENG.rc,IDD_REBASE,IDC_REBASE_COMBOXEX_UPSTREAM,1,CONTROL,,"CONTROL         """",IDC_REBASE_COMBOXEX_UPSTREAM,""ComboBoxEx32"",CBS_DROPDOWNLIST | CBS_SORT | WS_VSCROLL | WS_TABSTOP,230,7,116,140",pending-review,,
src/Resources/TortoiseProcENG.rc,IDD_REBASE,IDC_BUTTON_BROWSE,1,PUSHBUTTON,...,"PUSHBUTTON      ""..."",IDC_BUTTON_BROWSE,352,7,19,15",pending-review,,
src/Resources/TortoiseProcENG.rc,IDD_REBASE,IDC_BUTTON_ONTO,1,CONTROL,&Onto,"CONTROL         ""&Onto"",IDC_BUTTON_ONTO,""Button"",BS_AUTOCHECKBOX | BS_PUSHLIKE | WS_TABSTOP,377,7,32,14",pending-review,,
src/Resources/TortoiseProcENG.rc,IDD_REBASE,IDC_COMMIT_LIST,1,CONTROL,,"CONTROL         """",IDC_COMMIT_LIST,""SysListView32"",LVS_REPORT | LVS_SHOWSELALWAYS | LVS_ALIGNLEFT | LVS_OWNERDATA | WS_BORDER | WS_TABSTOP,7,25,402,85",pending-review,,
src/Resources/TortoiseProcENG.rc,IDD_REBASE,IDC_SPLITALLOPTIONS,1,PUSHBUTTON,Button1,"PUSHBUTTON      ""Button1"",IDC_SPLITALLOPTIONS,7,113,102,14",pending-review,,
src/Resources/TortoiseProcENG.rc,IDD_REBASE,IDC_BUTTON_UP,1,PUSHBUTTON,&Up,"PUSHBUTTON      ""&Up"",IDC_BUTTON_UP,116,113,33,14",pending-review,,
src/Resources/TortoiseProcENG.rc,IDD_REBASE,IDC_BUTTON_DOWN,1,PUSHBUTTON,&Down,"PUSHBUTTON      ""&Down"",IDC_BUTTON_DOWN,156,113,33,14",pending-review,,
src/Resources/TortoiseProcENG.rc,IDD_REBASE,IDC_BUTTON_ADD,1,PUSHBUTTON,&Add,"PUSHBUTTON      ""&Add"",IDC_BUTTON_ADD,194,113,48,14,BS_ICON",pending-review,,
src/Resources/TortoiseProcENG.rc,IDD_REBASE,IDC_REBASE_CHECK_PRESERVEMERGES,1,CONTROL,&Preserve merges,"CONTROL         ""&Preserve merges"",IDC_REBASE_CHECK_PRESERVEMERGES, ""Button"",BS_AUTOCHECKBOX | WS_TABSTOP,249,115,83,10",pending-review,,
src/Resources/TortoiseProcENG.rc,IDD_REBASE,IDC_REBASE_CHECK_FORCE,1,CONTROL,&Force Rebase,"CONTROL         ""&Force Rebase"",IDC_REBASE_CHECK_FORCE,""Button"",BS_AUTOCHECKBOX | WS_TABSTOP,340,115,66,10",pending-review,,
src/Resources/TortoiseProcENG.rc,IDD_REBASE,IDC_CHECK_CHERRYPICKED_FROM,1,CONTROL,"&add """"cherry picked from","CONTROL         ""&add """"cherry picked from"""""",IDC_CHECK_CHERRYPICKED_FROM, ""Button"",BS_AUTOCHECKBOX | WS_TABSTOP,293,115,116,9",pending-review,,
src/Resources/TortoiseProcENG.rc,IDD_REBASE,IDC_REBASE_SPLIT,1,CONTROL,,"CONTROL         """",IDC_REBASE_SPLIT,""Static"",SS_BLACKFRAME,7,129,402,6,WS_EX_TRANSPARENT",pending-review,,
src/Resources/TortoiseProcENG.rc,IDD_REBASE,IDC_REBASE_DUMY_TAB,1,PUSHBUTTON,Dumy Group For locat TabCtr,"PUSHBUTTON      ""Dumy Group For locat TabCtr"",IDC_REBASE_DUMY_TAB,7,137,402,64,NOT WS_VISIBLE",pending-review,,
src/Resources/TortoiseProcENG.rc,IDD_REBASE,IDC_REBASE_PROGRESS,1,CONTROL,,"CONTROL         """",IDC_REBASE_PROGRESS,""msctls_progress32"",WS_BORDER,7,204,402,7",pending-review,,
src/Resources/TortoiseProcENG.rc,IDD_REBASE,IDC_STATUS_STATIC,1,LTEXT,,"LTEXT           """",IDC_STATUS_STATIC,7,215,201,8",pending-review,,
src/Resources/TortoiseProcENG.rc,IDD_REBASE,IDC_REBASE_SPLIT_COMMIT,1,CONTROL,&Edit/Split commit,"CONTROL         ""&Edit/Split commit"",IDC_REBASE_SPLIT_COMMIT,""Button"",BS_AUTOCHECKBOX | NOT WS_VISIBLE | WS_DISABLED | WS_TABSTOP,122,219,91,10",pending-review,,
src/Resources/TortoiseProcENG.rc,IDD_REBASE,IDC_REBASE_CONTINUE,1,DEFPUSHBUTTON,Continue,"DEFPUSHBUTTON   ""Continue"",IDC_REBASE_CONTINUE,213,217,63,14",pending-review,,
src/Resources/TortoiseProcENG.rc,IDD_REBASE,IDC_REBASE_ABORT,1,PUSHBUTTON,Abort,"PUSHBUTTON      ""Abort"",IDC_REBASE_ABORT,285,217,57,14",pending-review,,
src/Resources/TortoiseProcENG.rc,IDD_REBASE,IDHELP,1,PUSHBUTTON,Help,"PUSHBUTTON      ""Help"",IDHELP,351,217,58,14",pending-review,,
src/Resources/TortoiseProcENG.rc,IDD_REBASE,IDC_REBASE_POST_BUTTON,1,PUSHBUTTON,Button3,"PUSHBUTTON      ""Button3"",IDC_REBASE_POST_BUTTON,6,217,75,14,NOT WS_VISIBLE | WS_DISABLED",pending-review,,
src/Resources/TortoiseProcENG.rc,IDD_RESOLVE_CONFLICT,IDC_DEL_GROUP,1,GROUPBOX,Delete/modify merge conflict,"GROUPBOX        ""Delete/modify merge conflict"",IDC_DEL_GROUP,7,7,301,96",pending-review,,
src/Resources/TortoiseProcENG.rc,IDD_RESOLVE_CONFLICT,IDC_INFOLABEL,1,LTEXT,,"LTEXT           """",IDC_INFOLABEL,22,21,275,8,SS_WORDELLIPSIS",pending-review,,
src/Resources/TortoiseProcENG.rc,IDD_RESOLVE_CONFLICT,IDC_LOCAL_STATUS,1,LTEXT,Static,"LTEXT           ""Static"",IDC_LOCAL_STATUS,22,50,167,8",pending-review,,
src/Resources/TortoiseProcENG.rc,IDD_RESOLVE_CONFLICT,IDC_FROMHASH,1,EDITTEXT,,"EDITTEXT        IDC_FROMHASH,19,35,188,12,ES_AUTOHSCROLL | ES_READONLY | NOT WS_BORDER,WS_EX_CLIENTEDGE",pending-review,,
src/Resources/TortoiseProcENG.rc,IDD_RESOLVE_CONFLICT,IDC_LOG,1,PUSHBUTTON,Show log,"PUSHBUTTON      ""Show log"",IDC_LOG,218,35,79,12",pending-review,,
src/Resources/TortoiseProcENG.rc,IDD_RESOLVE_CONFLICT,IDC_SHOWDIFF,1,PUSHBUTTON,Show &changes,"PUSHBUTTON      ""Show &changes"",IDC_SHOWDIFF,218,50,79,12,NOT WS_VISIBLE | WS_DISABLED",pending-review,,
src/Resources/TortoiseProcENG.rc,IDD_RESOLVE_CONFLICT,IDC_REMOTE_STATUS,1,LTEXT,Static,"LTEXT           ""Static"",IDC_REMOTE_STATUS,22,84,164,8",pending-review,,
src/Resources/TortoiseProcENG.rc,IDD_RESOLVE_CONFLICT,IDC_TOHASH,1,EDITTEXT,,"EDITTEXT        IDC_TOHASH,19,69,188,12,ES_AUTOHSCROLL | ES_READONLY | NOT WS_BORDER,WS_EX_CLIENTEDGE",pending-review,,
src/Resources/TortoiseProcENG.rc,IDD_RESOLVE_CONFLICT,IDC_LOG2,1,PUSHBUTTON,Show log,"PUSHBUTTON      ""Show log"",IDC_LOG2,218,69,79,12",pending-review,,
src/Resources/TortoiseProcENG.rc,IDD_RESOLVE_CONFLICT,IDC_SHOWDIFF2,1,PUSHBUTTON,Show &changes,"PUSHBUTTON      ""Show &changes"",IDC_SHOWDIFF2,218,84,79,12,NOT WS_VISIBLE | WS_DISABLED",pending-review,,
src/Resources/TortoiseProcENG.rc,IDD_RESOLVE_CONFLICT,IDC_MODIFY,1,PUSHBUTTON,OK,"PUSHBUTTON      ""OK"",IDC_MODIFY,65,108,50,14",pending-review,,
src/Resources/TortoiseProcENG.rc,IDD_RESOLVE_CONFLICT,IDC_DELETE,1,PUSHBUTTON,Delete,"PUSHBUTTON      ""Delete"",IDC_DELETE,126,108,50,14",pending-review,,
src/Resources/TortoiseProcENG.rc,IDD_RESOLVE_CONFLICT,IDCANCEL,1,DEFPUSHBUTTON,Abort,"DEFPUSHBUTTON   ""Abort"",IDCANCEL,187,108,50,14",pending-review,,
src/Resources/TortoiseProcENG.rc,IDD_RESOLVE_CONFLICT,IDHELP,1,PUSHBUTTON,Help,"PUSHBUTTON      ""Help"",IDHELP,247,108,50,14",pending-review,,
src/Resources/TortoiseProcENG.rc,IDD_REFLOG,IDC_STATIC_REF,1,LTEXT,&Ref:,"LTEXT           ""&Ref:"",IDC_STATIC_REF,9,9,27,8",partial,Sources/TurtleGitMac/ReferenceLogWindow.swift,"Native reference/list/footer arrangement; reference switching, Search, Clear Abort and screenshot verified. Full dark/resize/persistence QA pending. See docs/REFLOG-PARITY.md."
src/Resources/TortoiseProcENG.rc,IDD_REFLOG,IDC_COMBOBOXEX_REF,1,CONTROL,,"CONTROL         """",IDC_COMBOBOXEX_REF,""ComboBoxEx32"",CBS_DROPDOWNLIST | CBS_SORT | WS_VSCROLL | WS_TABSTOP,55,7,294,160",partial,Sources/TurtleGitMac/ReferenceLogWindow.swift,"Native reference/list/footer arrangement; reference switching, Search, Clear Abort and screenshot verified. Full dark/resize/persistence QA pending. See docs/REFLOG-PARITY.md."
src/Resources/TortoiseProcENG.rc,IDD_REFLOG,IDC_REFLOG_LIST,1,CONTROL,,"CONTROL         """",IDC_REFLOG_LIST,""SysListView32"",LVS_REPORT | LVS_SHOWSELALWAYS | LVS_ALIGNLEFT | LVS_OWNERDATA | WS_BORDER | WS_TABSTOP,7,27,342,138",partial,Sources/TurtleGitMac/ReferenceLogWindow.swift,"Native reference/list/footer arrangement; reference switching, Search, Clear Abort and screenshot verified. Full dark/resize/persistence QA pending. See docs/REFLOG-PARITY.md."
src/Resources/TortoiseProcENG.rc,IDD_REFLOG,IDC_SEARCH,1,PUSHBUTTON,&Search...,"PUSHBUTTON      ""&Search..."",IDC_SEARCH,7,175,65,14",partial,Sources/TurtleGitMac/ReferenceLogWindow.swift,"Native reference/list/footer arrangement; reference switching, Search, Clear Abort and screenshot verified. Full dark/resize/persistence QA pending. See docs/REFLOG-PARITY.md."
src/Resources/TortoiseProcENG.rc,IDD_REFLOG,IDC_REFLOG_BUTTONCLEARSTASH,1,PUSHBUTTON,&Clear stash,"PUSHBUTTON      ""&Clear stash"",IDC_REFLOG_BUTTONCLEARSTASH,80,175,79,14,NOT WS_VISIBLE | WS_DISABLED",partial,Sources/TurtleGitMac/ReferenceLogWindow.swift,"Native reference/list/footer arrangement; reference switching, Search, Clear Abort and screenshot verified. Full dark/resize/persistence QA pending. See docs/REFLOG-PARITY.md."
src/Resources/TortoiseProcENG.rc,IDD_REFLOG,IDOK,1,DEFPUSHBUTTON,OK,"DEFPUSHBUTTON   ""OK"",IDOK,184,175,50,14",partial,Sources/TurtleGitMac/ReferenceLogWindow.swift,"Native reference/list/footer arrangement; reference switching, Search, Clear Abort and screenshot verified. Full dark/resize/persistence QA pending. See docs/REFLOG-PARITY.md."
src/Resources/TortoiseProcENG.rc,IDD_REFLOG,IDCANCEL,1,PUSHBUTTON,Cancel,"PUSHBUTTON      ""Cancel"",IDCANCEL,241,175,50,14",partial,Sources/TurtleGitMac/ReferenceLogWindow.swift,"Native reference/list/footer arrangement; reference switching, Search, Clear Abort and screenshot verified. Full dark/resize/persistence QA pending. See docs/REFLOG-PARITY.md."
src/Resources/TortoiseProcENG.rc,IDD_REFLOG,IDHELP,1,PUSHBUTTON,Help,"PUSHBUTTON      ""Help"",IDHELP,299,175,50,14",partial,Sources/TurtleGitMac/ReferenceLogWindow.swift,"Native reference/list/footer arrangement; reference switching, Search, Clear Abort and screenshot verified. Full dark/resize/persistence QA pending. See docs/REFLOG-PARITY.md."
src/Resources/TortoiseProcENG.rc,IDD_SUBMODULE_ADD,IDC_GROUP_SUBMODULE,1,GROUPBOX,Submodule of Project: ,"GROUPBOX        ""Submodule of Project: "",IDC_GROUP_SUBMODULE,7,7,257,62",pending-review,,
src/Resources/TortoiseProcENG.rc,IDD_SUBMODULE_ADD,IDC_STATIC,1,LTEXT,Repository:,"LTEXT           ""Repository:"",IDC_STATIC,15,24,40,8",pending-review,,
src/Resources/TortoiseProcENG.rc,IDD_SUBMODULE_ADD,IDC_COMBOBOXEX_REPOSITORY,1,CONTROL,,"CONTROL         """",IDC_COMBOBOXEX_REPOSITORY,""ComboBoxEx32"",CBS_DROPDOWN | CBS_AUTOHSCROLL | CBS_SORT | WS_VSCROLL | WS_TABSTOP,61,22,171,140",pending-review,,
src/Resources/TortoiseProcENG.rc,IDD_SUBMODULE_ADD,IDC_REP_BROWSE,1,PUSHBUTTON,...,"PUSHBUTTON      ""..."",IDC_REP_BROWSE,237,22,20,14",pending-review,,
src/Resources/TortoiseProcENG.rc,IDD_SUBMODULE_ADD,IDC_STATIC,2,LTEXT,Path:,"LTEXT           ""Path:"",IDC_STATIC,15,47,42,8",pending-review,,
src/Resources/TortoiseProcENG.rc,IDD_SUBMODULE_ADD,IDC_COMBOBOXEX_PATH,1,CONTROL,,"CONTROL         """",IDC_COMBOBOXEX_PATH,""ComboBoxEx32"",CBS_DROPDOWN | CBS_AUTOHSCROLL | CBS_SORT | WS_VSCROLL | WS_TABSTOP,61,44,171,70",pending-review,,
src/Resources/TortoiseProcENG.rc,IDD_SUBMODULE_ADD,IDC_BUTTON_PATH_BROWSE,1,PUSHBUTTON,...,"PUSHBUTTON      ""..."",IDC_BUTTON_PATH_BROWSE,237,43,20,14",pending-review,,
src/Resources/TortoiseProcENG.rc,IDD_SUBMODULE_ADD,IDC_BRANCH_CHECK,1,CONTROL,Branch,"CONTROL         ""Branch"",IDC_BRANCH_CHECK,""Button"",BS_AUTOCHECKBOX | WS_TABSTOP,14,75,43,10",pending-review,,
src/Resources/TortoiseProcENG.rc,IDD_SUBMODULE_ADD,IDC_SUBMODULE_BRANCH,1,EDITTEXT,,"EDITTEXT        IDC_SUBMODULE_BRANCH,61,75,204,12,ES_AUTOHSCROLL | NOT WS_VISIBLE",pending-review,,
src/Resources/TortoiseProcENG.rc,IDD_SUBMODULE_ADD,IDC_FORCE,1,CONTROL,&Force,"CONTROL         ""&Force"",IDC_FORCE,""Button"",BS_AUTOCHECKBOX | WS_TABSTOP,14,88,251,13",pending-review,,
src/Resources/TortoiseProcENG.rc,IDD_SUBMODULE_ADD,IDC_PUTTYKEY_AUTOLOAD,1,CONTROL,Load Putty &Key,"CONTROL         ""Load Putty &Key"",IDC_PUTTYKEY_AUTOLOAD,""Button"",BS_AUTOCHECKBOX | WS_TABSTOP,14,103,62,10",pending-review,,
src/Resources/TortoiseProcENG.rc,IDD_SUBMODULE_ADD,IDC_PUTTYKEYFILE,1,CONTROL,,"CONTROL         """",IDC_PUTTYKEYFILE,""ComboBoxEx32"",CBS_DROPDOWN | CBS_AUTOHSCROLL | CBS_SORT | WS_VSCROLL | WS_TABSTOP,83,103,149,59",pending-review,,
src/Resources/TortoiseProcENG.rc,IDD_SUBMODULE_ADD,IDC_PUTTYKEYFILE_BROWSE,1,PUSHBUTTON,...,"PUSHBUTTON      ""..."",IDC_PUTTYKEYFILE_BROWSE,238,103,20,15",pending-review,,
src/Resources/TortoiseProcENG.rc,IDD_SUBMODULE_ADD,IDOK,1,DEFPUSHBUTTON,OK,"DEFPUSHBUTTON   ""OK"",IDOK,104,121,50,14",pending-review,,
src/Resources/TortoiseProcENG.rc,IDD_SUBMODULE_ADD,IDCANCEL,1,PUSHBUTTON,Cancel,"PUSHBUTTON      ""Cancel"",IDCANCEL,160,121,50,14",pending-review,,
src/Resources/TortoiseProcENG.rc,IDD_SUBMODULE_ADD,IDHELP,1,PUSHBUTTON,Help,"PUSHBUTTON      ""Help"",IDHELP,215,121,50,14",pending-review,,
src/Resources/TortoiseProcENG.rc,IDD_SETTINGIT_CONFIG,IDC_STATIC,1,CTEXT,|,"CTEXT           ""|"",IDC_STATIC,84,18,8,11",pending-review,,
src/Resources/TortoiseProcENG.rc,IDD_SETTINGIT_CONFIG,IDC_STATIC,2,CTEXT,<<,"CTEXT           ""<<"",IDC_STATIC,153,18,13,11",pending-review,,
src/Resources/TortoiseProcENG.rc,IDD_SETTINGIT_CONFIG,IDC_STATIC,3,CTEXT,<<,"CTEXT           ""<<"",IDC_STATIC,218,18,13,11",pending-review,,
src/Resources/TortoiseProcENG.rc,IDD_SETTINGIT_CONFIG,IDC_RADIO_SETTINGS_EFFECTIVE,1,CONTROL,Effective,"CONTROL         ""Effective"",IDC_RADIO_SETTINGS_EFFECTIVE,""Button"",BS_AUTORADIOBUTTON | WS_GROUP | WS_TABSTOP,14,18,64,10",pending-review,,
src/Resources/TortoiseProcENG.rc,IDD_SETTINGIT_CONFIG,IDC_RADIO_SETTINGS_LOCAL,1,CONTROL,Local,"CONTROL         ""Local"",IDC_RADIO_SETTINGS_LOCAL,""Button"",BS_AUTORADIOBUTTON,94,18,54,10",pending-review,,
src/Resources/TortoiseProcENG.rc,IDD_SETTINGIT_CONFIG,IDC_RADIO_SETTINGS_GLOBAL,1,CONTROL,Global,"CONTROL         ""Global"",IDC_RADIO_SETTINGS_GLOBAL,""Button"",BS_AUTORADIOBUTTON,170,18,46,10",pending-review,,
src/Resources/TortoiseProcENG.rc,IDD_SETTINGIT_CONFIG,IDC_RADIO_SETTINGS_SYSTEM,1,CONTROL,System,"CONTROL         ""System"",IDC_RADIO_SETTINGS_SYSTEM,""Button"",BS_AUTORADIOBUTTON,233,18,50,10",pending-review,,
src/Resources/TortoiseProcENG.rc,IDD_SETTINGIT_CONFIG,IDC_STATIC,4,GROUPBOX,Config source,"GROUPBOX        ""Config source"",IDC_STATIC,7,7,286,26",pending-review,,
src/Resources/TortoiseProcENG.rc,IDD_SETTINGIT_CONFIG,IDC_STATIC,5,GROUPBOX,User Info,"GROUPBOX        ""User Info"",IDC_STATIC,7,35,286,68",pending-review,,
src/Resources/TortoiseProcENG.rc,IDD_SETTINGIT_CONFIG,IDC_STATIC,6,LTEXT,&Name:,"LTEXT           ""&Name:"",IDC_STATIC,14,49,47,8",pending-review,,
src/Resources/TortoiseProcENG.rc,IDD_SETTINGIT_CONFIG,IDC_GIT_USERNAME,1,EDITTEXT,,"EDITTEXT        IDC_GIT_USERNAME,68,47,150,12,ES_AUTOHSCROLL",pending-review,,
src/Resources/TortoiseProcENG.rc,IDD_SETTINGIT_CONFIG,IDC_CHECK_INHERIT_NAME,1,CONTROL,inherit,"CONTROL         ""inherit"",IDC_CHECK_INHERIT_NAME,""Button"",BS_AUTOCHECKBOX | WS_TABSTOP,224,48,60,10",pending-review,,
src/Resources/TortoiseProcENG.rc,IDD_SETTINGIT_CONFIG,IDC_STATIC,7,LTEXT,&Email:,"LTEXT           ""&Email:"",IDC_STATIC,14,67,50,8",pending-review,,
src/Resources/TortoiseProcENG.rc,IDD_SETTINGIT_CONFIG,IDC_GIT_USEREMAIL,1,EDITTEXT,,"EDITTEXT        IDC_GIT_USEREMAIL,68,64,150,12,ES_AUTOHSCROLL",pending-review,,
src/Resources/TortoiseProcENG.rc,IDD_SETTINGIT_CONFIG,IDC_CHECK_INHERIT_EMAIL,1,CONTROL,inherit,"CONTROL         ""inherit"",IDC_CHECK_INHERIT_EMAIL,""Button"",BS_AUTOCHECKBOX | WS_TABSTOP,224,65,60,10",pending-review,,
src/Resources/TortoiseProcENG.rc,IDD_SETTINGIT_CONFIG,IDC_STATIC,8,LTEXT,&Signing key ID:,"LTEXT           ""&Signing key ID:"",IDC_STATIC,14,84,49,8",pending-review,,
src/Resources/TortoiseProcENG.rc,IDD_SETTINGIT_CONFIG,IDC_GIT_USERESINGNINGKEY,1,EDITTEXT,,"EDITTEXT        IDC_GIT_USERESINGNINGKEY,68,82,150,12,ES_AUTOHSCROLL",pending-review,,
src/Resources/TortoiseProcENG.rc,IDD_SETTINGIT_CONFIG,IDC_CHECK_INHERIT_KEYID,1,CONTROL,inherit,"CONTROL         ""inherit"",IDC_CHECK_INHERIT_KEYID,""Button"",BS_AUTOCHECKBOX | WS_TABSTOP,224,82,60,10",pending-review,,
src/Resources/TortoiseProcENG.rc,IDD_SETTINGIT_CONFIG,IDC_STATIC,9,GROUPBOX,Auto CrLf convert,"GROUPBOX        ""Auto CrLf convert"",IDC_STATIC,7,106,286,29",pending-review,,
src/Resources/TortoiseProcENG.rc,IDD_SETTINGIT_CONFIG,IDC_STATIC,10,LTEXT,Auto&CrLf:,"LTEXT           ""Auto&CrLf:"",IDC_STATIC,14,119,37,8",pending-review,,
src/Resources/TortoiseProcENG.rc,IDD_SETTINGIT_CONFIG,IDC_COMBO_AUTOCRLF,1,COMBOBOX,,"COMBOBOX        IDC_COMBO_AUTOCRLF,54,117,44,12,CBS_DROPDOWNLIST | WS_VSCROLL | WS_TABSTOP",pending-review,,
src/Resources/TortoiseProcENG.rc,IDD_SETTINGIT_CONFIG,IDC_STATIC,11,LTEXT,Sa&feCrLf:,"LTEXT           ""Sa&feCrLf:"",IDC_STATIC,112,119,32,8",pending-review,,
src/Resources/TortoiseProcENG.rc,IDD_SETTINGIT_CONFIG,IDC_COMBO_SAFECRLF,1,COMBOBOX,,"COMBOBOX        IDC_COMBO_SAFECRLF,149,117,44,12,CBS_DROPDOWNLIST | WS_VSCROLL | WS_TABSTOP",pending-review,,
src/Resources/TortoiseProcENG.rc,IDD_SETTINGIT_CONFIG,IDC_CHECK_QUOTEPATH,1,CONTROL,QuotePath,"CONTROL         ""QuotePath"",IDC_CHECK_QUOTEPATH,""Button"",BS_AUTO3STATE | WS_TABSTOP,14,140,140,10",pending-review,,
src/Resources/TortoiseProcENG.rc,IDD_SETTINGIT_CONFIG,IDC_CHECK_PRUNE,1,CONTROL,Prune,"CONTROL         ""Prune"",IDC_CHECK_PRUNE,""Button"",BS_AUTO3STATE | WS_TABSTOP,154,140,139,10",pending-review,,
src/Resources/TortoiseProcENG.rc,IDD_SETTINGIT_CONFIG,IDC_STATIC,12,LTEXT,Save to:,"LTEXT           ""Save to:"",IDC_STATIC,14,157,98,11",pending-review,,
src/Resources/TortoiseProcENG.rc,IDD_SETTINGIT_CONFIG,IDC_COMBO_SETTINGS_SAFETO,1,COMBOBOX,,"COMBOBOX        IDC_COMBO_SETTINGS_SAFETO,113,156,105,15,CBS_DROPDOWNLIST | WS_VSCROLL | WS_TABSTOP",pending-review,,
src/Resources/TortoiseProcENG.rc,IDD_SETTINGIT_CONFIG,IDC_EDITLOCALGITCONFIG,1,PUSHBUTTON,Edit &local .git/config,"PUSHBUTTON      ""Edit &local .git/config"",IDC_EDITLOCALGITCONFIG,14,178,90,14",pending-review,,
src/Resources/TortoiseProcENG.rc,IDD_SETTINGIT_CONFIG,IDC_EDITTGITCONFIG,1,PUSHBUTTON,Edit .tgitconfig,"PUSHBUTTON      ""Edit .tgitconfig"",IDC_EDITTGITCONFIG,14,196,90,14",pending-review,,
src/Resources/TortoiseProcENG.rc,IDD_SETTINGIT_CONFIG,IDC_VIEWEFFECTIVEGITCONFIG,1,PUSHBUTTON,&View effective config,"PUSHBUTTON      ""&View effective config"",IDC_VIEWEFFECTIVEGITCONFIG,14,214,90,14",pending-review,,
src/Resources/TortoiseProcENG.rc,IDD_SETTINGIT_CONFIG,IDC_EDITGLOBALGITCONFIG,1,PUSHBUTTON,Edit gl&obal .gitconfig,"PUSHBUTTON      ""Edit gl&obal .gitconfig"",IDC_EDITGLOBALGITCONFIG,109,178,90,14",pending-review,,
src/Resources/TortoiseProcENG.rc,IDD_SETTINGIT_CONFIG,IDC_EDITGLOBALXDGGITCONFIG,1,PUSHBUTTON,Edit global &XDG git/config,"PUSHBUTTON      ""Edit global &XDG git/config"",IDC_EDITGLOBALXDGGITCONFIG,109,196,90,14,NOT WS_VISIBLE | WS_DISABLED",pending-review,,
src/Resources/TortoiseProcENG.rc,IDD_SETTINGIT_CONFIG,IDC_EDITSYSTEMGITCONFIG,1,PUSHBUTTON,Edit s&ystemwide gitconfig,"PUSHBUTTON      ""Edit s&ystemwide gitconfig"",IDC_EDITSYSTEMGITCONFIG,203,178,90,14",pending-review,,
src/Resources/TortoiseProcENG.rc,IDD_SETTINGIT_CONFIG,IDC_VIEWSYSTEMGITCONFIG,1,PUSHBUTTON,View system&wide gitconfig,"PUSHBUTTON      ""View system&wide gitconfig"",IDC_VIEWSYSTEMGITCONFIG,203,196,90,14,NOT WS_VISIBLE | WS_DISABLED",pending-review,,
src/Resources/TortoiseProcENG.rc,IDD_SETTINREMOTE,IDC_LIST_REMOTE,1,LISTBOX,,"LISTBOX         IDC_LIST_REMOTE,7,23,79,187,LBS_SORT | LBS_NOINTEGRALHEIGHT | WS_VSCROLL | WS_TABSTOP",pending-review,,
src/Resources/TortoiseProcENG.rc,IDD_SETTINREMOTE,IDC_STATIC,1,LTEXT,Remote:,"LTEXT           ""Remote:"",IDC_STATIC,96,29,48,8",pending-review,,
src/Resources/TortoiseProcENG.rc,IDD_SETTINREMOTE,IDC_EDIT_REMOTE,1,EDITTEXT,,"EDITTEXT        IDC_EDIT_REMOTE,144,27,88,12,ES_AUTOHSCROLL",pending-review,,
src/Resources/TortoiseProcENG.rc,IDD_SETTINREMOTE,IDC_BUTTON_RENAME_REMOTE,1,PUSHBUTTON,Rename,"PUSHBUTTON      ""Rename"",IDC_BUTTON_RENAME_REMOTE,235,27,58,12,WS_DISABLED",pending-review,,
src/Resources/TortoiseProcENG.rc,IDD_SETTINREMOTE,IDC_STATIC,2,LTEXT,URL:,"LTEXT           ""URL:"",IDC_STATIC,96,47,48,8",pending-review,,
src/Resources/TortoiseProcENG.rc,IDD_SETTINREMOTE,IDC_EDIT_URL,1,EDITTEXT,,"EDITTEXT        IDC_EDIT_URL,144,44,149,12,ES_AUTOHSCROLL",pending-review,,
src/Resources/TortoiseProcENG.rc,IDD_SETTINREMOTE,IDC_STATIC,3,LTEXT,Push URL:,"LTEXT           ""Push URL:"",IDC_STATIC,96,64,48,8",pending-review,,
src/Resources/TortoiseProcENG.rc,IDD_SETTINREMOTE,IDC_EDIT_PUSHURL,1,EDITTEXT,,"EDITTEXT        IDC_EDIT_PUSHURL,144,62,149,12,ES_AUTOHSCROLL",pending-review,,
src/Resources/TortoiseProcENG.rc,IDD_SETTINREMOTE,IDC_STATIC,4,LTEXT,Putty Key:,"LTEXT           ""Putty Key:"",IDC_STATIC,96,82,48,8",pending-review,,
src/Resources/TortoiseProcENG.rc,IDD_SETTINREMOTE,IDC_EDIT_PUTTY_KEY,1,EDITTEXT,,"EDITTEXT        IDC_EDIT_PUTTY_KEY,144,81,129,12,ES_AUTOHSCROLL",pending-review,,
src/Resources/TortoiseProcENG.rc,IDD_SETTINREMOTE,IDC_BUTTON_BROWSE,1,PUSHBUTTON,...,"PUSHBUTTON      ""..."",IDC_BUTTON_BROWSE,277,81,16,12",pending-review,,
src/Resources/TortoiseProcENG.rc,IDD_SETTINREMOTE,IDC_STATIC,5,LTEXT,Tags:,"LTEXT           ""Tags:"",IDC_STATIC,96,103,40,8",pending-review,,
src/Resources/TortoiseProcENG.rc,IDD_SETTINREMOTE,IDC_COMBO_TAGOPT,1,COMBOBOX,,"COMBOBOX        IDC_COMBO_TAGOPT,144,102,80,12,CBS_DROPDOWNLIST | WS_TABSTOP",pending-review,,
src/Resources/TortoiseProcENG.rc,IDD_SETTINREMOTE,IDC_CHECK_PUSHDEFAULT,1,CONTROL,Push Default,"CONTROL         ""Push Default"",IDC_CHECK_PUSHDEFAULT,""Button"",BS_AUTOCHECKBOX | WS_TABSTOP,228,104,68,10",pending-review,,
src/Resources/TortoiseProcENG.rc,IDD_SETTINREMOTE,IDC_CHECK_PRUNE,1,CONTROL,Prune,"CONTROL         ""Prune"",IDC_CHECK_PRUNE,""Button"",BS_AUTO3STATE | WS_TABSTOP,96,123,35,10",pending-review,,
src/Resources/TortoiseProcENG.rc,IDD_SETTINREMOTE,IDC_BUTTON_ADD,1,PUSHBUTTON,&Add New/Save,"PUSHBUTTON      ""&Add New/Save"",IDC_BUTTON_ADD,100,169,91,14",pending-review,,
src/Resources/TortoiseProcENG.rc,IDD_SETTINREMOTE,IDC_STATIC,6,LTEXT,Remote:,"LTEXT           ""Remote:"",IDC_STATIC,7,10,76,8",pending-review,,
src/Resources/TortoiseProcENG.rc,IDD_SETTINREMOTE,IDC_BUTTON_REMOVE,1,PUSHBUTTON,&Remove,"PUSHBUTTON      ""&Remove"",IDC_BUTTON_REMOVE,100,189,91,14",pending-review,,
src/Resources/TortoiseProcENG.rc,IDD_SENDMAIL,IDC_SENDMAIL_GROUP,1,GROUPBOX,Mail,"GROUPBOX        ""Mail"",IDC_SENDMAIL_GROUP,7,7,364,75",pending-review,,
src/Resources/TortoiseProcENG.rc,IDD_SENDMAIL,IDC_STATIC,1,LTEXT,To:,"LTEXT           ""To:"",IDC_STATIC,16,19,42,8",pending-review,,
src/Resources/TortoiseProcENG.rc,IDD_SENDMAIL,IDC_SENDMAIL_TO,1,EDITTEXT,,"EDITTEXT        IDC_SENDMAIL_TO,64,17,300,14,ES_AUTOHSCROLL",pending-review,,
src/Resources/TortoiseProcENG.rc,IDD_SENDMAIL,IDC_STATIC,2,LTEXT,CC:,"LTEXT           ""CC:"",IDC_STATIC,16,39,42,8",pending-review,,
src/Resources/TortoiseProcENG.rc,IDD_SENDMAIL,IDC_SENDMAIL_CC,1,EDITTEXT,,"EDITTEXT        IDC_SENDMAIL_CC,64,36,300,14,ES_AUTOHSCROLL",pending-review,,
src/Resources/TortoiseProcENG.rc,IDD_SENDMAIL,IDC_STATIC,3,LTEXT,Subject:,"LTEXT           ""Subject:"",IDC_STATIC,16,57,42,8",pending-review,,
src/Resources/TortoiseProcENG.rc,IDD_SENDMAIL,IDC_SENDMAIL_SUBJECT,1,EDITTEXT,,"EDITTEXT        IDC_SENDMAIL_SUBJECT,64,56,300,14,ES_AUTOHSCROLL",pending-review,,
src/Resources/TortoiseProcENG.rc,IDD_SENDMAIL,IDC_SENDMAIL_ATTACHMENT,1,CONTROL,Patch As Attachment,"CONTROL         ""Patch As Attachment"",IDC_SENDMAIL_ATTACHMENT,""Button"",BS_AUTOCHECKBOX | WS_TABSTOP,16,88,96,10",pending-review,,
src/Resources/TortoiseProcENG.rc,IDD_SENDMAIL,IDC_SENDMAIL_COMBINE,1,CONTROL,Combine One Mail,"CONTROL         ""Combine One Mail"",IDC_SENDMAIL_COMBINE,""Button"",BS_AUTOCHECKBOX | WS_TABSTOP,114,88,84,10",pending-review,,
src/Resources/TortoiseProcENG.rc,IDD_SENDMAIL,IDC_SENDMAIL_SETUP,1,LTEXT,eMail settings,"LTEXT           ""eMail settings"",IDC_SENDMAIL_SETUP,285,88,80,8,SS_NOTIFY | WS_TABSTOP",pending-review,,
src/Resources/TortoiseProcENG.rc,IDD_SENDMAIL,IDC_SENDMAIL_PATCHS,1,CONTROL,,"CONTROL         """",IDC_SENDMAIL_PATCHS,""SysListView32"",LVS_LIST | LVS_SHOWSELALWAYS | LVS_ALIGNLEFT | WS_BORDER | WS_TABSTOP,7,107,364,92,WS_EX_ACCEPTFILES",pending-review,,
src/Resources/TortoiseProcENG.rc,IDD_SENDMAIL,IDOK,1,DEFPUSHBUTTON,Send,"DEFPUSHBUTTON   ""Send"",IDOK,197,208,58,14",pending-review,,
src/Resources/TortoiseProcENG.rc,IDD_SENDMAIL,IDCANCEL,1,PUSHBUTTON,Cancel,"PUSHBUTTON      ""Cancel"",IDCANCEL,263,208,50,14",pending-review,,
src/Resources/TortoiseProcENG.rc,IDD_SENDMAIL,IDHELP,1,PUSHBUTTON,Help,"PUSHBUTTON      ""Help"",IDHELP,322,208,50,14",pending-review,,
src/Resources/TortoiseProcENG.rc,IDD_SYNC,IDC_GROUP_INFO,1,GROUPBOX,,"GROUPBOX        """",IDC_GROUP_INFO,7,1,381,73",pending-review,,
src/Resources/TortoiseProcENG.rc,IDD_SYNC,IDC_ANIMATE_SYNC,1,CONTROL,,"CONTROL         """",IDC_ANIMATE_SYNC,""SysAnimate32"",ACS_TRANSPARENT | NOT WS_VISIBLE | WS_TABSTOP,13,9,231,29,WS_EX_TRANSPARENT",pending-review,,
src/Resources/TortoiseProcENG.rc,IDD_SYNC,IDC_STATIC_LOCAL_BRANCH,1,LTEXT,&Local Branch:,"LTEXT           ""&Local Branch:"",IDC_STATIC_LOCAL_BRANCH,13,14,47,8",pending-review,,
src/Resources/TortoiseProcENG.rc,IDD_SYNC,IDC_COMBOBOXEX_LOCAL_BRANCH,1,CONTROL,,"CONTROL         """",IDC_COMBOBOXEX_LOCAL_BRANCH,""ComboBoxEx32"",CBS_DROPDOWNLIST | CBS_SORT | WS_VSCROLL | WS_TABSTOP,60,12,77,86",pending-review,,
src/Resources/TortoiseProcENG.rc,IDD_SYNC,IDC_BUTTON_LOCAL_BRANCH,1,PUSHBUTTON,...,"PUSHBUTTON      ""..."",IDC_BUTTON_LOCAL_BRANCH,142,12,18,14",pending-review,,
src/Resources/TortoiseProcENG.rc,IDD_SYNC,IDC_STATIC_REMOTE_BRANCH,1,LTEXT,&Remote Branch:,"LTEXT           ""&Remote Branch:"",IDC_STATIC_REMOTE_BRANCH,166,14,66,8",pending-review,,
src/Resources/TortoiseProcENG.rc,IDD_SYNC,IDC_COMBOBOXEX_REMOTE_BRANCH,1,CONTROL,,"CONTROL         """",IDC_COMBOBOXEX_REMOTE_BRANCH,""ComboBoxEx32"",CBS_DROPDOWN | CBS_AUTOHSCROLL | CBS_SORT | WS_VSCROLL | WS_TABSTOP,237,12,119,91",pending-review,,
src/Resources/TortoiseProcENG.rc,IDD_SYNC,IDC_BUTTON_REMOTE_BRANCH,1,PUSHBUTTON,...,"PUSHBUTTON      ""..."",IDC_BUTTON_REMOTE_BRANCH,362,12,18,14",pending-review,,
src/Resources/TortoiseProcENG.rc,IDD_SYNC,IDC_STATIC_REMOTE_URL,1,LTEXT,Remote &URL:,"LTEXT           ""Remote &URL:"",IDC_STATIC_REMOTE_URL,13,33,43,8",pending-review,,
src/Resources/TortoiseProcENG.rc,IDD_SYNC,IDC_COMBOBOXEX_URL,1,CONTROL,,"CONTROL         """",IDC_COMBOBOXEX_URL,""ComboBoxEx32"",CBS_DROPDOWN | CBS_AUTOHSCROLL | CBS_SORT | WS_VSCROLL | WS_TABSTOP,60,30,271,54",pending-review,,
src/Resources/TortoiseProcENG.rc,IDD_SYNC,IDC_BUTTON_MANAGE,1,PUSHBUTTON,Manage,"PUSHBUTTON      ""Manage"",IDC_BUTTON_MANAGE,333,30,47,14",pending-review,,
src/Resources/TortoiseProcENG.rc,IDD_SYNC,IDC_PROGRESS_SYNC,1,CONTROL,,"CONTROL         """",IDC_PROGRESS_SYNC,""msctls_progress32"",NOT WS_VISIBLE | WS_BORDER,13,58,367,11",pending-review,,
src/Resources/TortoiseProcENG.rc,IDD_SYNC,IDC_CHECK_PUTTY_KEY,1,CONTROL,Autoload Putty &Key,"CONTROL         ""Autoload Putty &Key"",IDC_CHECK_PUTTY_KEY,""Button"",BS_AUTOCHECKBOX | WS_TABSTOP,58,56,115,10",pending-review,,
src/Resources/TortoiseProcENG.rc,IDD_SYNC,IDC_CHECK_FORCE,1,CONTROL,&Force,"CONTROL         ""&Force"",IDC_CHECK_FORCE,""Button"",BS_AUTOCHECKBOX | WS_TABSTOP,179,56,90,10",pending-review,,
src/Resources/TortoiseProcENG.rc,IDD_SYNC,IDC_BUTTON_TABCTRL,1,PUSHBUTTON,Dummy Button Form ,"PUSHBUTTON      ""Dummy Button Form "",IDC_BUTTON_TABCTRL,7,78,381,129,NOT WS_VISIBLE",pending-review,,
src/Resources/TortoiseProcENG.rc,IDD_SYNC,IDC_BUTTON_PULL,1,PUSHBUTTON,Pull,"PUSHBUTTON      ""Pull"",IDC_BUTTON_PULL,7,215,73,14",pending-review,,
src/Resources/TortoiseProcENG.rc,IDD_SYNC,IDC_BUTTON_PUSH,1,PUSHBUTTON,Push,"PUSHBUTTON      ""Push"",IDC_BUTTON_PUSH,89,215,70,14",pending-review,,
src/Resources/TortoiseProcENG.rc,IDD_SYNC,IDC_BUTTON_SUBMODULE,1,PUSHBUTTON,Submodule,"PUSHBUTTON      ""Submodule"",IDC_BUTTON_SUBMODULE,166,215,87,14",pending-review,,
src/Resources/TortoiseProcENG.rc,IDD_SYNC,IDC_BUTTON_STASH,1,PUSHBUTTON,Stash,"PUSHBUTTON      ""Stash"",IDC_BUTTON_STASH,166,232,87,14",pending-review,,
src/Resources/TortoiseProcENG.rc,IDD_SYNC,IDC_BUTTON_APPLY,1,PUSHBUTTON,&Apply Patch,"PUSHBUTTON      ""&Apply Patch"",IDC_BUTTON_APPLY,260,215,71,14",pending-review,,
src/Resources/TortoiseProcENG.rc,IDD_SYNC,IDC_BUTTON_EMAIL,1,PUSHBUTTON,&Email Patch,"PUSHBUTTON      ""&Email Patch"",IDC_BUTTON_EMAIL,338,215,50,14",pending-review,,
src/Resources/TortoiseProcENG.rc,IDD_SYNC,IDC_LOG,1,PUSHBUTTON,Show &log,"PUSHBUTTON      ""Show &log"",IDC_LOG,7,232,73,14",pending-review,,
src/Resources/TortoiseProcENG.rc,IDD_SYNC,IDC_BUTTON_COMMIT,1,PUSHBUTTON,&Commit,"PUSHBUTTON      ""&Commit"",IDC_BUTTON_COMMIT,89,232,70,14",pending-review,,
src/Resources/TortoiseProcENG.rc,IDD_SYNC,IDC_STATIC_STATUS,1,LTEXT,,"LTEXT           """",IDC_STATIC_STATUS,10,248,251,8",pending-review,,
src/Resources/TortoiseProcENG.rc,IDD_SYNC,IDOK,1,PUSHBUTTON,Close,"PUSHBUTTON      ""Close"",IDOK,281,241,50,14",pending-review,,
src/Resources/TortoiseProcENG.rc,IDD_SYNC,IDHELP,1,PUSHBUTTON,Help,"PUSHBUTTON      ""Help"",IDHELP,338,241,50,14",pending-review,,
src/Resources/TortoiseProcENG.rc,IDD_SYNC,IDC_PROG_LABEL,1,LTEXT,,"LTEXT           """",IDC_PROG_LABEL,13,47,367,8",pending-review,,
src/Resources/TortoiseProcENG.rc,IDD_CLEAN,IDC_GROUP_CLEAN_TYPE,1,GROUPBOX,Clean Type,"GROUPBOX        ""Clean Type"",IDC_GROUP_CLEAN_TYPE,7,5,247,56",pending-review,,
src/Resources/TortoiseProcENG.rc,IDD_CLEAN,IDC_RADIO_CLEAN_ALL,1,CONTROL,Remove &all untracked files (-fx),"CONTROL         ""Remove &all untracked files (-fx)"",IDC_RADIO_CLEAN_ALL, ""Button"",BS_AUTORADIOBUTTON | WS_GROUP,15,19,232,10",pending-review,,
src/Resources/TortoiseProcENG.rc,IDD_CLEAN,IDC_RADIO_CLEAN_NO,1,CONTROL,Remove &non-ignored untracked files (-f),"CONTROL         ""Remove &non-ignored untracked files (-f)"",IDC_RADIO_CLEAN_NO, ""Button"",BS_AUTORADIOBUTTON,15,32,232,10",pending-review,,
src/Resources/TortoiseProcENG.rc,IDD_CLEAN,IDC_RADIO_CLEAN_IGNORE,1,CONTROL,Remove ignored files (-fX),"CONTROL         ""Remove ignored files (-fX)"",IDC_RADIO_CLEAN_IGNORE, ""Button"",BS_AUTORADIOBUTTON,15,45,232,10",pending-review,,
src/Resources/TortoiseProcENG.rc,IDD_CLEAN,IDC_CHECK_DIR,1,CONTROL,Remove untracked directories (-d),"CONTROL         ""Remove untracked directories (-d)"",IDC_CHECK_DIR,""Button"",BS_AUTOCHECKBOX | WS_TABSTOP,15,68,239,10",pending-review,,
src/Resources/TortoiseProcENG.rc,IDD_CLEAN,IDC_CHECK_DIR_UNMANAGEDREPO,1,CONTROL,Remove unmanaged directories with .git folder (-f),"CONTROL         ""Remove unmanaged directories with .git folder (-f)"",IDC_CHECK_DIR_UNMANAGEDREPO, ""Button"",BS_AUTOCHECKBOX | WS_TABSTOP,26,82,228,10",pending-review,,
src/Resources/TortoiseProcENG.rc,IDD_CLEAN,IDC_CHECK_NORECYCLEBIN,1,CONTROL,Do not use recycle bin,"CONTROL         ""Do not use recycle bin"",IDC_CHECK_NORECYCLEBIN,""Button"",BS_AUTOCHECKBOX | WS_TABSTOP,15,96,239,10",pending-review,,
src/Resources/TortoiseProcENG.rc,IDD_CLEAN,IDC_CHECK_DRYRUN,1,CONTROL,Dry run,"CONTROL         ""Dry run"",IDC_CHECK_DRYRUN,""Button"",BS_AUTOCHECKBOX | WS_TABSTOP,15,110,239,10",pending-review,,
src/Resources/TortoiseProcENG.rc,IDD_CLEAN,IDC_CHECKSUBMODULES,1,CONTROL,Submodules,"CONTROL         ""Submodules"",IDC_CHECKSUBMODULES,""Button"",BS_AUTOCHECKBOX | WS_TABSTOP,15,124,239,10",pending-review,,
src/Resources/TortoiseProcENG.rc,IDD_CLEAN,IDOK,1,DEFPUSHBUTTON,OK,"DEFPUSHBUTTON   ""OK"",IDOK,81,158,50,14",pending-review,,
src/Resources/TortoiseProcENG.rc,IDD_CLEAN,IDCANCEL,1,PUSHBUTTON,Cancel,"PUSHBUTTON      ""Cancel"",IDCANCEL,142,158,50,14",pending-review,,
src/Resources/TortoiseProcENG.rc,IDD_CLEAN,IDHELP,1,PUSHBUTTON,Help,"PUSHBUTTON      ""Help"",IDHELP,204,158,50,14",pending-review,,
src/Resources/TortoiseProcENG.rc,IDD_CLEAN,IDC_STATIC,1,LTEXT,Attention: This command affects the whole working tree!,"LTEXT           ""Attention: This command affects the whole working tree!"",IDC_STATIC,14,142,240,10",pending-review,,
src/Resources/TortoiseProcENG.rc,IDD_PATCH_VIEW,IDC_PATCH,1,CONTROL,Scintilla,"CONTROL         ""Scintilla"",IDC_PATCH,""Scintilla"",WS_TABSTOP,0,0,248,195,WS_EX_STATICEDGE",pending-review,,
src/Resources/TortoiseProcENG.rc,IDD_SVNIGNORE,IDOK,1,DEFPUSHBUTTON,OK,"DEFPUSHBUTTON   ""OK"",IDOK,89,65,50,14",pending-review,,
src/Resources/TortoiseProcENG.rc,IDD_SVNIGNORE,IDCANCEL,1,PUSHBUTTON,Cancel,"PUSHBUTTON      ""Cancel"",IDCANCEL,163,65,50,14",pending-review,,
src/Resources/TortoiseProcENG.rc,IDD_SVNIGNORE,IDC_GROUP_TYPE,1,GROUPBOX,Type,"GROUPBOX        ""Type"",IDC_GROUP_TYPE,7,7,275,50",pending-review,,
src/Resources/TortoiseProcENG.rc,IDD_SVNIGNORE,IDC_RADIO_EXCLUDE,1,CONTROL,Import svn ignore file to .git/info/exclude file (file will be overwritten),"CONTROL         ""Import svn ignore file to .git/info/exclude file (file will be overwritten)"",IDC_RADIO_EXCLUDE, ""Button"",BS_AUTORADIOBUTTON | WS_GROUP,15,21,260,10",pending-review,,
src/Resources/TortoiseProcENG.rc,IDD_SVNIGNORE,IDC_RADIO_GITIGNORE,1,CONTROL,Create .gitignore file,"CONTROL         ""Create .gitignore file"",IDC_RADIO_GITIGNORE,""Button"",BS_AUTORADIOBUTTON,15,36,257,10",pending-review,,
src/Resources/TortoiseProcENG.rc,IDD_SETTINGSEXTMENU,IDC_STATIC,1,GROUPBOX,Hide the selected items in the context menu:,"GROUPBOX        ""Hide the selected items in the context menu:"",IDC_STATIC,7,7,286,210",pending-review,,
src/Resources/TortoiseProcENG.rc,IDD_SETTINGSEXTMENU,IDC_STATIC,2,LTEXT,Checked items will be hidden in the context menu by default and will only be visible if the shift key is pressed while opening the context menu.,"LTEXT           ""Checked items will be hidden in the context menu by default and will only be visible if the shift key is pressed while opening the context menu."",IDC_STATIC,12,18,274,18",pending-review,,
src/Resources/TortoiseProcENG.rc,IDD_SETTINGSEXTMENU,IDC_MENULIST,1,CONTROL,,"CONTROL         """",IDC_MENULIST,""SysListView32"",LVS_REPORT | LVS_SINGLESEL | LVS_ALIGNLEFT | LVS_NOCOLUMNHEADER | WS_BORDER | WS_TABSTOP,12,37,274,153",pending-review,,
src/Resources/TortoiseProcENG.rc,IDD_SETTINGSEXTMENU,IDC_SELECTALL,1,CONTROL,Select/deselect &all,"CONTROL         ""Select/deselect &all"",IDC_SELECTALL,""Button"",BS_AUTO3STATE | WS_TABSTOP,12,198,106,14",pending-review,,
src/Resources/TortoiseProcENG.rc,IDD_SETTINGSEXTMENU,IDC_RESTORE,1,PUSHBUTTON,Restore Default,"PUSHBUTTON      ""Restore Default"",IDC_RESTORE,204,198,82,14",pending-review,,
src/Resources/TortoiseProcENG.rc,IDD_CREATEREPO,IDC_CHECK_BARE,1,CONTROL,Make it Bare (No working directories),"CONTROL         ""Make it Bare (No working directories)"",IDC_CHECK_BARE, ""Button"",BS_AUTOCHECKBOX | WS_TABSTOP,20,13,218,16",partial-native-replacement,Sources/TurtleGitMac/CreateRepositoryWindow.swift,"Upstream order ported; native checkbox, OK, Cancel and Abort checked. Help navigation, picker and broader QA pending; docs/INIT-PARITY.md."
src/Resources/TortoiseProcENG.rc,IDD_CREATEREPO,IDC_INIT_REPO_DESC,1,LTEXT,"If you plan to work inside this folder, leave this unchecked. Typically a bare repo can only have changes 'pushed' to it. (By convention, a bare repo folder should have a name that ends with '.git')","LTEXT           ""If you plan to work inside this folder, leave this unchecked. Typically a bare repo can only have changes 'pushed' to it. (By convention, a bare repo folder should have a name that ends with '.git')"",IDC_INIT_REPO_DESC,31,32,269,35",partial-native-replacement,Sources/TurtleGitMac/CreateRepositoryWindow.swift,"Upstream order ported; native checkbox, OK, Cancel and Abort checked. Help navigation, picker and broader QA pending; docs/INIT-PARITY.md."
src/Resources/TortoiseProcENG.rc,IDD_CREATEREPO,IDOK,1,DEFPUSHBUTTON,OK,"DEFPUSHBUTTON   ""OK"",IDOK,142,76,50,14",partial-native-replacement,Sources/TurtleGitMac/CreateRepositoryWindow.swift,"Upstream order ported; native checkbox, OK, Cancel and Abort checked. Help navigation, picker and broader QA pending; docs/INIT-PARITY.md."
src/Resources/TortoiseProcENG.rc,IDD_CREATEREPO,IDCANCEL,1,PUSHBUTTON,Cancel,"PUSHBUTTON      ""Cancel"",IDCANCEL,197,76,50,14",partial-native-replacement,Sources/TurtleGitMac/CreateRepositoryWindow.swift,"Upstream order ported; native checkbox, OK, Cancel and Abort checked. Help navigation, picker and broader QA pending; docs/INIT-PARITY.md."
src/Resources/TortoiseProcENG.rc,IDD_CREATEREPO,IDHELP,1,PUSHBUTTON,Help,"PUSHBUTTON      ""Help"",IDHELP,252,76,50,14",partial-native-replacement,Sources/TurtleGitMac/CreateRepositoryWindow.swift,"Upstream order ported; native checkbox, OK, Cancel and Abort checked. Help navigation, picker and broader QA pending; docs/INIT-PARITY.md."
src/Resources/TortoiseProcENG.rc,IDD_SETTINGSPROGSALTERNATIVEEDITOR,IDC_STATIC,1,LTEXT,Configure alternative editor. Preferably one which can handle *nix line endings.,"LTEXT           ""Configure alternative editor. Preferably one which can handle *nix line endings."",IDC_STATIC,7,7,286,8",pending-review,,
src/Resources/TortoiseProcENG.rc,IDD_SETTINGSPROGSALTERNATIVEEDITOR,IDC_ALTERNATIVEEDITOR_OFF,1,CONTROL,&Notepad,"CONTROL         ""&Notepad"",IDC_ALTERNATIVEEDITOR_OFF,""Button"",BS_AUTORADIOBUTTON | WS_GROUP,7,23,74,10",pending-review,,
src/Resources/TortoiseProcENG.rc,IDD_SETTINGSPROGSALTERNATIVEEDITOR,IDC_ALTERNATIVEEDITOR_ON,1,CONTROL,&Custom,"CONTROL         ""&Custom"",IDC_ALTERNATIVEEDITOR_ON,""Button"",BS_AUTORADIOBUTTON,89,23,74,10",pending-review,,
src/Resources/TortoiseProcENG.rc,IDD_SETTINGSPROGSALTERNATIVEEDITOR,IDC_ALTERNATIVEEDITOR,1,EDITTEXT,,"EDITTEXT        IDC_ALTERNATIVEEDITOR,7,41,266,14,ES_AUTOHSCROLL | WS_GROUP",pending-review,,
src/Resources/TortoiseProcENG.rc,IDD_SETTINGSPROGSALTERNATIVEEDITOR,IDC_ALTERNATIVEEDITORBROWSE,1,PUSHBUTTON,...,"PUSHBUTTON      ""..."",IDC_ALTERNATIVEEDITORBROWSE,279,41,14,14",pending-review,,
src/Resources/TortoiseProcENG.rc,IDD_BISECTSTART,IDC_STATIC_LOCAL_BRANCH,1,LTEXT,Last known &good:,"LTEXT           ""Last known &good:"",IDC_STATIC_LOCAL_BRANCH,7,8,92,8",pending-review,,
src/Resources/TortoiseProcENG.rc,IDD_BISECTSTART,IDC_COMBOBOXEX_GOOD,1,CONTROL,,"CONTROL         """",IDC_COMBOBOXEX_GOOD,""ComboBoxEx32"",CBS_DROPDOWN | CBS_AUTOHSCROLL | CBS_SORT | WS_VSCROLL | WS_TABSTOP,99,7,178,120",pending-review,,
src/Resources/TortoiseProcENG.rc,IDD_BISECTSTART,IDC_BUTTON_GOOD,1,PUSHBUTTON,...,"PUSHBUTTON      ""..."",IDC_BUTTON_GOOD,287,7,18,14",pending-review,,
src/Resources/TortoiseProcENG.rc,IDD_BISECTSTART,IDC_STATIC_REMOTE_BRANCH,1,LTEXT,First known &bad:,"LTEXT           ""First known &bad:"",IDC_STATIC_REMOTE_BRANCH,7,28,92,8",pending-review,,
src/Resources/TortoiseProcENG.rc,IDD_BISECTSTART,IDC_COMBOBOXEX_BAD,1,CONTROL,,"CONTROL         """",IDC_COMBOBOXEX_BAD,""ComboBoxEx32"",CBS_DROPDOWN | CBS_AUTOHSCROLL | CBS_SORT | WS_VSCROLL | WS_TABSTOP,99,25,178,120",pending-review,,
src/Resources/TortoiseProcENG.rc,IDD_BISECTSTART,IDC_BUTTON_BAD,1,PUSHBUTTON,...,"PUSHBUTTON      ""..."",IDC_BUTTON_BAD,287,25,18,14",pending-review,,
src/Resources/TortoiseProcENG.rc,IDD_BISECTSTART,IDOK,1,DEFPUSHBUTTON,OK,"DEFPUSHBUTTON   ""OK"",IDOK,141,44,50,14,WS_DISABLED",pending-review,,
src/Resources/TortoiseProcENG.rc,IDD_BISECTSTART,IDCANCEL,1,PUSHBUTTON,Cancel,"PUSHBUTTON      ""Cancel"",IDCANCEL,197,44,50,14",pending-review,,
src/Resources/TortoiseProcENG.rc,IDD_BISECTSTART,IDHELP,1,PUSHBUTTON,Help,"PUSHBUTTON      ""Help"",IDHELP,255,44,50,14",pending-review,,
src/Resources/TortoiseProcENG.rc,IDD_STASH,IDC_GROUP_STASHMESSAGE,1,GROUPBOX,Stash &Message,"GROUPBOX        ""Stash &Message"",IDC_GROUP_STASHMESSAGE,7,7,253,32",partial,Sources/TurtleGitMac/StashWindow.swift,Native message/options/footer arrangement and mutual enablement verified; warning Abort/Continue exercised. Remaining resize/dark/progress QA: docs/STASH-PARITY.md.
src/Resources/TortoiseProcENG.rc,IDD_STASH,IDC_STASHMESSAGE,1,EDITTEXT,,"EDITTEXT        IDC_STASHMESSAGE,15,19,237,13,ES_AUTOHSCROLL",partial,Sources/TurtleGitMac/StashWindow.swift,Native message/options/footer arrangement and mutual enablement verified; warning Abort/Continue exercised. Remaining resize/dark/progress QA: docs/STASH-PARITY.md.
src/Resources/TortoiseProcENG.rc,IDD_STASH,IDC_GROUP_OPTION,1,GROUPBOX,Options,"GROUPBOX        ""Options"",IDC_GROUP_OPTION,7,42,253,38",partial,Sources/TurtleGitMac/StashWindow.swift,Native message/options/footer arrangement and mutual enablement verified; warning Abort/Continue exercised. Remaining resize/dark/progress QA: docs/STASH-PARITY.md.
src/Resources/TortoiseProcENG.rc,IDD_STASH,IDC_CHECK_UNTRACKED,1,CONTROL,include &untracked,"CONTROL         ""include &untracked"",IDC_CHECK_UNTRACKED,""Button"",BS_AUTOCHECKBOX | WS_TABSTOP,15,54,236,10",partial,Sources/TurtleGitMac/StashWindow.swift,Native message/options/footer arrangement and mutual enablement verified; warning Abort/Continue exercised. Remaining resize/dark/progress QA: docs/STASH-PARITY.md.
src/Resources/TortoiseProcENG.rc,IDD_STASH,IDC_CHECK_ALL,1,CONTROL,--&all,"CONTROL         ""--&all"",IDC_CHECK_ALL,""Button"",BS_AUTOCHECKBOX | WS_TABSTOP,15,66,236,10",partial,Sources/TurtleGitMac/StashWindow.swift,Native message/options/footer arrangement and mutual enablement verified; warning Abort/Continue exercised. Remaining resize/dark/progress QA: docs/STASH-PARITY.md.
src/Resources/TortoiseProcENG.rc,IDD_STASH,IDOK,1,DEFPUSHBUTTON,OK,"DEFPUSHBUTTON   ""OK"",IDOK,99,87,50,14",partial,Sources/TurtleGitMac/StashWindow.swift,Native message/options/footer arrangement and mutual enablement verified; warning Abort/Continue exercised. Remaining resize/dark/progress QA: docs/STASH-PARITY.md.
src/Resources/TortoiseProcENG.rc,IDD_STASH,IDCANCEL,1,PUSHBUTTON,Cancel,"PUSHBUTTON      ""Cancel"",IDCANCEL,154,87,50,14",partial,Sources/TurtleGitMac/StashWindow.swift,Native message/options/footer arrangement and mutual enablement verified; warning Abort/Continue exercised. Remaining resize/dark/progress QA: docs/STASH-PARITY.md.
src/Resources/TortoiseProcENG.rc,IDD_STASH,IDHELP,1,PUSHBUTTON,Help,"PUSHBUTTON      ""Help"",IDHELP,210,87,50,14",partial,Sources/TurtleGitMac/StashWindow.swift,Native message/options/footer arrangement and mutual enablement verified; warning Abort/Continue exercised. Remaining resize/dark/progress QA: docs/STASH-PARITY.md.
src/Resources/TortoiseProcENG.rc,IDD_REVGRAPHFILTER,IDC_STATIC,1,LTEXT,Include only the following revision range:,"LTEXT           ""Include only the following revision range:"",IDC_STATIC,10,7,268,8",pending-review,,
src/Resources/TortoiseProcENG.rc,IDD_REVGRAPHFILTER,IDC_STATIC,2,LTEXT,From:,"LTEXT           ""From:"",IDC_STATIC,12,24,30,8",pending-review,,
src/Resources/TortoiseProcENG.rc,IDD_REVGRAPHFILTER,IDC_FROMREV,1,EDITTEXT,,"EDITTEXT        IDC_FROMREV,45,21,178,14,ES_AUTOHSCROLL",pending-review,,
src/Resources/TortoiseProcENG.rc,IDD_REVGRAPHFILTER,IDC_REV1BTN1,1,PUSHBUTTON,RefBrowser,"PUSHBUTTON      ""RefBrowser"",IDC_REV1BTN1,236,21,57,14",pending-review,,
src/Resources/TortoiseProcENG.rc,IDD_REVGRAPHFILTER,IDC_STATIC,3,LTEXT,To:,"LTEXT           ""To:"",IDC_STATIC,12,46,30,8",pending-review,,
src/Resources/TortoiseProcENG.rc,IDD_REVGRAPHFILTER,IDC_TOREV,1,EDITTEXT,,"EDITTEXT        IDC_TOREV,46,44,177,14,ES_AUTOHSCROLL",pending-review,,
src/Resources/TortoiseProcENG.rc,IDD_REVGRAPHFILTER,IDC_REV1BTN2,1,PUSHBUTTON,RefBrowser,"PUSHBUTTON      ""RefBrowser"",IDC_REV1BTN2,236,45,57,14",pending-review,,
src/Resources/TortoiseProcENG.rc,IDD_REVGRAPHFILTER,IDC_CURRENT_BRANCH,1,CONTROL,Only Current Branch,"CONTROL         ""Only Current Branch"",IDC_CURRENT_BRANCH,""Button"",BS_AUTOCHECKBOX | WS_TABSTOP,12,70,130,10",pending-review,,
src/Resources/TortoiseProcENG.rc,IDD_REVGRAPHFILTER,IDOK,1,DEFPUSHBUTTON,&OK,"DEFPUSHBUTTON   ""&OK"",IDOK,103,87,50,14",pending-review,,
src/Resources/TortoiseProcENG.rc,IDD_REVGRAPHFILTER,IDCANCEL,1,PUSHBUTTON,Cancel,"PUSHBUTTON      ""Cancel"",IDCANCEL,157,87,50,14",pending-review,,
src/Resources/TortoiseProcENG.rc,IDD_REVGRAPHFILTER,IDC_RESETFILTER,1,PUSHBUTTON,&Reset filter,"PUSHBUTTON      ""&Reset filter"",IDC_RESETFILTER,213,87,80,14",pending-review,,
src/Resources/TortoiseProcENG.rc,IDD_REVGRAPHFILTER,IDC_LOCAL_BRANCHES,1,CONTROL,Only Local Branches,"CONTROL         ""Only Local Branches"",IDC_LOCAL_BRANCHES,""Button"",BS_AUTOCHECKBOX | WS_TABSTOP,163,70,130,10",pending-review,,
src/Resources/TortoiseProcENG.rc,IDD_DIFFSUBMODULE,IDC_SUBMODULEDIFFTITLE,1,EDITTEXT,,"EDITTEXT        IDC_SUBMODULEDIFFTITLE,7,7,368,12,ES_AUTOHSCROLL | ES_READONLY | NOT WS_BORDER",pending-review,,
src/Resources/TortoiseProcENG.rc,IDD_DIFFSUBMODULE,IDC_FROMGROUP,1,GROUPBOX,From,"GROUPBOX        ""From"",IDC_FROMGROUP,7,20,368,45",pending-review,,
src/Resources/TortoiseProcENG.rc,IDD_DIFFSUBMODULE,IDC_STATIC_REVISION,1,LTEXT,Revision:,"LTEXT           ""Revision:"",IDC_STATIC_REVISION,15,32,33,8",pending-review,,
src/Resources/TortoiseProcENG.rc,IDD_DIFFSUBMODULE,IDC_FROMHASH,1,EDITTEXT,,"EDITTEXT        IDC_FROMHASH,52,32,247,12,ES_AUTOHSCROLL | ES_READONLY | NOT WS_BORDER",pending-review,,
src/Resources/TortoiseProcENG.rc,IDD_DIFFSUBMODULE,IDC_LOG,1,PUSHBUTTON,Show log,"PUSHBUTTON      ""Show log"",IDC_LOG,306,32,60,12",pending-review,,
src/Resources/TortoiseProcENG.rc,IDD_DIFFSUBMODULE,IDC_STATIC_SUBJECT,1,LTEXT,Subject:,"LTEXT           ""Subject:"",IDC_STATIC_SUBJECT,15,49,33,8",pending-review,,
src/Resources/TortoiseProcENG.rc,IDD_DIFFSUBMODULE,IDC_FROMSUBJECT,1,EDITTEXT,,"EDITTEXT        IDC_FROMSUBJECT,52,49,314,12,ES_AUTOHSCROLL | ES_READONLY | NOT WS_BORDER",pending-review,,
src/Resources/TortoiseProcENG.rc,IDD_DIFFSUBMODULE,IDC_TOGROUP,1,GROUPBOX,To,"GROUPBOX        ""To"",IDC_TOGROUP,7,69,368,65",pending-review,,
src/Resources/TortoiseProcENG.rc,IDD_DIFFSUBMODULE,IDC_STATIC_CHANGETYPE,1,LTEXT,Type:,"LTEXT           ""Type:"",IDC_STATIC_CHANGETYPE,15,82,33,8",pending-review,,
src/Resources/TortoiseProcENG.rc,IDD_DIFFSUBMODULE,IDC_CHANGETYPE,1,LTEXT,,"LTEXT           """",IDC_CHANGETYPE,52,82,147,12",pending-review,,
src/Resources/TortoiseProcENG.rc,IDD_DIFFSUBMODULE,IDC_BUTTON_UPDATE,1,PUSHBUTTON,Update,"PUSHBUTTON      ""Update"",IDC_BUTTON_UPDATE,244,82,50,12",pending-review,,
src/Resources/TortoiseProcENG.rc,IDD_DIFFSUBMODULE,IDC_SHOW_DIFF,1,PUSHBUTTON,Show diff,"PUSHBUTTON      ""Show diff"",IDC_SHOW_DIFF,306,82,60,12",pending-review,,
src/Resources/TortoiseProcENG.rc,IDD_DIFFSUBMODULE,IDC_STATIC_REVISION2,1,LTEXT,Revision:,"LTEXT           ""Revision:"",IDC_STATIC_REVISION2,15,99,33,8",pending-review,,
src/Resources/TortoiseProcENG.rc,IDD_DIFFSUBMODULE,IDC_TOHASH,1,EDITTEXT,,"EDITTEXT        IDC_TOHASH,52,99,247,12,ES_AUTOHSCROLL | ES_READONLY | NOT WS_BORDER",pending-review,,
src/Resources/TortoiseProcENG.rc,IDD_DIFFSUBMODULE,IDC_LOG2,1,PUSHBUTTON,Show log,"PUSHBUTTON      ""Show log"",IDC_LOG2,306,99,60,12",pending-review,,
src/Resources/TortoiseProcENG.rc,IDD_DIFFSUBMODULE,IDC_STATIC_SUBJECT2,1,LTEXT,Subject:,"LTEXT           ""Subject:"",IDC_STATIC_SUBJECT2,15,116,33,8",pending-review,,
src/Resources/TortoiseProcENG.rc,IDD_DIFFSUBMODULE,IDC_TOSUBJECT,1,EDITTEXT,,"EDITTEXT        IDC_TOSUBJECT,52,116,314,12,ES_MULTILINE | ES_AUTOHSCROLL | ES_READONLY | NOT WS_BORDER",pending-review,,
src/Resources/TortoiseProcENG.rc,IDD_IGNORE,IDC_GROUP_IGNORE_TYPE,1,GROUPBOX,Ignore Type,"GROUPBOX        ""Ignore Type"",IDC_GROUP_IGNORE_TYPE,7,7,247,46",partial,Sources/TurtleGitMac/IgnoreWindow.swift: IgnoreDialog,"Matching native group/radio/button; light/dark layout inspected, rule choices exercised; broader keyboard/Help/geometry QA pending. See IGNORE-PARITY.md."
src/Resources/TortoiseProcENG.rc,IDD_IGNORE,IDC_RADIO_IGNORETYPE_ONLYINFOLDER,1,CONTROL,Ignore item(s) only in the containing folder(s),"CONTROL         ""Ignore item(s) only in the containing folder(s)"",IDC_RADIO_IGNORETYPE_ONLYINFOLDER, ""Button"",BS_AUTORADIOBUTTON | WS_GROUP,15,21,231,10",partial,Sources/TurtleGitMac/IgnoreWindow.swift: IgnoreDialog,"Matching native group/radio/button; light/dark layout inspected, rule choices exercised; broader keyboard/Help/geometry QA pending. See IGNORE-PARITY.md."
src/Resources/TortoiseProcENG.rc,IDD_IGNORE,IDC_RADIO_IGNORETYPE_RECURSIVELY,1,CONTROL,Ignore item(s) recursively,"CONTROL         ""Ignore item(s) recursively"",IDC_RADIO_IGNORETYPE_RECURSIVELY, ""Button"",BS_AUTORADIOBUTTON,15,34,231,10",partial,Sources/TurtleGitMac/IgnoreWindow.swift: IgnoreDialog,"Matching native group/radio/button; light/dark layout inspected, rule choices exercised; broader keyboard/Help/geometry QA pending. See IGNORE-PARITY.md."
src/Resources/TortoiseProcENG.rc,IDD_IGNORE,IDC_GROUP_IGNORE_FILE,1,GROUPBOX,Ignore File,"GROUPBOX        ""Ignore File"",IDC_GROUP_IGNORE_FILE,7,62,247,60",partial,Sources/TurtleGitMac/IgnoreWindow.swift: IgnoreDialog,"Matching native group/radio/button; light/dark layout inspected, rule choices exercised; broader keyboard/Help/geometry QA pending. See IGNORE-PARITY.md."
src/Resources/TortoiseProcENG.rc,IDD_IGNORE,IDC_RADIO_IGNOREFILE_GLOBALGITIGNORE,1,CONTROL,.gitignore in the repository root,"CONTROL         "".gitignore in the repository root"",IDC_RADIO_IGNOREFILE_GLOBALGITIGNORE, ""Button"",BS_AUTORADIOBUTTON | WS_GROUP,15,75,231,10",partial,Sources/TurtleGitMac/IgnoreWindow.swift: IgnoreDialog,"Matching native group/radio/button; light/dark layout inspected, rule choices exercised; broader keyboard/Help/geometry QA pending. See IGNORE-PARITY.md."
src/Resources/TortoiseProcENG.rc,IDD_IGNORE,IDC_RADIO_IGNOREFILE_LOCALGITIGNORES,1,CONTROL,.gitignore in the containing directories of the items,"CONTROL         "".gitignore in the containing directories of the items"",IDC_RADIO_IGNOREFILE_LOCALGITIGNORES, ""Button"",BS_AUTORADIOBUTTON,15,89,231,10",partial,Sources/TurtleGitMac/IgnoreWindow.swift: IgnoreDialog,"Matching native group/radio/button; light/dark layout inspected, rule choices exercised; broader keyboard/Help/geometry QA pending. See IGNORE-PARITY.md."
src/Resources/TortoiseProcENG.rc,IDD_IGNORE,IDC_RADIO_IGNOREFILE_GITINFOEXCLUDE,1,CONTROL,.git/info/exclude,"CONTROL         "".git/info/exclude"",IDC_RADIO_IGNOREFILE_GITINFOEXCLUDE, ""Button"",BS_AUTORADIOBUTTON,15,103,231,10",partial,Sources/TurtleGitMac/IgnoreWindow.swift: IgnoreDialog,"Matching native group/radio/button; light/dark layout inspected, rule choices exercised; broader keyboard/Help/geometry QA pending. See IGNORE-PARITY.md."
src/Resources/TortoiseProcENG.rc,IDD_IGNORE,IDOK,1,DEFPUSHBUTTON,OK,"DEFPUSHBUTTON   ""OK"",IDOK,95,130,50,14",partial,Sources/TurtleGitMac/IgnoreWindow.swift: IgnoreDialog,"Matching native group/radio/button; light/dark layout inspected, rule choices exercised; broader keyboard/Help/geometry QA pending. See IGNORE-PARITY.md."
src/Resources/TortoiseProcENG.rc,IDD_IGNORE,IDCANCEL,1,PUSHBUTTON,Cancel,"PUSHBUTTON      ""Cancel"",IDCANCEL,149,130,50,14",partial,Sources/TurtleGitMac/IgnoreWindow.swift: IgnoreDialog,"Matching native group/radio/button; light/dark layout inspected, rule choices exercised; broader keyboard/Help/geometry QA pending. See IGNORE-PARITY.md."
src/Resources/TortoiseProcENG.rc,IDD_IGNORE,IDHELP,1,PUSHBUTTON,Help,"PUSHBUTTON      ""Help"",IDHELP,204,130,50,14",partial,Sources/TurtleGitMac/IgnoreWindow.swift: IgnoreDialog,"Matching native group/radio/button; light/dark layout inspected, rule choices exercised; broader keyboard/Help/geometry QA pending. See IGNORE-PARITY.md."
src/Resources/TortoiseProcENG.rc,IDD_SUBMODULE_UPDATE,IDC_STATIC,1,LTEXT,Path:,"LTEXT           ""Path:"",IDC_STATIC,15,7,42,8",pending-review,,
src/Resources/TortoiseProcENG.rc,IDD_SUBMODULE_UPDATE,IDC_LIST_PATH,1,LISTBOX,,"LISTBOX         IDC_LIST_PATH,61,4,250,60,LBS_MULTIPLESEL | LBS_NOINTEGRALHEIGHT | WS_VSCROLL | WS_HSCROLL | WS_TABSTOP",pending-review,,
src/Resources/TortoiseProcENG.rc,IDD_SUBMODULE_UPDATE,IDC_SELECTALL,1,CONTROL,Select/deselect &all,"CONTROL         ""Select/deselect &all"",IDC_SELECTALL,""Button"",BS_AUTO3STATE | WS_TABSTOP,7,140,78,10",pending-review,,
src/Resources/TortoiseProcENG.rc,IDD_SUBMODULE_UPDATE,IDC_WHOLE_PROJECT,1,CONTROL,&Whole Project,"CONTROL         ""&Whole Project"",IDC_WHOLE_PROJECT,""Button"",BS_AUTOCHECKBOX | WS_TABSTOP,7,155,161,10",pending-review,,
src/Resources/TortoiseProcENG.rc,IDD_SUBMODULE_UPDATE,IDC_GROUP_INFO,1,GROUPBOX,Submodule Update Options,"GROUPBOX        ""Submodule Update Options"",IDC_GROUP_INFO,7,67,305,69",pending-review,,
src/Resources/TortoiseProcENG.rc,IDD_SUBMODULE_UPDATE,IDC_CHECK_SUBMODULE_INIT,1,CONTROL,&Initialize submodules (--init),"CONTROL         ""&Initialize submodules (--init)"",IDC_CHECK_SUBMODULE_INIT, ""Button"",BS_AUTOCHECKBOX | WS_TABSTOP,15,77,140,13",pending-review,,
src/Resources/TortoiseProcENG.rc,IDD_SUBMODULE_UPDATE,IDC_CHECK_SUBMODULE_RECURSIVE,1,CONTROL,&Recursive,"CONTROL         ""&Recursive"",IDC_CHECK_SUBMODULE_RECURSIVE,""Button"",BS_AUTOCHECKBOX | WS_TABSTOP,15,91,140,13",pending-review,,
src/Resources/TortoiseProcENG.rc,IDD_SUBMODULE_UPDATE,IDC_FORCE,1,CONTROL,&Force,"CONTROL         ""&Force"",IDC_FORCE,""Button"",BS_AUTOCHECKBOX | WS_TABSTOP,15,104,140,13",pending-review,,
src/Resources/TortoiseProcENG.rc,IDD_SUBMODULE_UPDATE,IDC_CHECK_SUBMODULE_NOFETCH,1,CONTROL,&No fetch,"CONTROL         ""&No fetch"",IDC_CHECK_SUBMODULE_NOFETCH,""Button"",BS_AUTOCHECKBOX | WS_TABSTOP,165,77,140,13",pending-review,,
src/Resources/TortoiseProcENG.rc,IDD_SUBMODULE_UPDATE,IDC_CHECK_SUBMODULE_MERGE,1,CONTROL,&Merge,"CONTROL         ""&Merge"",IDC_CHECK_SUBMODULE_MERGE,""Button"",BS_AUTOCHECKBOX | WS_TABSTOP,165,91,140,13",pending-review,,
src/Resources/TortoiseProcENG.rc,IDD_SUBMODULE_UPDATE,IDC_CHECK_SUBMODULE_REBASE,1,CONTROL,Re&base,"CONTROL         ""Re&base"",IDC_CHECK_SUBMODULE_REBASE,""Button"",BS_AUTOCHECKBOX | WS_TABSTOP,165,104,140,13",pending-review,,
src/Resources/TortoiseProcENG.rc,IDD_SUBMODULE_UPDATE,IDC_CHECK_SUBMODULE_REMOTE,1,CONTROL,Remote &tracking branch,"CONTROL         ""Remote &tracking branch"",IDC_CHECK_SUBMODULE_REMOTE, ""Button"",BS_AUTOCHECKBOX | WS_TABSTOP,15,117,140,13",pending-review,,
src/Resources/TortoiseProcENG.rc,IDD_SUBMODULE_UPDATE,IDOK,1,DEFPUSHBUTTON,OK,"DEFPUSHBUTTON   ""OK"",IDOK,149,140,50,14",pending-review,,
src/Resources/TortoiseProcENG.rc,IDD_SUBMODULE_UPDATE,IDCANCEL,1,PUSHBUTTON,Cancel,"PUSHBUTTON      ""Cancel"",IDCANCEL,205,140,50,14",pending-review,,
src/Resources/TortoiseProcENG.rc,IDD_SUBMODULE_UPDATE,IDHELP,1,PUSHBUTTON,Help,"PUSHBUTTON      ""Help"",IDHELP,262,140,50,14,WS_DISABLED",pending-review,,
src/Resources/TortoiseProcENG.rc,IDD_BROWSE_REFS,IDC_BROWSEREFS_STATIC_FILTER,1,LTEXT,Filter:,"LTEXT           ""Filter:"",IDC_BROWSEREFS_STATIC_FILTER,125,8,37,9",pending-review,,
src/Resources/TortoiseProcENG.rc,IDD_BROWSE_REFS,IDC_BROWSEREFS_EDIT_FILTER,1,EDITTEXT,,"EDITTEXT        IDC_BROWSEREFS_EDIT_FILTER,164,7,146,12,ES_MULTILINE | ES_AUTOHSCROLL | ES_WANTRETURN",pending-review,,
src/Resources/TortoiseProcENG.rc,IDD_BROWSE_REFS,IDC_BROWSE_REFS_BRANCHFILTER,1,COMBOBOX,,"COMBOBOX        IDC_BROWSE_REFS_BRANCHFILTER,317,7,141,13,CBS_DROPDOWNLIST | WS_VSCROLL | WS_TABSTOP",pending-review,,
src/Resources/TortoiseProcENG.rc,IDD_BROWSE_REFS,IDC_TREE_REF,1,CONTROL,,"CONTROL         """",IDC_TREE_REF,""SysTreeView32"",TVS_HASBUTTONS | TVS_HASLINES | TVS_SHOWSELALWAYS | WS_BORDER | WS_HSCROLL | WS_TABSTOP,7,24,108,207",pending-review,,
src/Resources/TortoiseProcENG.rc,IDD_BROWSE_REFS,IDC_LIST_REF_LEAFS,1,CONTROL,,"CONTROL         """",IDC_LIST_REF_LEAFS,""SysListView32"",LVS_REPORT | LVS_SHOWSELALWAYS | LVS_EDITLABELS | LVS_ALIGNLEFT | WS_BORDER | WS_TABSTOP,125,24,333,207",pending-review,,
src/Resources/TortoiseProcENG.rc,IDD_BROWSE_REFS,IDC_INCLUDENESTEDREFS,1,CONTROL,Show &nested refs,"CONTROL         ""Show &nested refs"",IDC_INCLUDENESTEDREFS,""Button"",BS_AUTOCHECKBOX | WS_TABSTOP,7,234,107,9",pending-review,,
src/Resources/TortoiseProcENG.rc,IDD_BROWSE_REFS,IDC_INFOLABEL,1,LTEXT,,"LTEXT           """",IDC_INFOLABEL,115,234,102,14,SS_NOPREFIX,WS_EX_RIGHT",pending-review,,
src/Resources/TortoiseProcENG.rc,IDD_BROWSE_REFS,IDC_CURRENTBRANCH,1,PUSHBUTTON,Current Branch,"PUSHBUTTON      ""Current Branch"",IDC_CURRENTBRANCH,224,234,67,14",pending-review,,
src/Resources/TortoiseProcENG.rc,IDD_BROWSE_REFS,IDOK,1,DEFPUSHBUTTON,OK,"DEFPUSHBUTTON   ""OK"",IDOK,298,234,50,14",pending-review,,
src/Resources/TortoiseProcENG.rc,IDD_BROWSE_REFS,IDCANCEL,1,PUSHBUTTON,Cancel,"PUSHBUTTON      ""Cancel"",IDCANCEL,353,234,50,14",pending-review,,
src/Resources/TortoiseProcENG.rc,IDD_BROWSE_REFS,IDHELP,1,PUSHBUTTON,Help,"PUSHBUTTON      ""Help"",IDHELP,408,234,50,14",pending-review,,
src/Resources/TortoiseProcENG.rc,IDD_ADD_REMOTE,IDC_STATIC,1,LTEXT,Name:,"LTEXT           ""Name:"",IDC_STATIC,16,22,22,8",pending-review,,
src/Resources/TortoiseProcENG.rc,IDD_ADD_REMOTE,IDC_EDIT_NAME,1,EDITTEXT,,"EDITTEXT        IDC_EDIT_NAME,44,20,249,14,ES_AUTOHSCROLL",pending-review,,
src/Resources/TortoiseProcENG.rc,IDD_ADD_REMOTE,IDC_STATIC,2,LTEXT,URL:,"LTEXT           ""URL:"",IDC_STATIC,26,40,12,8",pending-review,,
src/Resources/TortoiseProcENG.rc,IDD_ADD_REMOTE,IDC_EDIT_URL,1,EDITTEXT,,"EDITTEXT        IDC_EDIT_URL,44,38,249,14,ES_AUTOHSCROLL",pending-review,,
src/Resources/TortoiseProcENG.rc,IDD_ADD_REMOTE,IDOK,1,DEFPUSHBUTTON,OK,"DEFPUSHBUTTON   ""OK"",IDOK,113,63,50,14",pending-review,,
src/Resources/TortoiseProcENG.rc,IDD_ADD_REMOTE,IDCANCEL,1,PUSHBUTTON,Cancel,"PUSHBUTTON      ""Cancel"",IDCANCEL,178,63,50,14",pending-review,,
src/Resources/TortoiseProcENG.rc,IDD_ADD_REMOTE,IDHELP,1,PUSHBUTTON,Help,"PUSHBUTTON      ""Help"",IDHELP,243,63,50,14",pending-review,,
src/Resources/TortoiseProcENG.rc,IDD_DELETEREMOTETAG,IDC_STATIC,1,LTEXT,Remote:,"LTEXT           ""Remote:"",IDC_STATIC,7,7,28,8",pending-review,,
src/Resources/TortoiseProcENG.rc,IDD_DELETEREMOTETAG,IDC_EDIT_REMOTE,1,EDITTEXT,,"EDITTEXT        IDC_EDIT_REMOTE,57,7,161,14,ES_AUTOHSCROLL | ES_READONLY",pending-review,,
src/Resources/TortoiseProcENG.rc,IDD_DELETEREMOTETAG,IDC_STATIC,2,LTEXT,&Tags:,"LTEXT           ""&Tags:"",IDC_STATIC,7,24,43,13",pending-review,,
src/Resources/TortoiseProcENG.rc,IDD_DELETEREMOTETAG,IDC_LIST_TAGS,1,CONTROL,,"CONTROL         """",IDC_LIST_TAGS,""SysListView32"",LVS_REPORT | LVS_SHOWSELALWAYS | LVS_ALIGNLEFT | LVS_NOCOLUMNHEADER | WS_BORDER | WS_TABSTOP,57,24,161,67",pending-review,,
src/Resources/TortoiseProcENG.rc,IDD_DELETEREMOTETAG,IDC_SELECTALL,1,CONTROL,Select/deselect &all,"CONTROL         ""Select/deselect &all"",IDC_SELECTALL,""Button"",BS_AUTO3STATE | WS_TABSTOP,7,103,78,10",pending-review,,
src/Resources/TortoiseProcENG.rc,IDD_DELETEREMOTETAG,IDOK,1,DEFPUSHBUTTON,&Delete,"DEFPUSHBUTTON   ""&Delete"",IDOK,91,99,59,14,WS_DISABLED",pending-review,,
src/Resources/TortoiseProcENG.rc,IDD_DELETEREMOTETAG,IDCANCEL,1,PUSHBUTTON,Close,"PUSHBUTTON      ""Close"",IDCANCEL,159,99,59,14",pending-review,,
src/Resources/TortoiseProcENG.rc,IDD_USER_PASSWD,IDC_LABEL,1,LTEXT,&Username:,"LTEXT           ""&Username:"",IDC_LABEL,7,22,51,8",pending-review,,
src/Resources/TortoiseProcENG.rc,IDD_USER_PASSWD,IDOK,1,DEFPUSHBUTTON,OK,"DEFPUSHBUTTON   ""OK"",IDOK,120,61,50,14",pending-review,,
src/Resources/TortoiseProcENG.rc,IDD_USER_PASSWD,IDCANCEL,1,PUSHBUTTON,Cancel,"PUSHBUTTON      ""Cancel"",IDCANCEL,184,61,50,14",pending-review,,
src/Resources/TortoiseProcENG.rc,IDD_USER_PASSWD,IDC_LABEL2,1,LTEXT,&Password:,"LTEXT           ""&Password:"",IDC_LABEL2,7,38,57,8",pending-review,,
src/Resources/TortoiseProcENG.rc,IDD_USER_PASSWD,IDC_USER_NAME,1,EDITTEXT,,"EDITTEXT        IDC_USER_NAME,77,18,157,14,ES_AUTOHSCROLL",pending-review,,
src/Resources/TortoiseProcENG.rc,IDD_USER_PASSWD,IDC_USER_PASSWORD,1,EDITTEXT,,"EDITTEXT        IDC_USER_PASSWORD,77,36,157,14,ES_PASSWORD | ES_AUTOHSCROLL",pending-review,,
src/Resources/TortoiseProcENG.rc,IDD_LOGORDERING,IDC_STATIC_ORDER,1,LTEXT,Commit Ordering:,"LTEXT           ""Commit Ordering:"",IDC_STATIC_ORDER,7,8,92,8",pending-review,,
src/Resources/TortoiseProcENG.rc,IDD_LOGORDERING,IDC_COMBOBOXEX_ORDERING,1,COMBOBOX,,"COMBOBOX        IDC_COMBOBOXEX_ORDERING,99,7,178,86,CBS_DROPDOWNLIST | WS_VSCROLL | WS_TABSTOP",pending-review,,
src/Resources/TortoiseProcENG.rc,IDD_LOGORDERING,IDOK,1,DEFPUSHBUTTON,OK,"DEFPUSHBUTTON   ""OK"",IDOK,171,25,50,14",pending-review,,
src/Resources/TortoiseProcENG.rc,IDD_LOGORDERING,IDCANCEL,1,PUSHBUTTON,Cancel,"PUSHBUTTON      ""Cancel"",IDCANCEL,228,25,50,14",pending-review,,
src/Resources/TortoiseProcENG.rc,IDD_SETTINGSCREDENTIAL,IDC_STATICELEVATIONNEEDED,1,LTEXT,"All or some options are limited. In order to change all these settings, you need Administrator rights.","LTEXT           ""All or some options are limited. In order to change all these settings, you need Administrator rights."",IDC_STATICELEVATIONNEEDED,169,126,124,43,SS_SUNKEN | NOT WS_VISIBLE",pending-review,,
src/Resources/TortoiseProcENG.rc,IDD_SETTINGSCREDENTIAL,IDC_OPENSETTINGSELEVATED,1,PUSHBUTTON,Open &settings,"PUSHBUTTON      ""Open &settings"",IDC_OPENSETTINGSELEVATED,169,174,124,14,NOT WS_VISIBLE | WS_DISABLED",pending-review,,
src/Resources/TortoiseProcENG.rc,IDD_SETTINGSCREDENTIAL,IDC_STATIC,1,LTEXT,Credential helper:,"LTEXT           ""Credential helper:"",IDC_STATIC,7,7,58,8",pending-review,,
src/Resources/TortoiseProcENG.rc,IDD_SETTINGSCREDENTIAL,IDC_COMBO_SIMPLECREDENTIAL,1,COMBOBOX,,"COMBOBOX        IDC_COMBO_SIMPLECREDENTIAL,97,7,196,12,CBS_DROPDOWNLIST | WS_TABSTOP",pending-review,,
src/Resources/TortoiseProcENG.rc,IDD_SETTINGSCREDENTIAL,IDC_STATIC,2,LTEXT,Helpers:,"LTEXT           ""Helpers:"",IDC_STATIC,7,24,76,8",pending-review,,
src/Resources/TortoiseProcENG.rc,IDD_SETTINGSCREDENTIAL,IDC_LIST_REMOTE,1,LISTBOX,,"LISTBOX         IDC_LIST_REMOTE,7,37,83,173,LBS_SORT | LBS_NOINTEGRALHEIGHT | WS_VSCROLL | WS_TABSTOP",pending-review,,
src/Resources/TortoiseProcENG.rc,IDD_SETTINGSCREDENTIAL,IDC_STATIC,3,LTEXT,Config type:,"LTEXT           ""Config type:"",IDC_STATIC,97,38,40,8",pending-review,,
src/Resources/TortoiseProcENG.rc,IDD_SETTINGSCREDENTIAL,IDC_COMBO_CONFIGTYPE,1,COMBOBOX,,"COMBOBOX        IDC_COMBO_CONFIGTYPE,158,36,135,12,CBS_DROPDOWNLIST | WS_TABSTOP",pending-review,,
src/Resources/TortoiseProcENG.rc,IDD_SETTINGSCREDENTIAL,IDC_STATIC,4,LTEXT,URL:,"LTEXT           ""URL:"",IDC_STATIC,97,58,16,8",pending-review,,
src/Resources/TortoiseProcENG.rc,IDD_SETTINGSCREDENTIAL,IDC_EDIT_URL,1,EDITTEXT,,"EDITTEXT        IDC_EDIT_URL,138,56,155,12,ES_AUTOHSCROLL",pending-review,,
src/Resources/TortoiseProcENG.rc,IDD_SETTINGSCREDENTIAL,IDC_STATIC,5,LTEXT,Helper:,"LTEXT           ""Helper:"",IDC_STATIC,97,74,40,8",pending-review,,
src/Resources/TortoiseProcENG.rc,IDD_SETTINGSCREDENTIAL,IDC_COMBO_HELPER,1,COMBOBOX,,"COMBOBOX        IDC_COMBO_HELPER,138,73,155,164,CBS_DROPDOWN | CBS_AUTOHSCROLL | WS_VSCROLL | WS_TABSTOP",pending-review,,
src/Resources/TortoiseProcENG.rc,IDD_SETTINGSCREDENTIAL,IDC_STATIC,6,LTEXT,Username:,"LTEXT           ""Username:"",IDC_STATIC,97,92,36,8",pending-review,,
src/Resources/TortoiseProcENG.rc,IDD_SETTINGSCREDENTIAL,IDC_EDIT_USERNAME,1,EDITTEXT,,"EDITTEXT        IDC_EDIT_USERNAME,138,91,155,12,ES_AUTOHSCROLL",pending-review,,
src/Resources/TortoiseProcENG.rc,IDD_SETTINGSCREDENTIAL,IDC_CHECK_USEHTTPPATH,1,CONTROL,Use HTTP path component,"CONTROL         ""Use HTTP path component"",IDC_CHECK_USEHTTPPATH,""Button"",BS_AUTOCHECKBOX | WS_TABSTOP,98,108,101,10",pending-review,,
src/Resources/TortoiseProcENG.rc,IDD_SETTINGSCREDENTIAL,IDC_BUTTON_ADD,1,PUSHBUTTON,&Add New/Save,"PUSHBUTTON      ""&Add New/Save"",IDC_BUTTON_ADD,97,126,61,14",pending-review,,
src/Resources/TortoiseProcENG.rc,IDD_SETTINGSCREDENTIAL,IDC_BUTTON_REMOVE,1,PUSHBUTTON,&Remove,"PUSHBUTTON      ""&Remove"",IDC_BUTTON_REMOVE,97,145,61,14",pending-review,,
src/Resources/TortoiseProcENG.rc,IDD_SETTINGSCREDENTIAL,IDC_WINDOWSCREDMGR,1,PUSHBUTTON,Windows Credential Manager,"PUSHBUTTON      ""Windows Credential Manager"",IDC_WINDOWSCREDMGR,169,196,124,14",pending-review,,
src/Resources/TortoiseProcENG.rc,IDD_MERGEABORT,IDC_GROUP_RESET_TYPE,1,GROUPBOX,Reset Type,"GROUPBOX        ""Reset Type"",IDC_GROUP_RESET_TYPE,7,21,285,55",pending-review,,
src/Resources/TortoiseProcENG.rc,IDD_MERGEABORT,IDC_RADIO_RESET_MERGE,1,CONTROL,M&erge: Resets the index and try to reconstruct the pre-merge state,"CONTROL         ""M&erge: Resets the index and try to reconstruct the pre-merge state"",IDC_RADIO_RESET_MERGE, ""Button"",BS_AUTORADIOBUTTON,15,33,270,10",pending-review,,
src/Resources/TortoiseProcENG.rc,IDD_MERGEABORT,IDC_RADIO_RESET_MIXED,1,CONTROL,"&Mixed: Leave working tree untouched, reset index","CONTROL         ""&Mixed: Leave working tree untouched, reset index"",IDC_RADIO_RESET_MIXED, ""Button"",BS_AUTORADIOBUTTON,15,46,270,10",pending-review,,
src/Resources/TortoiseProcENG.rc,IDD_MERGEABORT,IDC_RADIO_RESET_HARD,1,CONTROL,&Hard: Reset working tree and index (discard all local changes),"CONTROL         ""&Hard: Reset working tree and index (discard all local changes)"",IDC_RADIO_RESET_HARD, ""Button"",BS_AUTORADIOBUTTON,15,59,270,10",pending-review,,
src/Resources/TortoiseProcENG.rc,IDD_MERGEABORT,IDC_SHOW_MODIFIED_FILES,1,PUSHBUTTON,Show modified files in &working tree,"PUSHBUTTON      ""Show modified files in &working tree"",IDC_SHOW_MODIFIED_FILES,7,83,285,14",pending-review,,
src/Resources/TortoiseProcENG.rc,IDD_MERGEABORT,IDOK,1,DEFPUSHBUTTON,OK,"DEFPUSHBUTTON   ""OK"",IDOK,125,103,50,14",pending-review,,
src/Resources/TortoiseProcENG.rc,IDD_MERGEABORT,IDCANCEL,1,PUSHBUTTON,Cancel,"PUSHBUTTON      ""Cancel"",IDCANCEL,184,103,50,14",pending-review,,
src/Resources/TortoiseProcENG.rc,IDD_MERGEABORT,IDHELP,1,PUSHBUTTON,Help,"PUSHBUTTON      ""Help"",IDHELP,242,103,50,14",pending-review,,
src/Resources/TortoiseProcENG.rc,IDD_MERGEABORT,IDC_STATIC_REMINDER,1,LTEXT,In order to abort a merge progress a reset (to HEAD) is needed.,"LTEXT           ""In order to abort a merge progress a reset (to HEAD) is needed."",IDC_STATIC_REMINDER,7,7,285,10",pending-review,,
src/Resources/TortoiseProcENG.rc,IDD_SETTINGSDIALOGS3,IDC_STATIC,1,CTEXT,|,"CTEXT           ""|"",IDC_STATIC,64,18,8,11",pending-review,,
src/Resources/TortoiseProcENG.rc,IDD_SETTINGSDIALOGS3,IDC_STATIC,2,CTEXT,<<,"CTEXT           ""<<"",IDC_STATIC,173,18,13,11",pending-review,,
src/Resources/TortoiseProcENG.rc,IDD_SETTINGSDIALOGS3,IDC_STATIC,3,CTEXT,<<,"CTEXT           ""<<"",IDC_STATIC,233,18,13,11",pending-review,,
src/Resources/TortoiseProcENG.rc,IDD_SETTINGSDIALOGS3,IDC_STATIC,4,CTEXT,<<,"CTEXT           ""<<"",IDC_STATIC,112,18,13,11",pending-review,,
src/Resources/TortoiseProcENG.rc,IDD_SETTINGSDIALOGS3,IDC_RADIO_SETTINGS_EFFECTIVE,1,CONTROL,Effective,"CONTROL         ""Effective"",IDC_RADIO_SETTINGS_EFFECTIVE,""Button"",BS_AUTORADIOBUTTON | WS_GROUP | WS_TABSTOP,14,18,50,10",pending-review,,
src/Resources/TortoiseProcENG.rc,IDD_SETTINGSDIALOGS3,IDC_RADIO_SETTINGS_LOCAL,1,CONTROL,Local,"CONTROL         ""Local"",IDC_RADIO_SETTINGS_LOCAL,""Button"",BS_AUTORADIOBUTTON,72,18,40,10",pending-review,,
src/Resources/TortoiseProcENG.rc,IDD_SETTINGSDIALOGS3,IDC_RADIO_SETTINGS_PROJECT,1,CONTROL,Project,"CONTROL         ""Project"",IDC_RADIO_SETTINGS_PROJECT,""Button"",BS_AUTORADIOBUTTON,126,18,47,10",pending-review,,
src/Resources/TortoiseProcENG.rc,IDD_SETTINGSDIALOGS3,IDC_RADIO_SETTINGS_GLOBAL,1,CONTROL,Global,"CONTROL         ""Global"",IDC_RADIO_SETTINGS_GLOBAL,""Button"",BS_AUTORADIOBUTTON,187,18,46,10",pending-review,,
src/Resources/TortoiseProcENG.rc,IDD_SETTINGSDIALOGS3,IDC_RADIO_SETTINGS_SYSTEM,1,CONTROL,System,"CONTROL         ""System"",IDC_RADIO_SETTINGS_SYSTEM,""Button"",BS_AUTORADIOBUTTON,247,18,46,10",pending-review,,
src/Resources/TortoiseProcENG.rc,IDD_SETTINGSDIALOGS3,IDC_STATIC,5,GROUPBOX,Config source,"GROUPBOX        ""Config source"",IDC_STATIC,7,7,286,26",pending-review,,
src/Resources/TortoiseProcENG.rc,IDD_SETTINGSDIALOGS3,IDC_STATIC,6,GROUPBOX,Commit,"GROUPBOX        ""Commit"",IDC_STATIC,7,34,286,136",pending-review,,
src/Resources/TortoiseProcENG.rc,IDD_SETTINGSDIALOGS3,IDC_STATIC,7,LTEXT,Select the language this project is using. This settings affects the spell checker used for commit messages.,"LTEXT           ""Select the language this project is using. This settings affects the spell checker used for commit messages."",IDC_STATIC,14,43,269,18",pending-review,,
src/Resources/TortoiseProcENG.rc,IDD_SETTINGSDIALOGS3,IDC_STATIC,8,LTEXT,Language:,"LTEXT           ""Language:"",IDC_STATIC,14,63,99,8",pending-review,,
src/Resources/TortoiseProcENG.rc,IDD_SETTINGSDIALOGS3,IDC_LANGCOMBO,1,COMBOBOX,,"COMBOBOX        IDC_LANGCOMBO,113,62,170,70,CBS_DROPDOWNLIST | CBS_SORT | WS_VSCROLL | WS_TABSTOP",pending-review,,
src/Resources/TortoiseProcENG.rc,IDD_SETTINGSDIALOGS3,IDC_KEEPFILELISTSENGLISH,1,COMBOBOX,,"COMBOBOX        IDC_KEEPFILELISTSENGLISH,113,79,63,15,CBS_DROPDOWNLIST | NOT WS_VISIBLE | WS_VSCROLL | WS_TABSTOP",pending-review,,
src/Resources/TortoiseProcENG.rc,IDD_SETTINGSDIALOGS3,IDC_STATIC,9,LTEXT,keep the file lists in English,"LTEXT           ""keep the file lists in English"",IDC_STATIC,14,80,99,10,NOT WS_VISIBLE",pending-review,,
src/Resources/TortoiseProcENG.rc,IDD_SETTINGSDIALOGS3,IDC_STATIC,10,LTEXT,Minimum number of chars for a commit message:,"LTEXT           ""Minimum number of chars for a commit message:"",IDC_STATIC,14,99,269,8",pending-review,,
src/Resources/TortoiseProcENG.rc,IDD_SETTINGSDIALOGS3,IDC_STATIC,11,LTEXT,&Limit:,"LTEXT           ""&Limit:"",IDC_STATIC,14,113,99,8",pending-review,,
src/Resources/TortoiseProcENG.rc,IDD_SETTINGSDIALOGS3,IDC_LOGMINSIZE,1,EDITTEXT,,"EDITTEXT        IDC_LOGMINSIZE,113,111,40,14,ES_RIGHT | ES_AUTOHSCROLL | ES_NUMBER",pending-review,,
src/Resources/TortoiseProcENG.rc,IDD_SETTINGSDIALOGS3,IDC_CHECK_INHERIT_LIMIT,1,CONTROL,inherit,"CONTROL         ""inherit"",IDC_CHECK_INHERIT_LIMIT,""Button"",BS_AUTOCHECKBOX | WS_TABSTOP,164,112,60,10",pending-review,,
src/Resources/TortoiseProcENG.rc,IDD_SETTINGSDIALOGS3,IDC_STATIC,12,LTEXT,Char position where to show a border line in commit text boxes:,"LTEXT           ""Char position where to show a border line in commit text boxes:"",IDC_STATIC,14,126,269,8",pending-review,,
src/Resources/TortoiseProcENG.rc,IDD_SETTINGSDIALOGS3,IDC_STATIC,13,LTEXT,&Border:,"LTEXT           ""&Border:"",IDC_STATIC,14,138,99,8",pending-review,,
src/Resources/TortoiseProcENG.rc,IDD_SETTINGSDIALOGS3,IDC_BORDER,1,EDITTEXT,,"EDITTEXT        IDC_BORDER,113,136,40,14,ES_RIGHT | ES_AUTOHSCROLL | ES_NUMBER",pending-review,,
src/Resources/TortoiseProcENG.rc,IDD_SETTINGSDIALOGS3,IDC_STATIC,14,LTEXT,&Warn on missing Signed-Off-By on commit,"LTEXT           ""&Warn on missing Signed-Off-By on commit"",IDC_STATIC,14,153,179,10",pending-review,,
src/Resources/TortoiseProcENG.rc,IDD_SETTINGSDIALOGS3,IDC_CHECK_INHERIT_BORDER,1,CONTROL,inherit,"CONTROL         ""inherit"",IDC_CHECK_INHERIT_BORDER,""Button"",BS_AUTOCHECKBOX | WS_TABSTOP,164,138,60,10",pending-review,,
src/Resources/TortoiseProcENG.rc,IDD_SETTINGSDIALOGS3,IDC_WARN_NO_SIGNED_OFF_BY,1,COMBOBOX,,"COMBOBOX        IDC_WARN_NO_SIGNED_OFF_BY,194,153,63,15,CBS_DROPDOWNLIST | WS_VSCROLL | WS_TABSTOP",pending-review,,
src/Resources/TortoiseProcENG.rc,IDD_SETTINGSDIALOGS3,IDC_STATIC,15,GROUPBOX,Dialogs,"GROUPBOX        ""Dialogs"",IDC_STATIC,7,170,286,40",pending-review,,
src/Resources/TortoiseProcENG.rc,IDD_SETTINGSDIALOGS3,IDC_STATIC,16,LTEXT,&Overlay Icon:,"LTEXT           ""&Overlay Icon:"",IDC_STATIC,14,183,91,8",pending-review,,
src/Resources/TortoiseProcENG.rc,IDD_SETTINGSDIALOGS3,IDC_ICONFILE,1,EDITTEXT,,"EDITTEXT        IDC_ICONFILE,113,180,148,14,ES_AUTOHSCROLL",pending-review,,
src/Resources/TortoiseProcENG.rc,IDD_SETTINGSDIALOGS3,IDC_ICONFILE_BROWSE,1,PUSHBUTTON,...,"PUSHBUTTON      ""..."",IDC_ICONFILE_BROWSE,265,180,18,14",pending-review,,
src/Resources/TortoiseProcENG.rc,IDD_SETTINGSDIALOGS3,IDC_CHECK_INHERIT_ICONPATH,1,CONTROL,inherit,"CONTROL         ""inherit"",IDC_CHECK_INHERIT_ICONPATH,""Button"",BS_AUTOCHECKBOX | WS_TABSTOP,113,196,60,10",pending-review,,
src/Resources/TortoiseProcENG.rc,IDD_SETTINGSDIALOGS3,IDC_STATIC,17,LTEXT,Save to:,"LTEXT           ""Save to:"",IDC_STATIC,14,212,99,11",pending-review,,
src/Resources/TortoiseProcENG.rc,IDD_SETTINGSDIALOGS3,IDC_COMBO_SETTINGS_SAFETO,1,COMBOBOX,,"COMBOBOX        IDC_COMBO_SETTINGS_SAFETO,113,212,148,15,CBS_DROPDOWNLIST | WS_VSCROLL | WS_TABSTOP",pending-review,,
src/Resources/TortoiseProcENG.rc,IDD_BUGTRAQREGEXTESTER,IDC_SAMPLELABEL,1,LTEXT,Sample text:,"LTEXT           ""Sample text:"",IDC_SAMPLELABEL,7,7,303,8",pending-review,,
src/Resources/TortoiseProcENG.rc,IDD_BUGTRAQREGEXTESTER,IDC_LOGMESSAGE,1,CONTROL,Scintilla,"CONTROL         ""Scintilla"",IDC_LOGMESSAGE,""Scintilla"",WS_TABSTOP,7,18,303,100,WS_EX_STATICEDGE",pending-review,,
src/Resources/TortoiseProcENG.rc,IDD_BUGTRAQREGEXTESTER,IDC_REGEXMSGLABEL,1,LTEXT,Message part &expression:,"LTEXT           ""Message part &expression:"",IDC_REGEXMSGLABEL,7,124,74,18",pending-review,,
src/Resources/TortoiseProcENG.rc,IDD_BUGTRAQREGEXTESTER,IDC_BUGTRAQLOGREGEX2,1,EDITTEXT,,"EDITTEXT        IDC_BUGTRAQLOGREGEX2,88,123,222,14,ES_AUTOHSCROLL",pending-review,,
src/Resources/TortoiseProcENG.rc,IDD_BUGTRAQREGEXTESTER,IDC_REGEXIDLABEL,1,LTEXT,Bug-ID e&xpression:,"LTEXT           ""Bug-ID e&xpression:"",IDC_REGEXIDLABEL,7,144,74,17",pending-review,,
src/Resources/TortoiseProcENG.rc,IDD_BUGTRAQREGEXTESTER,IDC_BUGTRAQLOGREGEX1,1,EDITTEXT,,"EDITTEXT        IDC_BUGTRAQLOGREGEX1,88,144,222,14,ES_AUTOHSCROLL",pending-review,,
src/Resources/TortoiseProcENG.rc,IDD_BUGTRAQREGEXTESTER,IDOK,1,DEFPUSHBUTTON,OK,"DEFPUSHBUTTON   ""OK"",IDOK,205,167,50,14",pending-review,,
src/Resources/TortoiseProcENG.rc,IDD_BUGTRAQREGEXTESTER,IDCANCEL,1,PUSHBUTTON,Cancel,"PUSHBUTTON      ""Cancel"",IDCANCEL,260,167,50,14",pending-review,,
src/Resources/TortoiseProcENG.rc,IDD_CERTCHECK,IDC_STATIC,1,ICON,IDI_CERTCHECK,"ICON            IDI_CERTCHECK,IDC_STATIC,14,13,21,20",pending-review,,
src/Resources/TortoiseProcENG.rc,IDD_CERTCHECK,IDC_STATIC,2,LTEXT,Certificate verification failed!,"LTEXT           ""Certificate verification failed!"",IDC_STATIC,51,16,127,17",pending-review,,
src/Resources/TortoiseProcENG.rc,IDD_CERTCHECK,IDC_ERRORDESC,1,LTEXT,,"LTEXT           """",IDC_ERRORDESC,15,38,284,20",pending-review,,
src/Resources/TortoiseProcENG.rc,IDD_CERTCHECK,IDC_ERROR,1,LTEXT,,"LTEXT           """",IDC_ERROR,15,62,283,20",pending-review,,
src/Resources/TortoiseProcENG.rc,IDD_CERTCHECK,IDC_STATIC,3,LTEXT,Common Name:,"LTEXT           ""Common Name:"",IDC_STATIC,14,88,100,8",pending-review,,
src/Resources/TortoiseProcENG.rc,IDD_CERTCHECK,IDC_COMMONNAME,1,EDITTEXT,,"EDITTEXT        IDC_COMMONNAME,119,86,181,14,ES_AUTOHSCROLL | ES_READONLY",pending-review,,
src/Resources/TortoiseProcENG.rc,IDD_CERTCHECK,IDC_STATIC,4,LTEXT,Issuer:,"LTEXT           ""Issuer:"",IDC_STATIC,14,105,105,8",pending-review,,
src/Resources/TortoiseProcENG.rc,IDD_CERTCHECK,IDC_ISSUER,1,EDITTEXT,,"EDITTEXT        IDC_ISSUER,119,102,181,14,ES_AUTOHSCROLL | ES_READONLY",pending-review,,
src/Resources/TortoiseProcENG.rc,IDD_CERTCHECK,IDC_STATIC,5,GROUPBOX,Fingerprints,"GROUPBOX        ""Fingerprints"",IDC_STATIC,7,118,299,57",pending-review,,
src/Resources/TortoiseProcENG.rc,IDD_CERTCHECK,IDC_STATIC,6,LTEXT,SHA-1:,"LTEXT           ""SHA-1:"",IDC_STATIC,14,132,57,8",pending-review,,
src/Resources/TortoiseProcENG.rc,IDD_CERTCHECK,IDC_SHA1,1,EDITTEXT,,"EDITTEXT        IDC_SHA1,79,129,221,14,ES_AUTOHSCROLL | ES_READONLY",pending-review,,
src/Resources/TortoiseProcENG.rc,IDD_CERTCHECK,IDC_STATIC,7,LTEXT,SHA-256:,"LTEXT           ""SHA-256:"",IDC_STATIC,14,148,57,8",pending-review,,
src/Resources/TortoiseProcENG.rc,IDD_CERTCHECK,IDC_SHA256,1,EDITTEXT,,"EDITTEXT        IDC_SHA256,79,146,221,23,ES_MULTILINE | ES_AUTOHSCROLL | ES_READONLY",pending-review,,
src/Resources/TortoiseProcENG.rc,IDD_CERTCHECK,IDC_OPENCERT,1,PUSHBUTTON,Open certificate,"PUSHBUTTON      ""Open certificate"",IDC_OPENCERT,7,180,70,14",pending-review,,
src/Resources/TortoiseProcENG.rc,IDD_CERTCHECK,IDOK,1,PUSHBUTTON,Accept certificate,"PUSHBUTTON      ""Accept certificate"",IDOK,151,180,92,14",pending-review,,
src/Resources/TortoiseProcENG.rc,IDD_CERTCHECK,IDCANCEL,1,DEFPUSHBUTTON,Cancel,"DEFPUSHBUTTON   ""Cancel"",IDCANCEL,256,180,50,14",pending-review,,
src/Resources/TortoiseProcENG.rc,IDD_SETTINGSUDIFF,IDC_STATIC,1,GROUPBOX,Colors,"GROUPBOX        ""Colors"",IDC_STATIC,7,7,286,140",pending-review,,
src/Resources/TortoiseProcENG.rc,IDD_SETTINGSUDIFF,IDC_STATIC,2,LTEXT,Foreground,"LTEXT           ""Foreground"",IDC_STATIC,126,15,76,8",pending-review,,
src/Resources/TortoiseProcENG.rc,IDD_SETTINGSUDIFF,IDC_STATIC,3,LTEXT,Background,"LTEXT           ""Background"",IDC_STATIC,209,14,75,8",pending-review,,
src/Resources/TortoiseProcENG.rc,IDD_SETTINGSUDIFF,IDC_STATIC,4,LTEXT,Diff command,"LTEXT           ""Diff command"",IDC_STATIC,14,32,112,8",pending-review,,
src/Resources/TortoiseProcENG.rc,IDD_SETTINGSUDIFF,IDC_FORECOMMANDCOLOR,1,PUSHBUTTON,,"PUSHBUTTON      """",IDC_FORECOMMANDCOLOR,126,28,76,14",pending-review,,
src/Resources/TortoiseProcENG.rc,IDD_SETTINGSUDIFF,IDC_BACKCOMMANDCOLOR,1,PUSHBUTTON,,"PUSHBUTTON      """",IDC_BACKCOMMANDCOLOR,208,29,76,14",pending-review,,
src/Resources/TortoiseProcENG.rc,IDD_SETTINGSUDIFF,IDC_STATIC,5,LTEXT,Diff position,"LTEXT           ""Diff position"",IDC_STATIC,14,48,112,8",pending-review,,
src/Resources/TortoiseProcENG.rc,IDD_SETTINGSUDIFF,IDC_FOREPOSITIONCOLOR,1,PUSHBUTTON,,"PUSHBUTTON      """",IDC_FOREPOSITIONCOLOR,126,45,76,14",pending-review,,
src/Resources/TortoiseProcENG.rc,IDD_SETTINGSUDIFF,IDC_BACKPOSITIONCOLOR,1,PUSHBUTTON,,"PUSHBUTTON      """",IDC_BACKPOSITIONCOLOR,208,45,76,14",pending-review,,
src/Resources/TortoiseProcENG.rc,IDD_SETTINGSUDIFF,IDC_STATIC,6,LTEXT,Diff header,"LTEXT           ""Diff header"",IDC_STATIC,14,64,112,8",pending-review,,
src/Resources/TortoiseProcENG.rc,IDD_SETTINGSUDIFF,IDC_FOREHEADERCOLOR,1,PUSHBUTTON,,"PUSHBUTTON      """",IDC_FOREHEADERCOLOR,126,61,76,14",pending-review,,
src/Resources/TortoiseProcENG.rc,IDD_SETTINGSUDIFF,IDC_BACKHEADERCOLOR,1,PUSHBUTTON,,"PUSHBUTTON      """",IDC_BACKHEADERCOLOR,208,61,76,14",pending-review,,
src/Resources/TortoiseProcENG.rc,IDD_SETTINGSUDIFF,IDC_STATIC,7,LTEXT,Diff comment,"LTEXT           ""Diff comment"",IDC_STATIC,14,80,112,8",pending-review,,
src/Resources/TortoiseProcENG.rc,IDD_SETTINGSUDIFF,IDC_FORECOMMENTCOLOR,1,PUSHBUTTON,,"PUSHBUTTON      """",IDC_FORECOMMENTCOLOR,126,77,76,14",pending-review,,
src/Resources/TortoiseProcENG.rc,IDD_SETTINGSUDIFF,IDC_BACKCOMMENTCOLOR,1,PUSHBUTTON,,"PUSHBUTTON      """",IDC_BACKCOMMENTCOLOR,208,77,76,14",pending-review,,
src/Resources/TortoiseProcENG.rc,IDD_SETTINGSUDIFF,IDC_STATIC,8,LTEXT,Diff added lines,"LTEXT           ""Diff added lines"",IDC_STATIC,14,96,112,8",pending-review,,
src/Resources/TortoiseProcENG.rc,IDD_SETTINGSUDIFF,IDC_FOREADDEDCOLOR,1,PUSHBUTTON,,"PUSHBUTTON      """",IDC_FOREADDEDCOLOR,126,93,76,14",pending-review,,
src/Resources/TortoiseProcENG.rc,IDD_SETTINGSUDIFF,IDC_BACKADDEDCOLOR,1,PUSHBUTTON,,"PUSHBUTTON      """",IDC_BACKADDEDCOLOR,208,93,76,14",pending-review,,
src/Resources/TortoiseProcENG.rc,IDD_SETTINGSUDIFF,IDC_STATIC,9,LTEXT,Diff removed lines,"LTEXT           ""Diff removed lines"",IDC_STATIC,14,112,112,8",pending-review,,
src/Resources/TortoiseProcENG.rc,IDD_SETTINGSUDIFF,IDC_FOREREMOVEDCOLOR,1,PUSHBUTTON,,"PUSHBUTTON      """",IDC_FOREREMOVEDCOLOR,126,109,76,14",pending-review,,
src/Resources/TortoiseProcENG.rc,IDD_SETTINGSUDIFF,IDC_BACKREMOVEDCOLOR,1,PUSHBUTTON,,"PUSHBUTTON      """",IDC_BACKREMOVEDCOLOR,208,109,76,14",pending-review,,
src/Resources/TortoiseProcENG.rc,IDD_SETTINGSUDIFF,IDC_RESTORE,1,PUSHBUTTON,Restore Default,"PUSHBUTTON      ""Restore Default"",IDC_RESTORE,208,129,76,14",pending-review,,
src/Resources/TortoiseProcENG.rc,IDD_SETTINGSUDIFF,IDC_STATIC,10,GROUPBOX,Font,"GROUPBOX        ""Font"",IDC_STATIC,7,148,286,40",pending-review,,
src/Resources/TortoiseProcENG.rc,IDD_SETTINGSUDIFF,IDC_STATIC,11,LTEXT,&Font:,"LTEXT           ""&Font:"",IDC_STATIC,14,156,92,14,SS_CENTERIMAGE",pending-review,,
src/Resources/TortoiseProcENG.rc,IDD_SETTINGSUDIFF,IDC_FONTNAMES,1,COMBOBOX,,"COMBOBOX        IDC_FONTNAMES,107,156,138,90,CBS_DROPDOWNLIST | CBS_OWNERDRAWVARIABLE | CBS_SORT | CBS_HASSTRINGS | WS_VSCROLL | WS_TABSTOP",pending-review,,
src/Resources/TortoiseProcENG.rc,IDD_SETTINGSUDIFF,IDC_FONTSIZES,1,COMBOBOX,,"COMBOBOX        IDC_FONTSIZES,252,156,32,47,CBS_DROPDOWN | WS_VSCROLL | WS_TABSTOP",pending-review,,
src/Resources/TortoiseProcENG.rc,IDD_SETTINGSUDIFF,IDC_STATIC,12,LTEXT,Tab size:,"LTEXT           ""Tab size:"",IDC_STATIC,14,174,92,8",pending-review,,
src/Resources/TortoiseProcENG.rc,IDD_SETTINGSUDIFF,IDC_TABSIZE,1,EDITTEXT,,"EDITTEXT        IDC_TABSIZE,252,172,32,12,ES_RIGHT | ES_AUTOHSCROLL | ES_NUMBER",pending-review,,
src/Resources/TortoiseProcENG.rc,IDD_SETTINGSUDIFF,IDC_STATIC,13,LTEXT,"Note: These settings also apply to the Patch Viewer dialog.\nTo select whether you would like to use the build-in or any alternative diff viewer program go to """"Diff Viewer"""" preferences section in the leftward tree.","LTEXT           ""Note: These settings also apply to the Patch Viewer dialog.\nTo select whether you would like to use the build-in or any alternative diff viewer program go to """"Diff Viewer"""" preferences section in the leftward tree."",IDC_STATIC,7,193,287,46",pending-review,,
src/Resources/TortoiseProcENG.rc,IDD_RESOLVESUBMODULECONFLICT,IDC_SUBMODULEDIFFTITLE,1,EDITTEXT,,"EDITTEXT        IDC_SUBMODULEDIFFTITLE,7,7,309,12,ES_AUTOHSCROLL | ES_READONLY | NOT WS_BORDER",pending-review,,
src/Resources/TortoiseProcENG.rc,IDD_RESOLVESUBMODULECONFLICT,IDHELP,1,PUSHBUTTON,Help,"PUSHBUTTON      ""Help"",IDHELP,325,7,50,14",pending-review,,
src/Resources/TortoiseProcENG.rc,IDD_RESOLVESUBMODULECONFLICT,IDC_FROMGROUP,1,GROUPBOX,Base,"GROUPBOX        ""Base"",IDC_FROMGROUP,7,20,368,45",pending-review,,
src/Resources/TortoiseProcENG.rc,IDD_RESOLVESUBMODULECONFLICT,IDC_STATIC_REVISION,1,LTEXT,Revision:,"LTEXT           ""Revision:"",IDC_STATIC_REVISION,15,32,33,8",pending-review,,
src/Resources/TortoiseProcENG.rc,IDD_RESOLVESUBMODULECONFLICT,IDC_BASEHASH,1,EDITTEXT,,"EDITTEXT        IDC_BASEHASH,52,32,247,12,ES_AUTOHSCROLL | ES_READONLY | NOT WS_BORDER",pending-review,,
src/Resources/TortoiseProcENG.rc,IDD_RESOLVESUBMODULECONFLICT,IDC_LOG,1,PUSHBUTTON,Show log,"PUSHBUTTON      ""Show log"",IDC_LOG,306,32,60,12",pending-review,,
src/Resources/TortoiseProcENG.rc,IDD_RESOLVESUBMODULECONFLICT,IDC_STATIC_SUBJECT,1,LTEXT,Subject:,"LTEXT           ""Subject:"",IDC_STATIC_SUBJECT,15,49,33,8",pending-review,,
src/Resources/TortoiseProcENG.rc,IDD_RESOLVESUBMODULECONFLICT,IDC_BASESUBJECT,1,EDITTEXT,,"EDITTEXT        IDC_BASESUBJECT,52,49,314,12,ES_AUTOHSCROLL | ES_READONLY | NOT WS_BORDER",pending-review,,
src/Resources/TortoiseProcENG.rc,IDD_RESOLVESUBMODULECONFLICT,IDC_TOGROUP,1,GROUPBOX,Mine,"GROUPBOX        ""Mine"",IDC_TOGROUP,7,68,368,65",pending-review,,
src/Resources/TortoiseProcENG.rc,IDD_RESOLVESUBMODULECONFLICT,IDC_STATIC_CHANGETYPE,1,LTEXT,Type:,"LTEXT           ""Type:"",IDC_STATIC_CHANGETYPE,15,82,33,8",pending-review,,
src/Resources/TortoiseProcENG.rc,IDD_RESOLVESUBMODULECONFLICT,IDC_MINECHANGETYPE,1,LTEXT,,"LTEXT           """",IDC_MINECHANGETYPE,52,82,147,12",pending-review,,
src/Resources/TortoiseProcENG.rc,IDD_RESOLVESUBMODULECONFLICT,IDC_BUTTON_UPDATE2,1,PUSHBUTTON,Use this,"PUSHBUTTON      ""Use this"",IDC_BUTTON_UPDATE2,306,99,60,12",pending-review,,
src/Resources/TortoiseProcENG.rc,IDD_RESOLVESUBMODULECONFLICT,IDC_STATIC_REVISION2,1,LTEXT,Revision:,"LTEXT           ""Revision:"",IDC_STATIC_REVISION2,15,99,33,8",pending-review,,
src/Resources/TortoiseProcENG.rc,IDD_RESOLVESUBMODULECONFLICT,IDC_MINEHASH,1,EDITTEXT,,"EDITTEXT        IDC_MINEHASH,52,99,247,12,ES_AUTOHSCROLL | ES_READONLY | NOT WS_BORDER",pending-review,,
src/Resources/TortoiseProcENG.rc,IDD_RESOLVESUBMODULECONFLICT,IDC_LOG2,1,PUSHBUTTON,Show log,"PUSHBUTTON      ""Show log"",IDC_LOG2,306,82,60,12",pending-review,,
src/Resources/TortoiseProcENG.rc,IDD_RESOLVESUBMODULECONFLICT,IDC_STATIC_SUBJECT2,1,LTEXT,Subject:,"LTEXT           ""Subject:"",IDC_STATIC_SUBJECT2,15,116,33,8",pending-review,,
src/Resources/TortoiseProcENG.rc,IDD_RESOLVESUBMODULECONFLICT,IDC_MINESUBJECT,1,EDITTEXT,,"EDITTEXT        IDC_MINESUBJECT,52,116,314,12,ES_MULTILINE | ES_AUTOHSCROLL | ES_READONLY | NOT WS_BORDER",pending-review,,
src/Resources/TortoiseProcENG.rc,IDD_RESOLVESUBMODULECONFLICT,IDC_TOGROUP2,1,GROUPBOX,Theirs,"GROUPBOX        ""Theirs"",IDC_TOGROUP2,7,137,368,65",pending-review,,
src/Resources/TortoiseProcENG.rc,IDD_RESOLVESUBMODULECONFLICT,IDC_STATIC_CHANGETYPE2,1,LTEXT,Type:,"LTEXT           ""Type:"",IDC_STATIC_CHANGETYPE2,15,151,33,8",pending-review,,
src/Resources/TortoiseProcENG.rc,IDD_RESOLVESUBMODULECONFLICT,IDC_THEIRSCHANGETYPE,1,LTEXT,,"LTEXT           """",IDC_THEIRSCHANGETYPE,52,151,147,12",pending-review,,
src/Resources/TortoiseProcENG.rc,IDD_RESOLVESUBMODULECONFLICT,IDC_BUTTON_UPDATE3,1,PUSHBUTTON,Use this,"PUSHBUTTON      ""Use this"",IDC_BUTTON_UPDATE3,306,168,60,12",pending-review,,
src/Resources/TortoiseProcENG.rc,IDD_RESOLVESUBMODULECONFLICT,IDC_STATIC_REVISION3,1,LTEXT,Revision:,"LTEXT           ""Revision:"",IDC_STATIC_REVISION3,15,168,33,8",pending-review,,
src/Resources/TortoiseProcENG.rc,IDD_RESOLVESUBMODULECONFLICT,IDC_THEIRSHASH,1,EDITTEXT,,"EDITTEXT        IDC_THEIRSHASH,52,168,247,12,ES_AUTOHSCROLL | ES_READONLY | NOT WS_BORDER",pending-review,,
src/Resources/TortoiseProcENG.rc,IDD_RESOLVESUBMODULECONFLICT,IDC_LOG3,1,PUSHBUTTON,Show log,"PUSHBUTTON      ""Show log"",IDC_LOG3,306,151,60,12",pending-review,,
src/Resources/TortoiseProcENG.rc,IDD_RESOLVESUBMODULECONFLICT,IDC_STATIC_SUBJECT3,1,LTEXT,Subject:,"LTEXT           ""Subject:"",IDC_STATIC_SUBJECT3,15,185,33,8",pending-review,,
src/Resources/TortoiseProcENG.rc,IDD_RESOLVESUBMODULECONFLICT,IDC_THEIRSSUBJECT,1,EDITTEXT,,"EDITTEXT        IDC_THEIRSSUBJECT,52,185,314,12,ES_MULTILINE | ES_AUTOHSCROLL | ES_READONLY | NOT WS_BORDER",pending-review,,
src/Resources/TortoiseProcENG.rc,IDD_FINDBAR,IDC_FINDEXIT,1,PUSHBUTTON,,"PUSHBUTTON      """",IDC_FINDEXIT,0,2,15,14,BS_ICON | NOT WS_TABSTOP",pending-review,,
src/Resources/TortoiseProcENG.rc,IDD_FINDBAR,IDC_STATIC,1,LTEXT,Find:,"LTEXT           ""Find:"",IDC_STATIC,19,5,41,8",pending-review,,
src/Resources/TortoiseProcENG.rc,IDD_FINDBAR,IDC_FINDTEXT,1,EDITTEXT,,"EDITTEXT        IDC_FINDTEXT,65,2,55,14,ES_AUTOHSCROLL",pending-review,,
src/Resources/TortoiseProcENG.rc,IDD_FINDBAR,IDC_FINDPREV,1,PUSHBUTTON,< &Previous,"PUSHBUTTON      ""< &Previous"",IDC_FINDPREV,125,2,80,14",pending-review,,
src/Resources/TortoiseProcENG.rc,IDD_FINDBAR,IDC_FINDNEXT,1,PUSHBUTTON,&Next >,"PUSHBUTTON      ""&Next >"",IDC_FINDNEXT,209,2,80,14",pending-review,,
src/Resources/TortoiseProcENG.rc,IDD_FINDBAR,IDC_MATCHCASECHECK,1,CONTROL,Match &case,"CONTROL         ""Match &case"",IDC_MATCHCASECHECK,""Button"",BS_AUTOCHECKBOX | WS_TABSTOP,293,4,78,10",pending-review,,
src/Resources/TortoiseProcENG.rc,IDD_COMMITISONREFS,IDC_LOG,1,PUSHBUTTON,Show log,"PUSHBUTTON      ""Show log"",IDC_LOG,242,23,52,14,WS_DISABLED",pending-review,,
src/Resources/TortoiseProcENG.rc,IDD_COMMITISONREFS,IDC_LIST_REF_LEAFS,1,CONTROL,,"CONTROL         """",IDC_LIST_REF_LEAFS,""SysListView32"",LVS_REPORT | LVS_SHOWSELALWAYS | LVS_ALIGNLEFT | LVS_NOCOLUMNHEADER | LVS_NOSORTHEADER | WS_BORDER | WS_TABSTOP,14,45,280,126",pending-review,,
src/Resources/TortoiseProcENG.rc,IDD_COMMITISONREFS,IDC_LABEL_FILTER,1,LTEXT,Filter: ,"LTEXT           ""Filter: "",IDC_LABEL_FILTER,14,176,50,8",pending-review,,
src/Resources/TortoiseProcENG.rc,IDD_COMMITISONREFS,IDC_FILTER,1,EDITTEXT,,"EDITTEXT        IDC_FILTER,70,173,224,14,ES_MULTILINE | ES_AUTOHSCROLL",pending-review,,
src/Resources/TortoiseProcENG.rc,IDD_COMMITISONREFS,IDC_COMMIT,1,EDITTEXT,,"EDITTEXT        IDC_COMMIT,15,7,256,14,ES_AUTOHSCROLL | ES_WANTRETURN",pending-review,,
src/Resources/TortoiseProcENG.rc,IDD_COMMITISONREFS,IDC_SELREF,1,PUSHBUTTON,,"PUSHBUTTON      """",IDC_SELREF,280,7,14,14",pending-review,,
src/Resources/TortoiseProcENG.rc,IDD_COMMITISONREFS,IDC_STATIC_SUBJECT,1,EDITTEXT,,"EDITTEXT        IDC_STATIC_SUBJECT,14,25,214,12,ES_MULTILINE | ES_AUTOHSCROLL | ES_READONLY | NOT WS_BORDER",pending-review,,
src/Resources/TortoiseProcENG.rc,IDD_FIRSTSTARTWIZARD_USER,IDC_STATIC,1,LTEXT,&Name:,"LTEXT           ""&Name:"",IDC_STATIC,17,42,47,8",pending-review,,
src/Resources/TortoiseProcENG.rc,IDD_FIRSTSTARTWIZARD_USER,IDC_GIT_USERNAME,1,EDITTEXT,,"EDITTEXT        IDC_GIT_USERNAME,71,40,150,12,ES_AUTOHSCROLL",pending-review,,
src/Resources/TortoiseProcENG.rc,IDD_FIRSTSTARTWIZARD_USER,IDC_STATIC,2,LTEXT,&Email:,"LTEXT           ""&Email:"",IDC_STATIC,17,60,50,8",pending-review,,
src/Resources/TortoiseProcENG.rc,IDD_FIRSTSTARTWIZARD_USER,IDC_GIT_USEREMAIL,1,EDITTEXT,,"EDITTEXT        IDC_GIT_USEREMAIL,71,57,150,12,ES_AUTOHSCROLL",pending-review,,
src/Resources/TortoiseProcENG.rc,IDD_FIRSTSTARTWIZARD_USER,IDC_DONTSAVE,1,CONTROL,&Don't store these settings now.,"CONTROL         ""&Don't store these settings now."",IDC_DONTSAVE,""Button"",BS_AUTOCHECKBOX | WS_TABSTOP,17,118,289,11",pending-review,,
src/Resources/TortoiseProcENG.rc,IDD_FIRSTSTARTWIZARD_USER,IDC_STATIC,3,LTEXT,Git requires that you set up a user name and email address. Both are used as meta data for your commits (not for authentication).,"LTEXT           ""Git requires that you set up a user name and email address. Both are used as meta data for your commits (not for authentication)."",IDC_STATIC,17,7,289,25",pending-review,,
src/Resources/TortoiseProcENG.rc,IDD_FIRSTSTARTWIZARD_USER,IDC_STATIC,4,LTEXT,These settings will be stored to your global git configuration (%HOME%/.gitconfig) and will be used for all your git repositories as a default.,"LTEXT           ""These settings will be stored to your global git configuration (%HOME%/.gitconfig) and will be used for all your git repositories as a default."",IDC_STATIC,17,81,289,30",pending-review,,
src/Resources/TortoiseProcENG.rc,IDD_FIRSTSTARTWIZARD_GIT,IDC_STATIC,1,LTEXT,"TortoiseGit requires a git.exe for its operations. TortoiseGit tries to automatically detect a working git.exe, but if that doesn't work or you want to use a different one please specify the path manually!","LTEXT           ""TortoiseGit requires a git.exe for its operations. TortoiseGit tries to automatically detect a working git.exe, but if that doesn't work or you want to use a different one please specify the path manually!"",IDC_STATIC,17,7,289,32",pending-review,,
src/Resources/TortoiseProcENG.rc,IDD_FIRSTSTARTWIZARD_GIT,IDC_STATIC,2,LTEXT,&Git.exe Path:,"LTEXT           ""&Git.exe Path:"",IDC_STATIC,18,50,58,8",pending-review,,
src/Resources/TortoiseProcENG.rc,IDD_FIRSTSTARTWIZARD_GIT,IDC_MSYSGIT_PATH,1,EDITTEXT,,"EDITTEXT        IDC_MSYSGIT_PATH,80,47,202,14,ES_AUTOHSCROLL",pending-review,,
src/Resources/TortoiseProcENG.rc,IDD_FIRSTSTARTWIZARD_GIT,IDC_MSYSGIT_BROWSE,1,PUSHBUTTON,...,"PUSHBUTTON      ""..."",IDC_MSYSGIT_BROWSE,287,47,19,14",pending-review,,
src/Resources/TortoiseProcENG.rc,IDD_FIRSTSTARTWIZARD_GIT,IDC_STATIC,3,LTEXT,&Extra PATH:,"LTEXT           ""&Extra PATH:"",IDC_STATIC,17,73,58,8",pending-review,,
src/Resources/TortoiseProcENG.rc,IDD_FIRSTSTARTWIZARD_GIT,IDC_MSYSGIT_EXTERN_PATH,1,EDITTEXT,,"EDITTEXT        IDC_MSYSGIT_EXTERN_PATH,80,70,202,14,ES_AUTOHSCROLL",pending-review,,
src/Resources/TortoiseProcENG.rc,IDD_FIRSTSTARTWIZARD_GIT,IDC_MSYSGIT_VER,1,LTEXT,,"LTEXT           """",IDC_MSYSGIT_VER,17,94,141,8",pending-review,,
src/Resources/TortoiseProcENG.rc,IDD_FIRSTSTARTWIZARD_GIT,IDC_MSYSGIT_CHECK,1,PUSHBUTTON,C&heck now,"PUSHBUTTON      ""C&heck now"",IDC_MSYSGIT_CHECK,210,91,72,14",pending-review,,
src/Resources/TortoiseProcENG.rc,IDD_FIRSTSTARTWIZARD_GIT,IDC_STATIC,4,LTEXT,Recommended: Git for Windows,"LTEXT           ""Recommended: Git for Windows"",IDC_STATIC,17,110,289,9",pending-review,,
src/Resources/TortoiseProcENG.rc,IDD_FIRSTSTARTWIZARD_GIT,IDC_LINK,1,LTEXT,,"LTEXT           """",IDC_LINK,17,121,289,10",pending-review,,
src/Resources/TortoiseProcENG.rc,IDD_FIRSTSTARTWIZARD_GIT,IDC_WORKAROUNDS,1,CONTROL,I don't use Git for Windows and need special workarounds,"CONTROL         ""I don't use Git for Windows and need special workarounds"",IDC_WORKAROUNDS, ""Button"",BS_AUTOCHECKBOX | NOT WS_VISIBLE | WS_DISABLED | WS_TABSTOP,17,136,289,11",pending-review,,
src/Resources/TortoiseProcENG.rc,IDD_FIRSTSTARTWIZARD_GIT,IDC_GITHACKS1,1,CONTROL,Enable special hack for Cygwin git,"CONTROL         ""Enable special hack for Cygwin git"",IDC_GITHACKS1, ""Button"",BS_AUTORADIOBUTTON | NOT WS_VISIBLE | WS_DISABLED,17,150,289,11",pending-review,,
src/Resources/TortoiseProcENG.rc,IDD_FIRSTSTARTWIZARD_GIT,IDC_GITHACKS2,1,CONTROL,Enable special hack for Msys2 git,"CONTROL         ""Enable special hack for Msys2 git"",IDC_GITHACKS2,""Button"",BS_AUTORADIOBUTTON | NOT WS_VISIBLE | WS_DISABLED,17,164,289,11",pending-review,,
src/Resources/TortoiseProcENG.rc,IDD_FIRSTSTARTWIZARD_AUTHENTICATION,IDC_STATIC,1,GROUPBOX,"SSH (URLs look like """"git@example.com"""")","GROUPBOX        ""SSH (URLs look like """"git@example.com"""")"",IDC_STATIC,7,7,308,84",pending-review,,
src/Resources/TortoiseProcENG.rc,IDD_FIRSTSTARTWIZARD_AUTHENTICATION,IDC_FIRSTSTART_SSHHINT,1,CONTROL,,"CONTROL         """",IDC_FIRSTSTART_SSHHINT,""SysLink"",LWS_NOPREFIX | WS_TABSTOP,17,17,289,56",pending-review,,
src/Resources/TortoiseProcENG.rc,IDD_FIRSTSTARTWIZARD_AUTHENTICATION,IDC_COMBO_SSHCLIENT,1,COMBOBOX,,"COMBOBOX        IDC_COMBO_SSHCLIENT,17,74,144,12,CBS_DROPDOWNLIST | WS_TABSTOP",pending-review,,
src/Resources/TortoiseProcENG.rc,IDD_FIRSTSTARTWIZARD_AUTHENTICATION,IDC_GENERATEPUTTYKEY,1,PUSHBUTTON,&Generate PuTTY  key pair,"PUSHBUTTON      ""&Generate PuTTY  key pair"",IDC_GENERATEPUTTYKEY,169,73,137,14",pending-review,,
src/Resources/TortoiseProcENG.rc,IDD_FIRSTSTARTWIZARD_AUTHENTICATION,IDC_STATIC,2,GROUPBOX,"HTTP (URLs start with """"http://"""" or """"https://"""")","GROUPBOX        ""HTTP (URLs start with """"http://"""" or """"https://"""")"",IDC_STATIC,7,92,308,95",pending-review,,
src/Resources/TortoiseProcENG.rc,IDD_FIRSTSTARTWIZARD_AUTHENTICATION,IDC_STATIC,3,LTEXT,"By default Git does not save/cache credentials. However, you can configure a credential helper (recommended) or manually use %HOME%/_netrc.","LTEXT           ""By default Git does not save/cache credentials. However, you can configure a credential helper (recommended) or manually use %HOME%/_netrc."",IDC_STATIC,17,103,289,25",pending-review,,
src/Resources/TortoiseProcENG.rc,IDD_FIRSTSTARTWIZARD_AUTHENTICATION,IDC_STATIC,4,LTEXT,&Credential helper:,"LTEXT           ""&Credential helper:"",IDC_STATIC,17,131,145,8",pending-review,,
src/Resources/TortoiseProcENG.rc,IDD_FIRSTSTARTWIZARD_AUTHENTICATION,IDC_COMBO_SIMPLECREDENTIAL,1,COMBOBOX,,"COMBOBOX        IDC_COMBO_SIMPLECREDENTIAL,189,128,117,12,CBS_DROPDOWNLIST | WS_TABSTOP",pending-review,,
src/Resources/TortoiseProcENG.rc,IDD_FIRSTSTARTWIZARD_AUTHENTICATION,IDC_DONTSAVE,1,CONTROL,&Don't store these settings now.,"CONTROL         ""&Don't store these settings now."",IDC_DONTSAVE,""Button"",BS_AUTOCHECKBOX | WS_TABSTOP,17,145,172,11",pending-review,,
src/Resources/TortoiseProcENG.rc,IDD_FIRSTSTARTWIZARD_AUTHENTICATION,IDC_ADVANCEDCONFIGURATION,1,PUSHBUTTON,&Advanced...,"PUSHBUTTON      ""&Advanced..."",IDC_ADVANCEDCONFIGURATION,189,144,117,12",pending-review,,
src/Resources/TortoiseProcENG.rc,IDD_FIRSTSTARTWIZARD_AUTHENTICATION,IDC_STATIC,5,LTEXT,These settings will be stored to your global git configuration (%HOME%/.gitconfig) and will be used for all your git repositories as a default.,"LTEXT           ""These settings will be stored to your global git configuration (%HOME%/.gitconfig) and will be used for all your git repositories as a default."",IDC_STATIC,17,160,289,25",pending-review,,
src/Resources/TortoiseProcENG.rc,IDD_FIRSTSTARTWIZARD_LANGUAGE,IDC_FIRSTSTART_HINT,1,CONTROL,,"CONTROL         """",IDC_FIRSTSTART_HINT,""SysLink"",LWS_NOPREFIX | WS_TABSTOP,17,7,289,67",pending-review,,
src/Resources/TortoiseProcENG.rc,IDD_FIRSTSTARTWIZARD_LANGUAGE,IDC_STATIC,1,LTEXT,&Language:,"LTEXT           ""&Language:"",IDC_STATIC,17,82,86,8",pending-review,,
src/Resources/TortoiseProcENG.rc,IDD_FIRSTSTARTWIZARD_LANGUAGE,IDC_LANGUAGECOMBO,1,COMBOBOX,,"COMBOBOX        IDC_LANGUAGECOMBO,111,80,129,64,CBS_DROPDOWNLIST | WS_VSCROLL | WS_TABSTOP",pending-review,,
src/Resources/TortoiseProcENG.rc,IDD_FIRSTSTARTWIZARD_LANGUAGE,IDC_LINK,1,LTEXT,,"LTEXT           """",IDC_LINK,17,110,289,10",pending-review,,
src/Resources/TortoiseProcENG.rc,IDD_FIRSTSTARTWIZARD_LANGUAGE,IDC_REFRESH,1,PUSHBUTTON,Refresh,"PUSHBUTTON      ""Refresh"",IDC_REFRESH,245,80,61,13",pending-review,,
src/Resources/TortoiseProcENG.rc,IDD_FIRSTSTARTWIZARD_LANGUAGE,IDC_STATIC,2,LTEXT,Download language packs:,"LTEXT           ""Download language packs:"",IDC_STATIC,17,100,289,8",pending-review,,
src/Resources/TortoiseProcENG.rc,IDD_SELECTREMOTEREF,IDC_STATIC,1,LTEXT,Remote:,"LTEXT           ""Remote:"",IDC_STATIC,7,7,28,8",pending-review,,
src/Resources/TortoiseProcENG.rc,IDD_SELECTREMOTEREF,IDC_EDIT_REMOTE,1,EDITTEXT,,"EDITTEXT        IDC_EDIT_REMOTE,104,7,182,14,ES_AUTOHSCROLL | ES_READONLY",pending-review,,
src/Resources/TortoiseProcENG.rc,IDD_SELECTREMOTEREF,IDC_STATIC,2,LTEXT,Remote &Branch:,"LTEXT           ""Remote &Branch:"",IDC_STATIC,7,26,97,8",pending-review,,
src/Resources/TortoiseProcENG.rc,IDD_SELECTREMOTEREF,IDC_REMOTE_BRANCH,1,CONTROL,,"CONTROL         """",IDC_REMOTE_BRANCH,""ComboBoxEx32"",CBS_DROPDOWN | CBS_AUTOHSCROLL | CBS_SORT | WS_VSCROLL | WS_TABSTOP,104,25,182,140",pending-review,,
src/Resources/TortoiseProcENG.rc,IDD_SELECTREMOTEREF,IDOK,1,DEFPUSHBUTTON,OK,"DEFPUSHBUTTON   ""OK"",IDOK,159,45,59,14,WS_DISABLED",pending-review,,
src/Resources/TortoiseProcENG.rc,IDD_SELECTREMOTEREF,IDCANCEL,1,PUSHBUTTON,Cancel,"PUSHBUTTON      ""Cancel"",IDCANCEL,227,45,59,14",pending-review,,
src/Resources/TortoiseProcENG.rc,IDD_SETTINGSWIN11CONTEXTMENU,IDC_STATIC,1,GROUPBOX,Top context menu on Windows 11,"GROUPBOX        ""Top context menu on Windows 11"",IDC_STATIC,7,7,286,216",pending-review,,
src/Resources/TortoiseProcENG.rc,IDD_SETTINGSWIN11CONTEXTMENU,IDC_STATIC,2,LTEXT,Unchecked items are not shown in the top menu but only in the original menu,"LTEXT           ""Unchecked items are not shown in the top menu but only in the original menu"",IDC_STATIC,12,16,274,18,SS_CENTERIMAGE",pending-review,,
src/Resources/TortoiseProcENG.rc,IDD_SETTINGSWIN11CONTEXTMENU,IDC_MENULIST,1,CONTROL,,"CONTROL         """",IDC_MENULIST,""SysListView32"",LVS_REPORT | LVS_SINGLESEL | LVS_ALIGNLEFT | LVS_NOCOLUMNHEADER | WS_BORDER | WS_TABSTOP,12,37,274,146",pending-review,,
src/Resources/TortoiseProcENG.rc,IDD_SETTINGSWIN11CONTEXTMENU,IDC_SELECTALL,1,CONTROL,Select/deselect &all,"CONTROL         ""Select/deselect &all"",IDC_SELECTALL,""Button"",BS_AUTO3STATE | WS_TABSTOP,12,187,106,14",pending-review,,
src/Resources/TortoiseProcENG.rc,IDD_SETTINGSWIN11CONTEXTMENU,IDC_RESTORE,1,PUSHBUTTON,Restore Default,"PUSHBUTTON      ""Restore Default"",IDC_RESTORE,183,187,103,14",pending-review,,
src/Resources/TortoiseProcENG.rc,IDD_SETTINGSWIN11CONTEXTMENU,IDC_REGISTER,1,PUSHBUTTON,Register context menu,"PUSHBUTTON      ""Register context menu"",IDC_REGISTER,183,204,103,14",pending-review,,
src/Resources/TortoiseProcENG.rc,IDD_WORKTREE_CREATE,IDC_GROUP_BRANCH,1,GROUPBOX,&Location,"GROUPBOX        ""&Location"",IDC_GROUP_BRANCH,7,4,282,31",pending-review,,
src/Resources/TortoiseProcENG.rc,IDD_WORKTREE_CREATE,IDC_LABEL_BRANCH,1,LTEXT,Directory:,"LTEXT           ""Directory:"",IDC_LABEL_BRANCH,21,16,55,8",pending-review,,
src/Resources/TortoiseProcENG.rc,IDD_WORKTREE_CREATE,IDC_WORKTREE_DIR,1,EDITTEXT,,"EDITTEXT        IDC_WORKTREE_DIR,62,14,138,14,ES_AUTOHSCROLL",pending-review,,
src/Resources/TortoiseProcENG.rc,IDD_WORKTREE_CREATE,IDC_BUTTON_DIR,1,PUSHBUTTON,Bro&wse...,"PUSHBUTTON      ""Bro&wse..."",IDC_BUTTON_DIR,211,14,67,15",pending-review,,
src/Resources/TortoiseProcENG.rc,IDD_WORKTREE_CREATE,IDC_GROUP_BASEON,1,GROUPBOX,Base On,"GROUPBOX        ""Base On"",IDC_GROUP_BASEON,7,37,282,75",pending-review,,
src/Resources/TortoiseProcENG.rc,IDD_WORKTREE_CREATE,IDC_RADIO_HEAD,1,CONTROL,&HEAD,"CONTROL         ""&HEAD"",IDC_RADIO_HEAD,""Button"",BS_AUTORADIOBUTTON,19,49,240,10",pending-review,,
src/Resources/TortoiseProcENG.rc,IDD_WORKTREE_CREATE,IDC_RADIO_BRANCH,1,CONTROL,&Branch,"CONTROL         ""&Branch"",IDC_RADIO_BRANCH,""Button"",BS_AUTORADIOBUTTON,19,63,59,10",pending-review,,
src/Resources/TortoiseProcENG.rc,IDD_WORKTREE_CREATE,IDC_COMBOBOXEX_BRANCH,1,CONTROL,,"CONTROL         """",IDC_COMBOBOXEX_BRANCH,""ComboBoxEx32"",CBS_DROPDOWNLIST | CBS_AUTOHSCROLL | CBS_SORT | WS_VSCROLL | WS_TABSTOP,84,62,172,160",pending-review,,
src/Resources/TortoiseProcENG.rc,IDD_WORKTREE_CREATE,IDC_BUTTON_BROWSE_REF,1,PUSHBUTTON,...,"PUSHBUTTON      ""..."",IDC_BUTTON_BROWSE_REF,264,62,14,14",pending-review,,
src/Resources/TortoiseProcENG.rc,IDD_WORKTREE_CREATE,IDC_RADIO_TAGS,1,CONTROL,&Tag,"CONTROL         ""&Tag"",IDC_RADIO_TAGS,""Button"",BS_AUTORADIOBUTTON,19,78,59,10",pending-review,,
src/Resources/TortoiseProcENG.rc,IDD_WORKTREE_CREATE,IDC_COMBOBOXEX_TAGS,1,CONTROL,,"CONTROL         """",IDC_COMBOBOXEX_TAGS,""ComboBoxEx32"",CBS_DROPDOWNLIST | CBS_AUTOHSCROLL | CBS_SORT | WS_VSCROLL | WS_TABSTOP,84,77,172,145",pending-review,,
src/Resources/TortoiseProcENG.rc,IDD_WORKTREE_CREATE,IDC_RADIO_VERSION,1,CONTROL,&Commit,"CONTROL         ""&Commit"",IDC_RADIO_VERSION,""Button"",BS_AUTORADIOBUTTON,19,93,59,10",pending-review,,
src/Resources/TortoiseProcENG.rc,IDD_WORKTREE_CREATE,IDC_COMBOBOXEX_VERSION,1,CONTROL,,"CONTROL         """",IDC_COMBOBOXEX_VERSION,""ComboBoxEx32"",CBS_DROPDOWN | CBS_AUTOHSCROLL | CBS_SORT | WS_VSCROLL | WS_TABSTOP,84,93,172,130",pending-review,,
src/Resources/TortoiseProcENG.rc,IDD_WORKTREE_CREATE,IDC_BUTTON_SHOW,1,PUSHBUTTON,...,"PUSHBUTTON      ""..."",IDC_BUTTON_SHOW,264,93,14,14",pending-review,,
src/Resources/TortoiseProcENG.rc,IDD_WORKTREE_CREATE,IDC_GROUP_OPTION,1,GROUPBOX,Options,"GROUPBOX        ""Options"",IDC_GROUP_OPTION,7,116,282,46",pending-review,,
src/Resources/TortoiseProcENG.rc,IDD_WORKTREE_CREATE,IDC_CHECK_BRANCH,1,CONTROL,Create &New Branch,"CONTROL         ""Create &New Branch"",IDC_CHECK_BRANCH,""Button"",BS_AUTOCHECKBOX | WS_TABSTOP,19,128,88,10",pending-review,,
src/Resources/TortoiseProcENG.rc,IDD_WORKTREE_CREATE,IDC_EDIT_BRANCH,1,EDITTEXT,,"EDITTEXT        IDC_EDIT_BRANCH,112,126,146,14,ES_AUTOHSCROLL",pending-review,,
src/Resources/TortoiseProcENG.rc,IDD_WORKTREE_CREATE,IDC_CHECK_CHECKOUT,1,CONTROL,&Checkout,"CONTROL         ""&Checkout"",IDC_CHECK_CHECKOUT,""Button"",BS_AUTOCHECKBOX | WS_TABSTOP,19,145,70,10",pending-review,,
src/Resources/TortoiseProcENG.rc,IDD_WORKTREE_CREATE,IDC_CHECK_FORCE,1,CONTROL,&Force,"CONTROL         ""&Force"",IDC_CHECK_FORCE,""Button"",BS_AUTOCHECKBOX | WS_TABSTOP,92,145,66,10",pending-review,,
src/Resources/TortoiseProcENG.rc,IDD_WORKTREE_CREATE,IDC_CHECK_DETACH,1,CONTROL,&Detach,"CONTROL         ""&Detach"",IDC_CHECK_DETACH,""Button"",BS_AUTOCHECKBOX | WS_TABSTOP,163,145,118,10",pending-review,,
src/Resources/TortoiseProcENG.rc,IDD_WORKTREE_CREATE,IDOK,1,DEFPUSHBUTTON,OK,"DEFPUSHBUTTON   ""OK"",IDOK,128,167,50,14",pending-review,,
src/Resources/TortoiseProcENG.rc,IDD_WORKTREE_CREATE,IDCANCEL,1,PUSHBUTTON,Cancel,"PUSHBUTTON      ""Cancel"",IDCANCEL,184,167,50,14",pending-review,,
src/Resources/TortoiseProcENG.rc,IDD_WORKTREE_CREATE,IDHELP,1,PUSHBUTTON,Help,"PUSHBUTTON      ""Help"",IDHELP,239,167,50,14",pending-review,,
src/Resources/TortoiseProcENG.rc,IDD_WORKTREE_LIST,IDC_WORKTREE_LIST,1,CONTROL,,"CONTROL         """",IDC_WORKTREE_LIST,""SysListView32"",LVS_REPORT | LVS_SHOWSELALWAYS | LVS_SHAREIMAGELISTS | LVS_ALIGNLEFT | WS_BORDER | WS_TABSTOP,7,7,336,102,WS_EX_CLIENTEDGE",pending-review,,
src/Resources/TortoiseProcENG.rc,IDD_WORKTREE_LIST,IDC_BUTTON_ADD,1,PUSHBUTTON,&Add,"PUSHBUTTON      ""&Add"",IDC_BUTTON_ADD,7,113,50,14",pending-review,,
src/Resources/TortoiseProcENG.rc,IDD_WORKTREE_LIST,IDC_BUTTON_PRUNE,1,PUSHBUTTON,&Prune,"PUSHBUTTON      ""&Prune"",IDC_BUTTON_PRUNE,62,113,50,14",pending-review,,
src/Resources/TortoiseProcENG.rc,IDD_WORKTREE_LIST,IDOK,1,DEFPUSHBUTTON,OK,"DEFPUSHBUTTON   ""OK"",IDOK,237,113,50,14",pending-review,,
src/Resources/TortoiseProcENG.rc,IDD_WORKTREE_LIST,IDHELP,1,PUSHBUTTON,Help,"PUSHBUTTON      ""Help"",IDHELP,293,113,50,14",pending-review,,
src/SshAskPass/SshAskPass.rc,IDD_ASK_PASSWORD,IDC_PASSWORD,1,EDITTEXT,,"EDITTEXT        IDC_PASSWORD,7,27,215,12,ES_PASSWORD | ES_AUTOHSCROLL",pending-review,,
src/SshAskPass/SshAskPass.rc,IDD_ASK_PASSWORD,IDOK,1,DEFPUSHBUTTON,OK,"DEFPUSHBUTTON   ""OK"",IDOK,55,44,50,14",pending-review,,
src/SshAskPass/SshAskPass.rc,IDD_ASK_PASSWORD,IDCANCEL,1,PUSHBUTTON,Cancel,"PUSHBUTTON      ""Cancel"",IDCANCEL,128,44,50,14",pending-review,,
src/SshAskPass/SshAskPass.rc,IDD_ASK_PASSWORD,IDC_STATIC_TITLE,1,LTEXT,Static,"LTEXT           ""Static"",IDC_STATIC_TITLE,7,9,215,11,SS_NOPREFIX",pending-review,,
src/TortoiseIDiff/TortoiseIDiff.rc,IDD_OPEN,IDC_STATIC,1,LTEXT,Left image,"LTEXT           ""Left image"",IDC_STATIC,7,9,59,8",pending-review,,
src/TortoiseIDiff/TortoiseIDiff.rc,IDD_OPEN,IDC_LEFTIMAGE,1,EDITTEXT,,"EDITTEXT        IDC_LEFTIMAGE,66,7,187,14,ES_AUTOHSCROLL",pending-review,,
src/TortoiseIDiff/TortoiseIDiff.rc,IDD_OPEN,IDC_LEFTBROWSE,1,PUSHBUTTON,...,"PUSHBUTTON      ""..."",IDC_LEFTBROWSE,258,7,21,14",pending-review,,
src/TortoiseIDiff/TortoiseIDiff.rc,IDD_OPEN,IDC_STATIC,2,LTEXT,Right image,"LTEXT           ""Right image"",IDC_STATIC,7,33,59,8",pending-review,,
src/TortoiseIDiff/TortoiseIDiff.rc,IDD_OPEN,IDC_RIGHTIMAGE,1,EDITTEXT,,"EDITTEXT        IDC_RIGHTIMAGE,66,31,187,14,ES_AUTOHSCROLL",pending-review,,
src/TortoiseIDiff/TortoiseIDiff.rc,IDD_OPEN,IDC_RIGHTBROWSE,1,PUSHBUTTON,...,"PUSHBUTTON      ""..."",IDC_RIGHTBROWSE,258,31,21,14",pending-review,,
src/TortoiseIDiff/TortoiseIDiff.rc,IDD_OPEN,IDOK,1,DEFPUSHBUTTON,OK,"DEFPUSHBUTTON   ""OK"",IDOK,169,57,50,14",pending-review,,
src/TortoiseIDiff/TortoiseIDiff.rc,IDD_OPEN,IDCANCEL,1,PUSHBUTTON,Cancel,"PUSHBUTTON      ""Cancel"",IDCANCEL,229,57,50,14",pending-review,,
src/TortoiseIDiff/TortoiseIDiff.rc,IDD_ABOUT,IDOK,1,DEFPUSHBUTTON,OK,"DEFPUSHBUTTON   ""OK"",IDOK,201,65,50,14",pending-review,,
src/TortoiseIDiff/TortoiseIDiff.rc,IDD_ABOUT,IDC_STATIC,1,ICON,IDI_TORTOISEIDIFF,"ICON            IDI_TORTOISEIDIFF,IDC_STATIC,15,15,21,20",pending-review,,
src/TortoiseIDiff/TortoiseIDiff.rc,IDD_ABOUT,IDC_STATIC,2,LTEXT,"TortoiseGitIDiff - An image diff tool, part of TortoiseGit","LTEXT           ""TortoiseGitIDiff - An image diff tool, part of TortoiseGit"",IDC_STATIC,53,15,198,21",pending-review,,
src/TortoiseIDiff/TortoiseIDiff.rc,IDD_ABOUT,IDC_ABOUTVERSION,1,LTEXT,Version,"LTEXT           ""Version"",IDC_ABOUTVERSION,53,42,198,8",pending-review,,
src/TortoiseIDiff/TortoiseIDiff.rc,IDD_ABOUT,IDC_WEBLINK,1,LTEXT,Based on TortoiseIDiff of TortoiseSVN,"LTEXT           ""Based on TortoiseIDiff of TortoiseSVN"",IDC_WEBLINK,53,71,140,8",pending-review,,
src/TortoisePlink/Windows/TortoisePlink.rc,IDD_LOGIN,IDOK,1,DEFPUSHBUTTON,OK,"DEFPUSHBUTTON   ""OK"",IDOK,40,50,50,14",pending-review,,
src/TortoisePlink/Windows/TortoisePlink.rc,IDD_LOGIN,IDCANCEL,1,PUSHBUTTON,Cancel,"PUSHBUTTON      ""Cancel"",IDCANCEL,100,50,50,14",pending-review,,
src/TortoisePlink/Windows/TortoisePlink.rc,IDD_LOGIN,IDC_LOGIN_PROMPT,1,LTEXT,Password,"LTEXT           ""Password"",IDC_LOGIN_PROMPT,7,7,190,8",pending-review,,
src/TortoisePlink/Windows/TortoisePlink.rc,IDD_LOGIN,IDC_LOGIN_PASSWORD,1,EDITTEXT,,"EDITTEXT        IDC_LOGIN_PASSWORD,7,26,185,14,ES_PASSWORD | ES_AUTOHSCROLL",pending-review,,
src/TortoiseShell/resourceshell.rc,IDD_PROPPAGE,IDC_STATIC,1,LTEXT,Current Branch:,"LTEXT           ""Current Branch:"",IDC_STATIC,4,9,59,8",pending-review,,
src/TortoiseShell/resourceshell.rc,IDD_PROPPAGE,IDC_SHELL_CURRENT_BRANCH,1,EDITTEXT,,"EDITTEXT        IDC_SHELL_CURRENT_BRANCH,91,9,142,12,ES_AUTOHSCROLL | ES_READONLY | NOT WS_BORDER,WS_EX_TRANSPARENT",pending-review,,
src/TortoiseShell/resourceshell.rc,IDD_PROPPAGE,IDC_ESCAPEDURLLABEL,1,LTEXT,Tracked Remote Branch:,"LTEXT           ""Tracked Remote Branch:"",IDC_ESCAPEDURLLABEL,4,21,85,8",pending-review,,
src/TortoiseShell/resourceshell.rc,IDD_PROPPAGE,IDC_SHELL_REMOTE_BRANCH,1,EDITTEXT,,"EDITTEXT        IDC_SHELL_REMOTE_BRANCH,91,21,139,12,ES_AUTOHSCROLL | ES_READONLY | NOT WS_BORDER",pending-review,,
src/TortoiseShell/resourceshell.rc,IDD_PROPPAGE,IDC_STATIC,2,LTEXT,Tracked Remote URL:,"LTEXT           ""Tracked Remote URL:"",IDC_STATIC,4,33,85,8",pending-review,,
src/TortoiseShell/resourceshell.rc,IDD_PROPPAGE,IDC_SHELL_REMOTE_URL,1,EDITTEXT,,"EDITTEXT        IDC_SHELL_REMOTE_URL,91,33,142,12,ES_AUTOHSCROLL | ES_READONLY | NOT WS_BORDER,WS_EX_TRANSPARENT",pending-review,,
src/TortoiseShell/resourceshell.rc,IDD_PROPPAGE,IDC_STATIC,3,LTEXT,HEAD:,"LTEXT           ""HEAD:"",IDC_STATIC,4,45,76,8",pending-review,,
src/TortoiseShell/resourceshell.rc,IDD_PROPPAGE,IDC_HEAD_HASH,1,EDITTEXT,,"EDITTEXT        IDC_HEAD_HASH,80,45,163,12,ES_AUTOHSCROLL | ES_READONLY | NOT WS_BORDER,WS_EX_TRANSPARENT",pending-review,,
src/TortoiseShell/resourceshell.rc,IDD_PROPPAGE,IDC_HEAD_SUBJECT,1,EDITTEXT,,"EDITTEXT        IDC_HEAD_SUBJECT,80,57,163,12,ES_AUTOHSCROLL | ES_READONLY | NOT WS_BORDER,WS_EX_TRANSPARENT",pending-review,,
src/TortoiseShell/resourceshell.rc,IDD_PROPPAGE,IDC_HEAD_AUTHOR,1,EDITTEXT,,"EDITTEXT        IDC_HEAD_AUTHOR,80,69,163,12,ES_AUTOHSCROLL | ES_READONLY | NOT WS_BORDER,WS_EX_TRANSPARENT",pending-review,,
src/TortoiseShell/resourceshell.rc,IDD_PROPPAGE,IDC_HEAD_DATE,1,EDITTEXT,,"EDITTEXT        IDC_HEAD_DATE,80,81,163,12,ES_AUTOHSCROLL | ES_READONLY | NOT WS_BORDER,WS_EX_TRANSPARENT",pending-review,,
src/TortoiseShell/resourceshell.rc,IDD_PROPPAGE,IDC_STATIC_LASTMODIFIED,1,LTEXT,Last Modified:,"LTEXT           ""Last Modified:"",IDC_STATIC_LASTMODIFIED,4,97,76,8",pending-review,,
src/TortoiseShell/resourceshell.rc,IDD_PROPPAGE,IDC_LAST_HASH,1,EDITTEXT,,"EDITTEXT        IDC_LAST_HASH,80,97,163,12,ES_AUTOHSCROLL | ES_READONLY | NOT WS_BORDER,WS_EX_TRANSPARENT",pending-review,,
src/TortoiseShell/resourceshell.rc,IDD_PROPPAGE,IDC_LAST_SUBJECT,1,EDITTEXT,,"EDITTEXT        IDC_LAST_SUBJECT,80,108,163,12,ES_AUTOHSCROLL | ES_READONLY | NOT WS_BORDER,WS_EX_TRANSPARENT",pending-review,,
src/TortoiseShell/resourceshell.rc,IDD_PROPPAGE,IDC_LAST_AUTHOR,1,EDITTEXT,,"EDITTEXT        IDC_LAST_AUTHOR,80,121,163,12,ES_AUTOHSCROLL | ES_READONLY | NOT WS_BORDER,WS_EX_TRANSPARENT",pending-review,,
src/TortoiseShell/resourceshell.rc,IDD_PROPPAGE,IDC_LAST_DATE,1,EDITTEXT,,"EDITTEXT        IDC_LAST_DATE,80,132,163,12,ES_AUTOHSCROLL | ES_READONLY | NOT WS_BORDER,WS_EX_TRANSPARENT",pending-review,,
src/TortoiseShell/resourceshell.rc,IDD_PROPPAGE,IDC_ASSUMEVALID,1,CONTROL,Assume valid/unchanged,"CONTROL         ""Assume valid/unchanged"",IDC_ASSUMEVALID,""Button"",BS_AUTOCHECKBOX | WS_TABSTOP,4,145,116,10",pending-review,,
src/TortoiseShell/resourceshell.rc,IDD_PROPPAGE,IDC_EXECUTABLE,1,CONTROL,Executable (+x),"CONTROL         ""Executable (+x)"",IDC_EXECUTABLE,""Button"",BS_AUTOCHECKBOX | WS_TABSTOP,120,145,116,10",pending-review,,
src/TortoiseShell/resourceshell.rc,IDD_PROPPAGE,IDC_SKIPWORKTREE,1,CONTROL,Skip worktree,"CONTROL         ""Skip worktree"",IDC_SKIPWORKTREE,""Button"",BS_AUTOCHECKBOX | WS_TABSTOP,4,157,116,10",pending-review,,
src/TortoiseShell/resourceshell.rc,IDD_PROPPAGE,IDC_SYMLINK,1,CONTROL,Symlink,"CONTROL         ""Symlink"",IDC_SYMLINK,""Button"",BS_AUTOCHECKBOX | WS_TABSTOP,120,157,116,10",pending-review,,
src/TortoiseShell/resourceshell.rc,IDD_PROPPAGE,IDC_STATIC,4,GROUPBOX,Config,"GROUPBOX        ""Config"",IDC_STATIC,4,169,239,66",pending-review,,
src/TortoiseShell/resourceshell.rc,IDD_PROPPAGE,IDC_STATIC,5,LTEXT,AutoCrLf:,"LTEXT           ""AutoCrLf:"",IDC_STATIC,13,181,76,8",pending-review,,
src/TortoiseShell/resourceshell.rc,IDD_PROPPAGE,IDC_CONFIG_AUTOCRLF,1,EDITTEXT,,"EDITTEXT        IDC_CONFIG_AUTOCRLF,98,181,136,12,ES_AUTOHSCROLL | ES_READONLY | NOT WS_BORDER",pending-review,,
src/TortoiseShell/resourceshell.rc,IDD_PROPPAGE,IDC_STATIC,6,LTEXT,SafeCrLf:,"LTEXT           ""SafeCrLf:"",IDC_STATIC,13,193,76,8",pending-review,,
src/TortoiseShell/resourceshell.rc,IDD_PROPPAGE,IDC_CONFIG_SAFECRLF,1,EDITTEXT,,"EDITTEXT        IDC_CONFIG_SAFECRLF,98,193,136,12,ES_AUTOHSCROLL | ES_READONLY | NOT WS_BORDER",pending-review,,
src/TortoiseShell/resourceshell.rc,IDD_PROPPAGE,IDC_STATIC,7,LTEXT,User Name:,"LTEXT           ""User Name:"",IDC_STATIC,13,205,76,8",pending-review,,
src/TortoiseShell/resourceshell.rc,IDD_PROPPAGE,IDC_CONFIG_USERNAME,1,EDITTEXT,,"EDITTEXT        IDC_CONFIG_USERNAME,98,205,136,12,ES_AUTOHSCROLL | ES_READONLY | NOT WS_BORDER",pending-review,,
src/TortoiseShell/resourceshell.rc,IDD_PROPPAGE,IDC_STATIC,8,LTEXT,User Email:,"LTEXT           ""User Email:"",IDC_STATIC,13,217,76,8",pending-review,,
src/TortoiseShell/resourceshell.rc,IDD_PROPPAGE,IDC_CONFIG_USEREMAIL,1,EDITTEXT,,"EDITTEXT        IDC_CONFIG_USEREMAIL,98,217,136,12,ES_AUTOHSCROLL | ES_READONLY | NOT WS_BORDER",pending-review,,
src/TortoiseShell/resourceshell.rc,IDD_PROPPAGE,IDC_SHOWSETTINGS,1,PUSHBUTTON,Settings,"PUSHBUTTON      ""Settings"",IDC_SHOWSETTINGS,4,249,111,14",pending-review,,
src/TortoiseShell/resourceshell.rc,IDD_PROPPAGE,IDC_SHOWLOG,1,PUSHBUTTON,Show &log,"PUSHBUTTON      ""Show &log"",IDC_SHOWLOG,132,249,111,14",pending-review,,
src/TortoiseUDiff/TortoiseUDiff.rc,IDD_FINDBAR,IDC_FINDEXIT,1,PUSHBUTTON,,"PUSHBUTTON      """",IDC_FINDEXIT,0,2,15,14,BS_ICON | NOT WS_TABSTOP",pending-review,,
src/TortoiseUDiff/TortoiseUDiff.rc,IDD_FINDBAR,IDC_STATIC,1,LTEXT,Find:,"LTEXT           ""Find:"",IDC_STATIC,19,5,41,8",pending-review,,
src/TortoiseUDiff/TortoiseUDiff.rc,IDD_FINDBAR,IDC_FINDTEXT,1,EDITTEXT,,"EDITTEXT        IDC_FINDTEXT,65,2,55,14,ES_AUTOHSCROLL",pending-review,,
src/TortoiseUDiff/TortoiseUDiff.rc,IDD_FINDBAR,IDC_FINDPREV,1,PUSHBUTTON,< &Previous,"PUSHBUTTON      ""< &Previous"",IDC_FINDPREV,125,2,80,14",pending-review,,
src/TortoiseUDiff/TortoiseUDiff.rc,IDD_FINDBAR,IDC_FINDNEXT,1,PUSHBUTTON,&Next >,"PUSHBUTTON      ""&Next >"",IDC_FINDNEXT,209,2,80,14",pending-review,,
src/TortoiseUDiff/TortoiseUDiff.rc,IDD_FINDBAR,IDC_MATCHCASECHECK,1,CONTROL,Match &case,"CONTROL         ""Match &case"",IDC_MATCHCASECHECK,""Button"",BS_AUTOCHECKBOX | WS_TABSTOP,293,4,78,10",pending-review,,
test/Cache/Cache.rc,IDD_CACHE_DIALOG,IDOK,1,DEFPUSHBUTTON,Run Status Test,"DEFPUSHBUTTON   ""Run Status Test"",IDOK,161,106,73,16",pending-review,,
test/Cache/Cache.rc,IDD_CACHE_DIALOG,IDCANCEL,1,PUSHBUTTON,Cancel,"PUSHBUTTON      ""Cancel"",IDCANCEL,38,106,50,16",pending-review,,
test/Cache/Cache.rc,IDD_CACHE_DIALOG,IDC_STATIC,1,LTEXT,Getting Status for:,"LTEXT           ""Getting Status for:"",IDC_STATIC,7,35,81,8",pending-review,,
test/Cache/Cache.rc,IDD_CACHE_DIALOG,IDC_FILEPATH,1,LTEXT,,"LTEXT           """",IDC_FILEPATH,88,35,225,8",pending-review,,
test/Cache/Cache.rc,IDD_CACHE_DIALOG,IDC_STATIC,2,LTEXT,Done:,"LTEXT           ""Done:"",IDC_STATIC,7,50,81,8",pending-review,,
test/Cache/Cache.rc,IDD_CACHE_DIALOG,IDC_DONE,1,LTEXT,,"LTEXT           """",IDC_DONE,88,50,225,8",pending-review,,
test/Cache/Cache.rc,IDD_CACHE_DIALOG,IDC_STATIC,3,LTEXT,Start Time:,"LTEXT           ""Start Time:"",IDC_STATIC,7,66,81,8",pending-review,,
test/Cache/Cache.rc,IDD_CACHE_DIALOG,IDC_STARTTIME,1,LTEXT,,"LTEXT           """",IDC_STARTTIME,88,67,225,8",pending-review,,
test/Cache/Cache.rc,IDD_CACHE_DIALOG,IDC_STATIC,4,LTEXT,End Time:,"LTEXT           ""End Time:"",IDC_STATIC,7,82,81,8",pending-review,,
test/Cache/Cache.rc,IDD_CACHE_DIALOG,IDC_ENDTIME,1,LTEXT,,"LTEXT           """",IDC_ENDTIME,88,83,225,8",pending-review,,
test/Cache/Cache.rc,IDD_CACHE_DIALOG,IDC_ROOTPATH,1,EDITTEXT,,"EDITTEXT        IDC_ROOTPATH,7,7,306,14,ES_AUTOHSCROLL",pending-review,,
test/Cache/Cache.rc,IDD_CACHE_DIALOG,IDC_WATCHTESTBUTTON,1,PUSHBUTTON,Run Watcher Test,"PUSHBUTTON      ""Run Watcher Test"",IDC_WATCHTESTBUTTON,244,108,69,14",pending-review,,
